organization_id,organization_name,organization_pref_id,feed_id,feed_name,feed_pref_id,latest_feed_start_date,latest_feed_end_date,feed_is_discontinued,feed_discontinued_date,feed_license,feed_license_url,last_published_at,last_updated_at,real_time
gan-wu,岩宇地域公共交通活性化協議会,99,shiokazeline,しおかぜライン,1,2025-10-01,2026-09-30,False,,CC BY 4.0,https://creativecommons.org/licenses/by/4.0/deed.ja,2025-09-22,2025-09-22,"{'trip_update_url': '', 'vehicle_position_url': '', 'alert_url': '', 'update_interval': 0}"
ishikariwanshinko,石狩湾新港地域公共交通サービス推進協議会,99,on-demandtransit_itsumo,石狩市AIデマンド交通「いつモ」,1,2026-06-23,2027-03-31,False,,CC0 1.0,https://creativecommons.org/publicdomain/zero/1.0/deed.ja,2026-06-23,2026-06-23,"{'trip_update_url': '', 'vehicle_position_url': '', 'alert_url': '', 'update_interval': 15}"
kamishihorotown,上士幌町,99,kamishihoro,上士幌町コミュニティバス,1,2025-12-01,2026-10-31,False,,CC BY 4.0,https://creativecommons.org/licenses/by/4.0/deed.ja,2025-12-02,2025-12-02,"{'trip_update_url': '', 'vehicle_position_url': '', 'alert_url': '', 'update_interval': 0}"
kamishihorotown,上士幌町,99,kamishihoro-self-bus,上士幌町自動運転バス,1,2025-11-28,2026-10-31,False,,CC BY 4.0,https://creativecommons.org/licenses/by/4.0/deed.ja,2025-12-02,2025-12-02,"{'trip_update_url': '', 'vehicle_position_url': '', 'alert_url': '', 'update_interval': 0}"
nemurokotsu,根室交通株式会社,99,nemurobus,根室交通株式会社,1,2026-05-26,2027-05-25,False,,CC0 1.0,https://creativecommons.org/publicdomain/zero/1.0/deed.ja,2026-05-26,2026-05-26,"{'trip_update_url': '', 'vehicle_position_url': '', 'alert_url': '', 'update_interval': 0}"
fukauratown,深浦町,99,fukaura-town-communitybus,深浦町コミュニティバス,2,2026-04-01,2027-03-31,False,,CC BY 4.0,https://creativecommons.org/licenses/by/4.0/deed.ja,2026-04-20,2026-04-20,"{'trip_update_url': '', 'vehicle_position_url': '', 'alert_url': '', 'update_interval': 0}"
goshogawaracity,五所川原市,99,goshogawara-communitybus,五所川原市コミュニティバス,2,2026-07-01,2027-03-31,False,,CC BY 4.0,https://creativecommons.org/licenses/by/4.0/deed.ja,2026-07-15,2026-07-15,"{'trip_update_url': '', 'vehicle_position_url': '', 'alert_url': '', 'update_interval': 0}"
hachinohe,八戸市交通部,99,hachinohe-citybus,八戸市営バス,2,2026-04-01,2027-03-31,False,,CC BY 4.0,https://creativecommons.org/licenses/by/4.0/deed.ja,2026-03-31,2026-03-31,"{'trip_update_url': '', 'vehicle_position_url': '', 'alert_url': '', 'update_interval': 0}"
hachinohecity,八戸市,99,hachinohe-nango,八戸市南郷コミュニティバス,2,2026-03-10,2027-03-31,False,,CC BY 4.0,https://creativecommons.org/licenses/by/4.0/deed.ja,2026-03-25,2026-03-25,"{'trip_update_url': '', 'vehicle_position_url': '', 'alert_url': '', 'update_interval': 0}"
hashikamitown,階上町,99,hashikamibus,階上町コミュニティバス,2,2026-04-01,2027-03-31,False,,CC0 1.0,https://creativecommons.org/publicdomain/zero/1.0/deed.ja,2026-03-27,2026-03-27,"{'trip_update_url': '', 'vehicle_position_url': '', 'alert_url': '', 'update_interval': 0}"
hirakawacity,平川市,99,hirakawa-sharedtaxi,予約型乗り合いタクシー東部・平賀線,2,2025-11-02,2026-11-01,False,,CC BY 4.0,https://creativecommons.org/licenses/by/4.0/deed.ja,2026-03-26,2026-03-26,"{'trip_update_url': '', 'vehicle_position_url': '', 'alert_url': '', 'update_interval': 0}"
hirakawacity,平川市,99,hirakwacitybus,平川市碇ヶ関・平賀線バス,2,2026-03-09,2027-03-31,False,,CC BY 4.0,https://creativecommons.org/licenses/by/4.0/deed.ja,2026-03-27,2026-03-27,"{'trip_update_url': '', 'vehicle_position_url': '', 'alert_url': '', 'update_interval': 0}"
hiranaitown,平内町,99,hiranaitownbus,平内町民バス,2,2026-03-14,2027-03-31,False,,CC BY 4.0,https://creativecommons.org/licenses/by/4.0/deed.ja,2026-03-23,2026-03-23,"{'trip_update_url': '', 'vehicle_position_url': '', 'alert_url': '', 'update_interval': 0}"
hirosakicity,弘前市,99,kounan-tetsudou,弘南鉄道,2,2026-04-01,2027-03-31,False,,CC BY 4.0,https://creativecommons.org/licenses/by/4.0/deed.ja,2026-09-24,2026-09-24,"{'trip_update_url': '', 'vehicle_position_url': '', 'alert_url': '', 'update_interval': 0}"
hirosakicity,弘前市,99,hokusei-noriai,弘前市乗合タクシー（北星交通）,2,2026-04-01,2027-03-31,False,,CC BY 4.0,https://creativecommons.org/licenses/by/4.0/deed.ja,2026-09-24,2026-09-24,"{'trip_update_url': '', 'vehicle_position_url': '', 'alert_url': '', 'update_interval': 0}"
jr-east-morioka,JR東日本盛岡支社,99,JReast_wandotaxi,わんタク定時便,2,2026-05-01,2026-12-31,False,,CC BY 4.0,https://creativecommons.org/licenses/by/4.0/deed.ja,2026-04-17,2026-04-17,"{'trip_update_url': '', 'vehicle_position_url': '', 'alert_url': '', 'update_interval': 0}"
jr-east-morioka,JR東日本盛岡支社,99,JR-east_tsugaruline,JR津軽線代行バス（蟹田駅～三厩体育館）,2,2026-05-01,2027-04-30,False,,CC BY 4.0,https://creativecommons.org/licenses/by/4.0/deed.ja,2026-04-17,2026-04-17,"{'trip_update_url': '', 'vehicle_position_url': '', 'alert_url': '', 'update_interval': 0}"
jr-east-morioka,JR東日本盛岡支社,99,JR-east_wandotaxi,わんタク定時便（JR津軽線実証実験）,2,2025-03-15,2025-04-30,True,2025-03-31,CC BY 4.0,https://creativecommons.org/licenses/by/4.0/deed.ja,2025-02-27,2025-02-27,"{'trip_update_url': '', 'vehicle_position_url': '', 'alert_url': '', 'update_interval': 0}"
kuroishicity,黒石市,99,kuroishi,ぷらっと号,2,2026-06-13,2027-03-31,False,,CC BY 4.0,https://creativecommons.org/licenses/by/4.0/deed.ja,2026-06-03,2026-06-03,"{'trip_update_url': '', 'vehicle_position_url': '', 'alert_url': '', 'update_interval': 0}"
misawacity,三沢市,99,misawacity-mebus,三沢市コミュニティバス「みーばす」,2,2026-04-01,2027-03-31,False,,CC BY 4.0,https://creativecommons.org/licenses/by/4.0/deed.ja,2026-03-25,2026-03-25,"{'trip_update_url': '', 'vehicle_position_url': '', 'alert_url': '', 'update_interval': 0}"
nakadomaritown,中泊町,99,nakadomari-communitybus,中泊町コミュニティバス,2,2026-01-08,2026-12-31,False,,CC BY 4.0,https://creativecommons.org/licenses/by/4.0/deed.ja,2026-03-26,2026-03-26,"{'trip_update_url': '', 'vehicle_position_url': '', 'alert_url': '', 'update_interval': 0}"
owanitown,大鰐町,99,owanitown-sunekarabus,大鰐町スネカラバス,2,2025-11-20,2026-12-31,False,,CC BY 4.0,https://creativecommons.org/licenses/by/4.0/deed.ja,2026-03-18,2026-03-18,"{'trip_update_url': '', 'vehicle_position_url': '', 'alert_url': '', 'update_interval': 0}"
rokkashovillage,六ヶ所村,99,rokkasho-sharedtaxi,六ヶ所村乗合タクシー,2,2025-10-31,2026-10-30,False,,CC BY 4.0,https://creativecommons.org/licenses/by/4.0/deed.ja,2026-03-26,2026-03-26,"{'trip_update_url': '', 'vehicle_position_url': '', 'alert_url': '', 'update_interval': 0}"
shichinohetown,七戸町,99,shichinohe_community-bus,七戸町コミュニティバス・シャトルバス,2,2026-08-17,2028-03-31,False,,CC BY 4.0,https://creativecommons.org/licenses/by/4.0/deed.ja,2026-08-20,2026-08-20,"{'trip_update_url': '', 'vehicle_position_url': '', 'alert_url': '', 'update_interval': 0}"
shimoko,下北交通株式会社,99,shimokitakotsu,下北交通,2,2026-10-01,2027-03-31,False,,CC BY 4.0,https://creativecommons.org/licenses/by/4.0/deed.ja,2026-09-25,2026-09-25,"{'trip_update_url': '', 'vehicle_position_url': '', 'alert_url': '', 'update_interval': 0}"
shingovillage,新郷村,99,shingo-mizubashogo,新郷村営バス,2,2025-12-08,2026-12-31,False,,CC BY 4.0,https://creativecommons.org/licenses/by/4.0/deed.ja,2026-03-27,2026-03-27,"{'trip_update_url': '', 'vehicle_position_url': '', 'alert_url': '', 'update_interval': 0}"
sotogahamatown,外ヶ浜町,99,sotogahama-townbus,外ヶ浜町営バス,2,2026-04-01,2026-12-31,False,,CC BY 4.0,https://creativecommons.org/licenses/by/4.0/deed.ja,2026-03-18,2026-03-18,"{'trip_update_url': '', 'vehicle_position_url': '', 'alert_url': '', 'update_interval': 0}"
tohokutown,東北町,99,tohoku-town-bus,東北町町民バス,2,2026-03-31,2027-03-31,False,,CC0 1.0,https://creativecommons.org/publicdomain/zero/1.0/deed.ja,2026-03-31,2026-03-31,"{'trip_update_url': '', 'vehicle_position_url': '', 'alert_url': '', 'update_interval': 0}"
towadacity,十和田市,99,towadacity_communitybus,十和田市コミュニティバス,2,2025-11-06,2026-12-31,False,,CC BY 4.0,https://creativecommons.org/licenses/by/4.0/deed.ja,2026-03-18,2026-03-18,"{'trip_update_url': '', 'vehicle_position_url': '', 'alert_url': '', 'update_interval': 0}"
towadakankodentetsu,十和田観光電鉄株式会社,99,toutetsu,十和田観光電鉄（一般路線）,2,2026-10-01,2027-03-31,False,,CC BY 4.0,https://creativecommons.org/licenses/by/4.0/deed.ja,2026-09-18,2026-09-18,"{'trip_update_url': '', 'vehicle_position_url': '', 'alert_url': '', 'update_interval': 0}"
towadakankodentetsu,十和田観光電鉄株式会社,99,toutetsu_airport_line,十和田観光電鉄（八戸～三沢空港線）,2,2026-10-01,2026-10-24,False,,CC BY 4.0,https://creativecommons.org/licenses/by/4.0/deed.ja,2026-09-16,2026-09-16,"{'trip_update_url': '', 'vehicle_position_url': '', 'alert_url': '', 'update_interval': 0}"
tsugarucity,つがる市,99,tsugarucity_localtransportation,つがる市地域内交通,2,2025-10-25,2026-12-31,False,,CC BY 4.0,https://creativecommons.org/licenses/by/4.0/deed.ja,2026-03-18,2026-03-18,"{'trip_update_url': '', 'vehicle_position_url': '', 'alert_url': '', 'update_interval': 0}"
tsurutatown,鶴田町,99,tsuruta-townbus,鶴田町地域巡回バス,2,2026-04-24,2027-03-31,False,,CC BY 4.0,https://creativecommons.org/licenses/by/4.0/deed.ja,2026-05-07,2026-05-07,"{'trip_update_url': '', 'vehicle_position_url': '', 'alert_url': '', 'update_interval': 0}"
yomogitavillage,蓬田村,99,yomogita-communitybus,蓬田村コミュニティバス,2,2026-03-17,2027-03-31,False,,CC BY 4.0,https://creativecommons.org/licenses/by/4.0/deed.ja,2026-04-08,2026-04-08,"{'trip_update_url': '', 'vehicle_position_url': '', 'alert_url': '', 'update_interval': 0}"
hanamakicity,花巻市,99,hanamaki,花巻市コミュニティバス,3,2026-10-01,2027-03-31,False,,CC BY 4.0,https://creativecommons.org/licenses/by/4.0/deed.ja,2026-09-15,2026-09-15,"{'trip_update_url': '', 'vehicle_position_url': '', 'alert_url': '', 'update_interval': 0}"
ichinosekicity,一関市,99,Ichinosekibus,一関市市営バス,3,2026-04-01,2027-03-31,False,,CC BY 4.0,https://creativecommons.org/licenses/by/4.0/deed.ja,2026-09-28,2026-09-28,"{'trip_update_url': '', 'vehicle_position_url': '', 'alert_url': '', 'update_interval': 0}"
oshucity,奥州市,99,bus-oshucity-iwate-jp,奥州市コミュニティバス,3,2026-10-01,2027-03-31,False,,CC BY 4.0,https://creativecommons.org/licenses/by/4.0/deed.ja,2026-09-15,2026-09-15,"{'trip_update_url': '', 'vehicle_position_url': '', 'alert_url': '', 'update_interval': 0}"
shichigahamatown,七ヶ浜町,99,Gururinko,七ヶ浜町民バス「ぐるりんこ」,4,2026-04-03,2027-03-31,False,,CC BY 4.0,https://creativecommons.org/licenses/by/4.0/deed.ja,2026-04-03,2026-04-03,"{'trip_update_url': '', 'vehicle_position_url': '', 'alert_url': '', 'update_interval': 0}"
takeyakoutu,株式会社タケヤ交通,99,takeyakotsu,株式会社タケヤ交通,4,2026-09-01,2027-03-31,False,,CC BY 4.0,https://creativecommons.org/licenses/by/4.0/deed.ja,2026-08-29,2026-08-29,"{'trip_update_url': 'https://realtime.gtfs.info/takeyakotsu/trip_update.pb', 'vehicle_position_url': 'https://realtime.gtfs.info/takeyakotsu/vehicle.pb', 'alert_url': 'https://realtime.gtfs.info/takeyakotsu/alert.pb', 'update_interval': 0}"
sembokucity,仙北市,99,bus-city-semboku,仙北市民バス（たっこちゃんバス・スマイルバス）,5,2026-04-01,2027-03-31,False,,CC BY 4.0,https://creativecommons.org/licenses/by/4.0/deed.ja,2026-04-02,2026-04-02,"{'trip_update_url': '', 'vehicle_position_url': '', 'alert_url': '', 'update_interval': 0}"
ugokotsu,羽後交通株式会社,99,ugokotsu_honjo,羽後交通（本荘地区）,5,2027-03-20,2027-03-31,False,,CC BY 4.0,https://creativecommons.org/licenses/by/4.0/deed.ja,2026-09-03,2026-09-03,"{'trip_update_url': '', 'vehicle_position_url': '', 'alert_url': '', 'update_interval': 0}"
ugokotsu,羽後交通株式会社,99,ugokotsu_tazawako,羽後交通（田沢湖地区）,5,2026-12-01,2027-03-31,False,,CC BY 4.0,https://creativecommons.org/licenses/by/4.0/deed.ja,2026-08-10,2026-08-10,"{'trip_update_url': '', 'vehicle_position_url': '', 'alert_url': '', 'update_interval': 0}"
feel-the-zao,「世界の蔵王」プロジェクト実行委員会,99,feelthezao,zaoproject,6,2025-10-11,2025-11-09,True,2025-11-09,CC BY 4.0,https://creativecommons.org/licenses/by/4.0/deed.ja,2025-09-16,2025-09-16,"{'trip_update_url': '', 'vehicle_position_url': '', 'alert_url': '', 'update_interval': 0}"
higashinecity,東根市,99,HigashineCity,東根市営バス,6,2026-04-01,2027-03-31,False,,CC BY 4.0,https://creativecommons.org/licenses/by/4.0/deed.ja,2026-03-09,2026-03-09,"{'trip_update_url': '', 'vehicle_position_url': '', 'alert_url': '', 'update_interval': 0}"
kahokutown,河北町,99,KahokuTown,河北町営バス,6,2026-04-01,2026-12-31,False,,CC BY 4.0,https://creativecommons.org/licenses/by/4.0/deed.ja,2026-03-17,2026-03-17,"{'trip_update_url': '', 'vehicle_position_url': '', 'alert_url': '', 'update_interval': 0}"
kaminoyamacity,上山市,99,KaminoyamaCity,上山市営バス,6,2026-10-01,2027-09-30,False,,CC BY 4.0,https://creativecommons.org/licenses/by/4.0/deed.ja,2026-09-14,2026-09-14,"{'trip_update_url': '', 'vehicle_position_url': '', 'alert_url': '', 'update_interval': 0}"
mamurogawatown,真室川町,99,MamurogawaTown,真室川町営バス,6,2026-03-14,2027-03-31,False,,CC BY 4.0,https://creativecommons.org/licenses/by/4.0/deed.ja,2026-02-25,2026-02-25,"{'trip_update_url': '', 'vehicle_position_url': '', 'alert_url': '', 'update_interval': 0}"
mogamigawakotsu,最上川交通,99,MOGAMIGAWAKOTSU,最上川交通,6,2026-04-01,2027-03-31,False,,CC BY 4.0,https://creativecommons.org/licenses/by/4.0/deed.ja,2026-04-01,2026-04-01,"{'trip_update_url': '', 'vehicle_position_url': '', 'alert_url': '', 'update_interval': 0}"
murayamacity,村山市,99,MurayamaCity,村山市営バス,6,2026-04-01,2027-03-31,False,,CC BY 4.0,https://creativecommons.org/licenses/by/4.0/deed.ja,2026-02-27,2026-02-27,"{'trip_update_url': '', 'vehicle_position_url': '', 'alert_url': '', 'update_interval': 0}"
nagaicity,長井市,99,NagaiCity,長井市営バス,6,2026-10-01,2027-09-30,False,,CC BY 4.0,https://creativecommons.org/licenses/by/4.0/deed.ja,2026-09-25,2026-09-25,"{'trip_update_url': '', 'vehicle_position_url': '', 'alert_url': '', 'update_interval': 0}"
nakayamatown,中山町,99,NakayamaTown,中山町営バス,6,2026-04-01,2027-03-31,False,,CC BY 4.0,https://creativecommons.org/licenses/by/4.0/deed.ja,2026-03-12,2026-03-12,"{'trip_update_url': '', 'vehicle_position_url': '', 'alert_url': '', 'update_interval': 0}"
nanyocity,南陽市,99,NanyoCity,南陽市営バス,6,2026-10-01,2027-09-30,False,,CC BY 4.0,https://creativecommons.org/licenses/by/4.0/deed.ja,2026-09-14,2026-09-14,"{'trip_update_url': '', 'vehicle_position_url': '', 'alert_url': '', 'update_interval': 0}"
nishikawatown,西川町,99,NishikawaTown,西川町営バス,6,2026-04-01,2027-03-31,False,,CC BY 4.0,https://creativecommons.org/licenses/by/4.0/deed.ja,2026-03-06,2026-03-06,"{'trip_update_url': '', 'vehicle_position_url': '', 'alert_url': '', 'update_interval': 0}"
obanazawacity,尾花沢市,99,ObanazawaCity,尾花沢市営バス,6,2026-10-01,2027-09-30,False,,CC BY 4.0,https://creativecommons.org/licenses/by/4.0/deed.ja,2026-09-28,2026-09-28,"{'trip_update_url': '', 'vehicle_position_url': '', 'alert_url': '', 'update_interval': 0}"
oetown,大江町,99,Oetown,大江町営バス,6,2026-04-01,2027-03-31,False,,CC BY 4.0,https://creativecommons.org/licenses/by/4.0/deed.ja,2026-03-09,2026-03-09,"{'trip_update_url': '', 'vehicle_position_url': '', 'alert_url': '', 'update_interval': 0}"
ohkuravillage,大蔵村,99,OhkuraVillage,大蔵村営バス,6,2026-10-01,2028-01-01,False,,CC BY 4.0,https://creativecommons.org/licenses/by/4.0/deed.ja,2026-09-15,2026-09-15,"{'trip_update_url': '', 'vehicle_position_url': '', 'alert_url': '', 'update_interval': 0}"
sagaecity,寒河江市,99,SagaeCity,寒河江市営バス,6,2025-11-17,2026-10-31,False,,CC BY 4.0,https://creativecommons.org/licenses/by/4.0/deed.ja,2025-10-20,2025-10-20,"{'trip_update_url': '', 'vehicle_position_url': '', 'alert_url': '', 'update_interval': 0}"
sakatacity,酒田市,99,SakataCity,酒田市営バス,6,2026-04-09,2027-03-31,False,,CC BY 4.0,https://creativecommons.org/licenses/by/4.0/deed.ja,2026-04-09,2026-04-09,"{'trip_update_url': '', 'vehicle_position_url': '', 'alert_url': '', 'update_interval': 0}"
sakegawavillage,鮭川村,99,SakegawaVillage,鮭川村営バス,6,2026-04-17,2027-04-16,False,,CC BY 4.0,https://creativecommons.org/licenses/by/4.0/deed.ja,2026-04-21,2026-04-21,"{'trip_update_url': '', 'vehicle_position_url': '', 'alert_url': '', 'update_interval': 0}"
shinjocity,新庄市,99,ShinjoCity,新庄市営バス,6,2026-04-01,2027-03-31,False,,CC BY 4.0,https://creativecommons.org/licenses/by/4.0/deed.ja,2026-03-12,2026-03-12,"{'trip_update_url': '', 'vehicle_position_url': '', 'alert_url': '', 'update_interval': 0}"
shiratakatown,白鷹町,99,ShiratakaTown,白鷹町営バス,6,2026-04-01,2027-03-31,False,,CC BY 4.0,https://creativecommons.org/licenses/by/4.0/deed.ja,2026-02-25,2026-02-25,"{'trip_update_url': '', 'vehicle_position_url': '', 'alert_url': '', 'update_interval': 0}"
shonaikotsu,庄内交通,99,SHONAIKOTSU,庄内交通,6,2026-03-29,2027-03-31,False,,CC BY 4.0,https://creativecommons.org/licenses/by/4.0/deed.ja,2026-06-24,2026-06-24,"{'trip_update_url': '', 'vehicle_position_url': '', 'alert_url': '', 'update_interval': 0}"
shonaitown,庄内町,99,ShonaiTown,庄内町営バス,6,2026-04-13,2027-03-31,False,,CC BY 4.0,https://creativecommons.org/licenses/by/4.0/deed.ja,2026-04-13,2026-04-13,"{'trip_update_url': '', 'vehicle_position_url': '', 'alert_url': '', 'update_interval': 0}"
tendocity,天童市,99,TendoCity,天童市営バス,6,2026-04-01,2027-03-31,False,,CC BY 4.0,https://creativecommons.org/licenses/by/4.0/deed.ja,2026-03-06,2026-03-06,"{'trip_update_url': '', 'vehicle_position_url': '', 'alert_url': '', 'update_interval': 0}"
tozawavillage,戸沢村,99,tozawavillagebus,戸沢村営バス,6,2026-10-01,2027-09-30,False,,CC BY 4.0,https://creativecommons.org/licenses/by/4.0/deed.ja,2026-09-15,2026-09-15,"{'trip_update_url': '', 'vehicle_position_url': '', 'alert_url': '', 'update_interval': 0}"
tsuruokacity,鶴岡市,99,TsuruokaCity,鶴岡市営バス,6,2026-10-01,2027-09-30,False,,CC BY 4.0,https://creativecommons.org/licenses/by/4.0/deed.ja,2026-09-25,2026-09-25,"{'trip_update_url': '', 'vehicle_position_url': '', 'alert_url': '', 'update_interval': 0}"
yamagata-asahitown,朝日町,99,AsahiTown,朝日町営バス,6,2026-04-01,2027-03-31,False,,CC BY 4.0,https://creativecommons.org/licenses/by/4.0/deed.ja,2026-03-04,2026-03-04,"{'trip_update_url': '', 'vehicle_position_url': '', 'alert_url': '', 'update_interval': 0}"
yamagata-kaneyamatown,山形県金山町,99,KaneyamaTown,金山町営バス,6,2026-04-01,2027-03-31,False,,CC BY 4.0,https://creativecommons.org/licenses/by/4.0/deed.ja,2026-03-13,2026-03-13,"{'trip_update_url': '', 'vehicle_position_url': '', 'alert_url': '', 'update_interval': 0}"
yamagata-ogunitown,山形県小国町,99,OguniTown,小国町営バス,6,2026-07-01,2027-06-30,False,,CC BY 4.0,https://creativecommons.org/licenses/by/4.0/deed.ja,2026-06-10,2026-06-10,"{'trip_update_url': '', 'vehicle_position_url': '', 'alert_url': '', 'update_interval': 0}"
yamagata-yamagatacity,山形市,99,YamagataCity,山形市営バス,6,2026-09-02,2027-03-31,False,,CC BY 4.0,https://creativecommons.org/licenses/by/4.0/deed.ja,2026-08-10,2026-08-10,"{'trip_update_url': '', 'vehicle_position_url': '', 'alert_url': '', 'update_interval': 0}"
yamagatatetsudo,山形鉄道株式会社,99,flowerliner,山形鉄道,6,2026-03-14,2027-03-13,False,,CC BY 4.0,https://creativecommons.org/licenses/by/4.0/deed.ja,2026-03-09,2026-03-09,"{'trip_update_url': '', 'vehicle_position_url': '', 'alert_url': '', 'update_interval': 0}"
yamakobus,山形交通,99,YAMAKOBUS,山交バス,6,2026-05-25,2026-11-24,False,,CC BY 4.0,https://creativecommons.org/licenses/by/4.0/deed.ja,2026-09-15,2026-09-15,"{'trip_update_url': '', 'vehicle_position_url': '', 'alert_url': '', 'update_interval': 0}"
yamanobetown,山辺町,99,YamanobeTown,山辺町営バス,6,2026-03-18,2027-03-17,False,,CC BY 4.0,https://creativecommons.org/licenses/by/4.0/deed.ja,2026-03-30,2026-03-30,"{'trip_update_url': '', 'vehicle_position_url': '', 'alert_url': '', 'update_interval': 0}"
yonezawacity,米沢市,99,Yonezawa,米沢市営バス,6,2026-04-16,2026-11-30,False,,CC BY 4.0,https://creativecommons.org/licenses/by/4.0/deed.ja,2026-04-17,2026-04-17,"{'trip_update_url': '', 'vehicle_position_url': '', 'alert_url': '', 'update_interval': 0}"
motomiyacity,本宮市,99,motomiyashibus,本宮市コミュニティバス,7,2026-03-17,2027-03-31,False,,CC BY 4.0,https://creativecommons.org/licenses/by/4.0/deed.ja,2026-03-17,2026-03-17,"{'trip_update_url': '', 'vehicle_position_url': '', 'alert_url': '', 'update_interval': 0}"
otamavillage,大玉村,99,otamavillage-bus,大玉村通勤通学バス,7,2026-03-04,2027-03-31,False,,CC BY 4.0,https://creativecommons.org/licenses/by/4.0/deed.ja,2026-05-28,2026-05-28,"{'trip_update_url': '', 'vehicle_position_url': '', 'alert_url': '', 'update_interval': 0}"
shinjobankotsu,新常磐交通株式会社,99,SHINJOBANKOTSU,新常磐交通,7,2026-04-01,2027-04-30,False,,CC BY 4.0,https://creativecommons.org/licenses/by/4.0/deed.ja,2026-03-26,2026-03-26,"{'trip_update_url': '', 'vehicle_position_url': '', 'alert_url': '', 'update_interval': 0}"
yanaizutown,柳津町,99,yanaizutown-bus,柳津町町民バス”ふれあい号”,7,2026-10-01,2026-12-28,False,,CC BY 4.0,https://creativecommons.org/licenses/by/4.0/deed.ja,2026-09-07,2026-09-07,"{'trip_update_url': '', 'vehicle_position_url': '', 'alert_url': '', 'update_interval': 0}"
namegatacity,行方市,99,bus-namegata-ibaraki-jp,行方市営路線バス,8,2026-02-26,2027-02-25,False,,CC BY 4.0,https://creativecommons.org/licenses/by/4.0/deed.ja,2026-02-26,2026-02-26,"{'trip_update_url': '', 'vehicle_position_url': '', 'alert_url': '', 'update_interval': 0}"
otonekotu,大利根交通自動車株式会社,99,otonekotubus,大利根交通バス,8,2026-04-09,2027-04-08,False,,CC BY 4.0,https://creativecommons.org/licenses/by/4.0/deed.ja,2026-04-09,2026-04-09,"{'trip_update_url': '', 'vehicle_position_url': '', 'alert_url': '', 'update_interval': 0}"
ryugasakicity,龍ケ崎市,99,Ryugasakishi-communitybus,龍ケ崎市コミュニティバス,8,2025-09-01,2026-12-31,False,,CC BY 4.0,https://creativecommons.org/licenses/by/4.0/deed.ja,2026-01-29,2026-01-29,"{'trip_update_url': '', 'vehicle_position_url': '', 'alert_url': '', 'update_interval': 0}"
tsuchiuracity,土浦市,99,tsuchimarubus,つちまるバス,8,2026-03-04,2027-03-31,False,,CC BY 4.0,https://creativecommons.org/licenses/by/4.0/deed.ja,2026-03-09,2026-03-09,"{'trip_update_url': 'https://realtime.gtfs.info/tsuchiura/trip_update.pb', 'vehicle_position_url': 'https://realtime.gtfs.info/tsuchiura/vehicle.pb', 'alert_url': 'https://realtime.gtfs.info/tsuchiura/alert.pb', 'update_interval': 0}"
tsukubacity,つくば市,99,TSUKUBANEGO,つくばね号,8,2026-10-01,2027-09-30,False,,CC BY 4.0,https://creativecommons.org/licenses/by/4.0/deed.ja,2026-09-28,2026-09-28,"{'trip_update_url': '', 'vehicle_position_url': '', 'alert_url': '', 'update_interval': 0}"
tsukubacity,つくば市,99,TSUKUBUS,つくバス,8,2026-04-01,2027-12-31,False,,CC BY 4.0,https://creativecommons.org/licenses/by/4.0/deed.ja,2026-03-24,2026-03-24,"{'trip_update_url': '', 'vehicle_position_url': '', 'alert_url': '', 'update_interval': 0}"
yukicity,結城市,99,junkaibus,結城市巡回バス,8,2026-08-03,2028-07-31,False,,CC0 1.0,https://creativecommons.org/publicdomain/zero/1.0/deed.ja,2026-06-17,2026-06-17,"{'trip_update_url': '', 'vehicle_position_url': '', 'alert_url': '', 'update_interval': 0}"
ashikagacity,足利市,99,Ashikaga-route-bus,足利市路線バス,9,2026-05-11,2027-07-31,False,,CC BY 4.0,https://creativecommons.org/licenses/by/4.0/deed.ja,2026-07-15,2026-07-15,"{'trip_update_url': '', 'vehicle_position_url': '', 'alert_url': '', 'update_interval': 0}"
kanumacity,鹿沼市,99,ri-bus,リーバス,9,2024-02-01,2024-07-31,False,,CC BY 4.0,https://creativecommons.org/licenses/by/4.0/deed.ja,2024-02-09,2024-02-09,"{'trip_update_url': '', 'vehicle_position_url': '', 'alert_url': '', 'update_interval': 0}"
mibutown,壬生町,99,mibubu,壬生町コミュニティバス「みぶーぶ」,9,2026-03-23,2027-03-31,False,,CC BY 4.0,https://creativecommons.org/licenses/by/4.0/deed.ja,2026-03-17,2026-03-17,"{'trip_update_url': '', 'vehicle_position_url': '', 'alert_url': '', 'update_interval': 0}"
nasushiobaracity,那須塩原市,99,chiikibasu,那須塩原市地域バス,9,2026-04-01,2027-03-31,False,,CC BY 4.0,https://creativecommons.org/licenses/by/4.0/deed.ja,2026-03-03,2026-03-03,"{'trip_update_url': '', 'vehicle_position_url': '', 'alert_url': '', 'update_interval': 0}"
nasutown,那須町,99,nasutown,那須町町民バス,9,2026-04-01,2027-03-31,False,,CC BY 4.0,https://creativecommons.org/licenses/by/4.0/deed.ja,2026-03-31,2026-03-31,"{'trip_update_url': '', 'vehicle_position_url': '', 'alert_url': '', 'update_interval': 0}"
nikkocity,日光市,99,nikkocity,日光市営バス,9,2026-04-01,2027-03-31,False,,CC BY 4.0,https://creativecommons.org/licenses/by/4.0/deed.ja,2026-03-17,2026-03-17,"{'trip_update_url': '', 'vehicle_position_url': '', 'alert_url': '', 'update_interval': 0}"
otawaracity,大田原市,99,Ohtawaracitybus,大田原市営バス,9,2026-03-27,2027-03-31,False,,CC BY 4.0,https://creativecommons.org/licenses/by/4.0/deed.ja,2026-03-27,2026-03-27,"{'trip_update_url': '', 'vehicle_position_url': '', 'alert_url': '', 'update_interval': 0}"
tochigi-nakagawatown,那珂川町,99,nakagawamaticommunitybus,那珂川町コミュニティバス（馬頭烏山線）,9,2025-04-01,2026-03-31,False,,CC BY 4.0,https://creativecommons.org/licenses/by/4.0/deed.ja,2025-03-27,2025-03-27,"{'trip_update_url': '', 'vehicle_position_url': '', 'alert_url': '', 'update_interval': 0}"
yaitacity,矢板市,99,chuuou-junkan,中央部循環路線,9,2026-03-17,2027-03-31,False,,CC BY 4.0,https://creativecommons.org/licenses/by/4.0/deed.ja,2026-03-17,2026-03-17,"{'trip_update_url': '', 'vehicle_position_url': '', 'alert_url': '', 'update_interval': 0}"
annakacity,安中市,99,annakashi-rosenbus,安中市路線バス（あんバス）,10,2026-05-15,2027-03-31,False,,CC BY 4.0,https://creativecommons.org/licenses/by/4.0/deed.ja,2026-05-18,2026-05-18,"{'trip_update_url': '', 'vehicle_position_url': '', 'alert_url': '', 'update_interval': 0}"
gunma-otacity,太田市,99,ootacitybus,太田市営バス,10,2026-06-05,2027-06-04,False,,CC BY 4.0,https://creativecommons.org/licenses/by/4.0/deed.ja,2026-06-19,2026-06-19,"{'trip_update_url': '', 'vehicle_position_url': '', 'alert_url': '', 'update_interval': 0}"
nagai-unyu,永井運輸株式会社,99,Nagaibus,永井バス,10,2026-10-01,2027-09-30,False,,CC BY 4.0,https://creativecommons.org/licenses/by/4.0/deed.ja,2026-09-24,2026-09-24,"{'trip_update_url': 'https://nagai.nolbe.net/buslocation/TripUpdate.pb', 'vehicle_position_url': 'https://nagai.nolbe.net/buslocation/VehiclePosition.pb', 'alert_url': 'https://nagai.nolbe.net/buslocation/alert.pb', 'update_interval': 15}"
nagai-unyu,永井運輸株式会社,99,tamarin,（2024年10月1日廃止）玉村町乗合タクシー「たまりん」,10,2024-04-01,2024-09-30,True,2024-09-30,CC BY 4.0,https://creativecommons.org/licenses/by/4.0/deed.ja,2024-08-10,2024-08-10,"{'trip_update_url': '', 'vehicle_position_url': '', 'alert_url': 'https://www.nagai-unyu.net//rosen/GTFS/tamarin/alert/alert_tamarin.pb', 'update_interval': 0}"
oizumitown,大泉町,99,kouikikoukyoubasuaozora,広域公共バス「あおぞら」,10,2026-05-07,2027-03-31,False,,CC BY 4.0,https://creativecommons.org/licenses/by/4.0/deed.ja,2026-04-09,2026-04-09,"{'trip_update_url': '', 'vehicle_position_url': '', 'alert_url': '', 'update_interval': 0}"
hannocity,飯能市,99,odekakemuma-minamikoma,飯能市乗合ワゴン　南高麗,11,2025-01-01,2026-12-31,False,,CC0 1.0,https://creativecommons.org/publicdomain/zero/1.0/deed.ja,2025-12-25,2025-12-25,"{'trip_update_url': '', 'vehicle_position_url': '', 'alert_url': '', 'update_interval': 0}"
hannocity,飯能市,99,odekakemuma-seimei-kaji,飯能市乗合ワゴン　精明・加治,11,2025-04-01,2027-03-31,False,,CC0 1.0,https://creativecommons.org/publicdomain/zero/1.0/deed.ja,2026-03-17,2026-03-17,"{'trip_update_url': '', 'vehicle_position_url': '', 'alert_url': '', 'update_interval': 0}"
hannocity,飯能市,99,odekakemuma-haraichiba,飯能市乗合ワゴン　原市場,11,2025-01-01,2026-12-31,False,,CC0 1.0,https://creativecommons.org/publicdomain/zero/1.0/deed.ja,2025-12-25,2025-12-25,"{'trip_update_url': '', 'vehicle_position_url': '', 'alert_url': '', 'update_interval': 0}"
kumagayacity,熊谷市,99,yuuyuubus,熊谷市ゆうゆうバス,11,2026-04-01,2027-12-31,False,,CC BY 4.0,https://creativecommons.org/licenses/by/4.0/deed.ja,2026-03-27,2026-03-27,"{'trip_update_url': '', 'vehicle_position_url': ' http://kumagaya.bus-go.com/GTFS-RT/encode_vehicle.php', 'alert_url': '', 'update_interval': 0}"
saitamacity,さいたま市,99,rakurakugou,岩槻区並木・加倉地区乗合タクシーらくらく号,11,2024-04-01,2027-03-31,False,,CC BY 4.0,https://creativecommons.org/licenses/by/4.0/deed.ja,2026-06-16,2026-06-16,"{'trip_update_url': '', 'vehicle_position_url': '', 'alert_url': '', 'update_interval': 0}"
saitamacity,さいたま市,99,iwatsukikucommunitybus,岩槻区コミュニティバス,11,2025-05-01,2027-03-31,False,,CC BY 4.0,https://creativecommons.org/licenses/by/4.0/deed.ja,2026-06-16,2026-06-16,"{'trip_update_url': '', 'vehicle_position_url': '', 'alert_url': '', 'update_interval': 0}"
saitamacity,さいたま市,99,ajisaigou,西区指扇地区乗合タクシーあじさい号,11,2025-06-01,2027-03-31,False,,CC BY 4.0,https://creativecommons.org/licenses/by/4.0/deed.ja,2026-06-16,2026-06-16,"{'trip_update_url': '', 'vehicle_position_url': '', 'alert_url': '', 'update_interval': 0}"
saitamacity,さいたま市,99,kawasemigou,見沼区片柳西地区乗合タクシーカワセミ号,11,2026-04-01,2027-03-31,False,,CC BY 4.0,https://creativecommons.org/licenses/by/4.0/deed.ja,2026-06-16,2026-06-16,"{'trip_update_url': '', 'vehicle_position_url': '', 'alert_url': '', 'update_interval': 0}"
saitamacity,さいたま市,99,nisikucommunitybus,西区コミュニティバス,11,2022-04-01,2027-03-31,False,,CC BY 4.0,https://creativecommons.org/licenses/by/4.0/deed.ja,2026-06-16,2026-06-16,"{'trip_update_url': '', 'vehicle_position_url': '', 'alert_url': '', 'update_interval': 0}"
saitamacity,さいたま市,99,miyaharanakayoshigou,北区吉野町乗合タクシー宮原なかよし号,11,2025-12-01,2027-03-31,False,,CC BY 4.0,https://creativecommons.org/licenses/by/4.0/deed.ja,2026-06-16,2026-06-16,"{'trip_update_url': '', 'vehicle_position_url': '', 'alert_url': '', 'update_interval': 0}"
saitamacity,さいたま市,99,musashigou,桜区大久保・中央区西与野地区乗合タクシーむさし号,11,2025-12-01,2027-03-31,False,,CC BY 4.0,https://creativecommons.org/licenses/by/4.0/deed.ja,2026-06-16,2026-06-16,"{'trip_update_url': '', 'vehicle_position_url': '', 'alert_url': '', 'update_interval': 0}"
saitamacity,さいたま市,99,minamikucommunitybus,南区コミュニティバス,11,2022-04-01,2027-03-31,False,,CC BY 4.0,https://creativecommons.org/licenses/by/4.0/deed.ja,2026-06-16,2026-06-16,"{'trip_update_url': '', 'vehicle_position_url': '', 'alert_url': '', 'update_interval': 0}"
saitamacity,さいたま市,99,orizurugou,岩槻区河合地区乗合タクシーおりづる号,11,2025-12-01,2027-03-31,False,,CC BY 4.0,https://creativecommons.org/licenses/by/4.0/deed.ja,2026-06-16,2026-06-16,"{'trip_update_url': '', 'vehicle_position_url': '', 'alert_url': '', 'update_interval': 0}"
saitamacity,さいたま市,99,sakurakucommunitybus,桜区コミュニティバス,11,2022-04-01,2027-03-31,False,,CC BY 4.0,https://creativecommons.org/licenses/by/4.0/deed.ja,2026-06-16,2026-06-16,"{'trip_update_url': '', 'vehicle_position_url': '', 'alert_url': '', 'update_interval': 0}"
saitamacity,さいたま市,99,minumakucommunitybus,見沼区コミュニティバス,11,2022-04-01,2027-03-31,False,,CC BY 4.0,https://creativecommons.org/licenses/by/4.0/deed.ja,2026-06-16,2026-06-16,"{'trip_update_url': '', 'vehicle_position_url': '', 'alert_url': '', 'update_interval': 0}"
saitamacity,さいたま市,99,minumagou,見沼区大砂土東地区乗合タクシーみぬま号,11,2023-04-01,2027-03-31,False,,CC BY 4.0,https://creativecommons.org/licenses/by/4.0/deed.ja,2026-06-16,2026-06-16,"{'trip_update_url': '', 'vehicle_position_url': '', 'alert_url': '', 'update_interval': 0}"
saitamacity,さいたま市,99,rainbowgou,岩槻区和土地区乗合タクシーレインボー号,11,2025-12-01,2027-03-31,False,,CC BY 4.0,https://creativecommons.org/licenses/by/4.0/deed.ja,2026-06-16,2026-06-16,"{'trip_update_url': '', 'vehicle_position_url': '', 'alert_url': '', 'update_interval': 0}"
saitamacity,さいたま市,99,kitakucommunitybus,北区コミュニティバス,11,2022-04-01,2027-03-31,False,,CC BY 4.0,https://creativecommons.org/licenses/by/4.0/deed.ja,2026-06-16,2026-06-16,"{'trip_update_url': '', 'vehicle_position_url': '', 'alert_url': '', 'update_interval': 0}"
wakocity,和光市,99,Wako-City-junkanbus,和光市内循環バス（わこば）,11,2026-01-04,2026-12-31,False,,CC BY 4.0,https://creativecommons.org/licenses/by/4.0/deed.ja,2026-04-27,2026-04-27,"{'trip_update_url': '', 'vehicle_position_url': '', 'alert_url': '', 'update_interval': 0}"
chiba-rainbow-bus,ちばレインボーバス株式会社,99,chibarainbowbus,ちばレインボーバス,12,2024-10-01,2025-09-30,False,,CC BY 4.0,https://creativecommons.org/licenses/by/4.0/deed.ja,2024-10-08,2024-10-08,"{'trip_update_url': '', 'vehicle_position_url': '', 'alert_url': '', 'update_interval': 0}"
inzaicity,印西市,99,rosenbus,宗像路線、六合路線,12,2026-07-01,2028-03-31,False,,CC BY 4.0,https://creativecommons.org/licenses/by/4.0/deed.ja,2026-06-22,2026-06-22,"{'trip_update_url': '', 'vehicle_position_url': '', 'alert_url': '', 'update_interval': 0}"
katoricity,香取市,99,katori-junkan,香取市循環バス,12,2026-09-01,2027-04-30,False,,CC0 1.0,https://creativecommons.org/publicdomain/zero/1.0/deed.ja,2026-09-23,2026-09-23,"{'trip_update_url': '', 'vehicle_position_url': '', 'alert_url': '', 'update_interval': 0}"
keisei-transitbus,京成バス千葉ウエスト株式会社,99,keiseitransitbus,京成バス千葉ウエスト　塩浜営業所（市川市コミュニティバス　南部ルート　わくわくバス含む）,12,2026-04-01,2027-04-01,False,,CC BY 4.0,https://creativecommons.org/licenses/by/4.0/deed.ja,2026-03-18,2026-03-18,"{'trip_update_url': 'https://s3-ajt-mobusta-gtfs.s3.ap-northeast-1.amazonaws.com/realtime/35/trip_updates.bin', 'vehicle_position_url': 'https://s3-ajt-mobusta-gtfs.s3.ap-northeast-1.amazonaws.com/realtime/35/vehicle_position.bin', 'alert_url': 'https://s3-ajt-mobusta-gtfs.s3.ap-northeast-1.amazonaws.com/realtime/35/alerts.bin', 'update_interval': 0}"
kimitsucity,君津市,99,Kimitsu_City_Community_Bus,君津市コミュニティバス,12,2026-03-01,2027-03-31,False,,CC0 1.0,https://creativecommons.org/publicdomain/zero/1.0/deed.ja,2026-06-01,2026-06-01,"{'trip_update_url': '', 'vehicle_position_url': '', 'alert_url': '', 'update_interval': 0}"
kimitsucity,君津市,99,Local_buses_via_Kimitsu_City,君津市経由路線バス,12,2026-08-01,2027-03-31,False,,CC0 1.0,https://creativecommons.org/publicdomain/zero/1.0/deed.ja,2026-08-02,2026-08-02,"{'trip_update_url': '', 'vehicle_position_url': '', 'alert_url': '', 'update_interval': 0}"
matsudocity,松戸市,99,matsudo,松戸市ゆめいろバス,12,2026-08-03,2027-03-31,False,,CC BY 4.0,https://creativecommons.org/licenses/by/4.0/deed.ja,2026-06-25,2026-06-25,"{'trip_update_url': '', 'vehicle_position_url': '', 'alert_url': '', 'update_interval': 0}"
matsudocity,松戸市,99,matsudo-takatsuka,松戸市ゆめいろワゴンバス,12,2026-08-03,2027-03-31,False,,CC BY 4.0,https://creativecommons.org/licenses/by/4.0/deed.ja,2026-07-22,2026-07-22,"{'trip_update_url': '', 'vehicle_position_url': '', 'alert_url': '', 'update_interval': 0}"
nagareyamacity,流山市,99,nagareyamagreenbus,流山ぐりーんバス,12,2025-10-01,2027-01-10,False,,CC BY 4.0,https://creativecommons.org/licenses/by/4.0/deed.ja,2026-01-13,2026-01-13,"{'trip_update_url': '', 'vehicle_position_url': '', 'alert_url': '', 'update_interval': 0}"
naritacity,成田市,99,narita-community-bus,成田市コミュニティバス,12,2026-04-01,2026-12-30,False,,CC BY 4.0,https://creativecommons.org/licenses/by/4.0/deed.ja,2026-02-13,2026-02-13,"{'trip_update_url': '', 'vehicle_position_url': '', 'alert_url': '', 'update_interval': 0}"
yotsukaidocity,四街道市,99,yoppii,市内循環バス「ヨッピィ」,12,2026-04-01,2027-03-31,False,,CC0 1.0,https://creativecommons.org/publicdomain/zero/1.0/deed.ja,2025-12-15,2025-12-15,"{'trip_update_url': '', 'vehicle_position_url': '', 'alert_url': '', 'update_interval': 0}"
akishimacity,昭島市,99,Abus,Aバス,13,2026-08-28,2027-08-27,False,,CC0 1.0,https://creativecommons.org/publicdomain/zero/1.0/deed.ja,2026-09-03,2026-09-03,"{'trip_update_url': '', 'vehicle_position_url': '', 'alert_url': '', 'update_interval': 0}"
arakawacity,荒川区,99,sakura,コミュニティバスさくら,13,2026-03-01,2027-02-28,False,,CC BY 4.0,https://creativecommons.org/licenses/by/4.0/deed.ja,2026-03-04,2026-03-04,"{'trip_update_url': '', 'vehicle_position_url': '', 'alert_url': '', 'update_interval': 0}"
katsushikacity,葛飾区,99,sakura,さくら,13,2025-12-29,2026-12-31,False,,CC BY 4.0,https://creativecommons.org/licenses/by/4.0/deed.ja,2025-12-17,2025-12-17,"{'trip_update_url': '', 'vehicle_position_url': '', 'alert_url': '', 'update_interval': 0}"
kozushimavillage,神津島村,99,kozushimavillagebus,神津島村営バス,13,2026-01-29,2027-01-28,False,,CC BY 4.0,https://creativecommons.org/licenses/by/4.0/deed.ja,2026-02-09,2026-02-09,"{'trip_update_url': '', 'vehicle_position_url': '', 'alert_url': '', 'update_interval': 0}"
kunitachicity,国立市,99,kunikko,国立市コミュニティバス「くにっこ」,13,2026-09-01,2027-08-31,False,,CC0 1.0,https://creativecommons.org/publicdomain/zero/1.0/deed.ja,2026-07-28,2026-07-28,"{'trip_update_url': '', 'vehicle_position_url': '', 'alert_url': '', 'update_interval': 0}"
kunitachicity,国立市,99,aoyagikko,国立市コミュニティワゴン「あおやぎっこ」,13,2026-01-13,2027-01-12,False,,CC BY 4.0,https://creativecommons.org/licenses/by/4.0/deed.ja,2026-01-21,2026-01-21,"{'trip_update_url': '', 'vehicle_position_url': '', 'alert_url': '', 'update_interval': 0}"
mizuhotown,瑞穂町,99,communitybus,瑞穂町コミュニティバス,13,2024-10-01,2027-03-31,False,,CC BY 4.0,https://creativecommons.org/licenses/by/4.0/deed.ja,2026-03-08,2026-03-08,"{'trip_update_url': '', 'vehicle_position_url': '', 'alert_url': '', 'update_interval': 0}"
mizuhotown,瑞穂町,99,DemandResponsiveTransport,瑞穂町デマンド交通「チョイソコみずほまち」,13,2024-10-01,2027-03-31,False,,CC BY 4.0,https://creativecommons.org/licenses/by/4.0/deed.ja,2026-09-25,2026-09-25,"{'trip_update_url': '', 'vehicle_position_url': '', 'alert_url': '', 'update_interval': 0}"
ogasawaravillage,小笠原村,99,o,小笠原村営バス,13,2026-02-10,2027-02-10,False,,CC BY 4.0,https://creativecommons.org/licenses/by/4.0/deed.ja,2026-02-10,2026-02-10,"{'trip_update_url': '', 'vehicle_position_url': '', 'alert_url': '', 'update_interval': 0}"
tachikawacity,立川市,99,kururinbus,くるりんバス,13,2026-04-01,2027-03-31,False,,CC BY 4.0,https://creativecommons.org/licenses/by/4.0/deed.ja,2026-03-30,2026-03-30,"{'trip_update_url': '', 'vehicle_position_url': '', 'alert_url': '', 'update_interval': 0}"
chigasakicity,茅ヶ崎市,99,eboshigou,コミュニティバスえぼし号,14,2026-05-02,2027-03-31,False,,CC BY 4.0,https://creativecommons.org/licenses/by/4.0/deed.ja,2026-04-27,2026-04-27,"{'trip_update_url': '', 'vehicle_position_url': '', 'alert_url': '', 'update_interval': 0}"
daishinto,大新東株式会社,99,Radiant-City,レイディアントシティ横濱,14,2026-03-01,2027-02-28,False,,CC0 1.0,https://creativecommons.org/publicdomain/zero/1.0/deed.ja,2026-02-26,2026-02-26,"{'trip_update_url': '', 'vehicle_position_url': '', 'alert_url': '', 'update_interval': 0}"
ninomiyatown,二宮町,99,Ninomiyatowncommunitybus,二宮町コミュニティバス,14,2022-10-01,2026-12-31,False,,CC BY 4.0,https://creativecommons.org/licenses/by/4.0/deed.ja,2025-11-26,2025-11-26,"{'trip_update_url': '', 'vehicle_position_url': '', 'alert_url': '', 'update_interval': 0}"
samukawatown,寒川町,99,mokusei-go_kuramiomuraroute,寒川町コミュニティバス「もくせい号」倉見大村ルート,14,2025-12-01,2026-12-31,False,,CC BY 4.0,https://creativecommons.org/licenses/by/4.0/deed.ja,2025-12-25,2025-12-25,"{'trip_update_url': '', 'vehicle_position_url': '', 'alert_url': '', 'update_interval': 0}"
samukawatown,寒川町,99,mokusei-go_southroute,寒川町コミュニティバス「もくせい号」南ルート,14,2025-12-01,2026-12-31,False,,CC BY 4.0,https://creativecommons.org/licenses/by/4.0/deed.ja,2025-12-25,2025-12-25,"{'trip_update_url': '', 'vehicle_position_url': '', 'alert_url': '', 'update_interval': 0}"
samukawatown,寒川町,99,mokusei-go_eastroute,寒川町コミュニティバス「もくせい号」東ルート,14,2025-12-01,2026-12-31,False,,CC BY 4.0,https://creativecommons.org/licenses/by/4.0/deed.ja,2025-12-25,2025-12-25,"{'trip_update_url': '', 'vehicle_position_url': '', 'alert_url': '', 'update_interval': 0}"
yokosukacity,横須賀市,99,hamachanbus,ハマちゃんバス,14,2023-06-01,2028-03-31,False,,CC BY 4.0,https://creativecommons.org/licenses/by/4.0/deed.ja,2026-03-16,2026-03-16,"{'trip_update_url': '', 'vehicle_position_url': '', 'alert_url': '', 'update_interval': 0}"
itoigawabus,糸魚川バス株式会社,99,itoigawabus,糸魚川バス,15,2026-07-31,2027-03-31,False,,CC BY 4.0,https://creativecommons.org/licenses/by/4.0/deed.ja,2026-08-13,2026-08-13,"{'trip_update_url': '', 'vehicle_position_url': '', 'alert_url': '', 'update_interval': 0}"
joetsucity,上越市,99,kushiike-line,【清里区】櫛池線,15,2024-04-01,2025-03-31,True,2025-03-31,CC BY 2.1 JP,https://creativecommons.org/licenses/by/2.1/jp/,2024-03-11,2024-03-11,"{'trip_update_url': '', 'vehicle_position_url': '', 'alert_url': '', 'update_interval': 0}"
joetsucity,上越市,99,higashihiyama-line,【名立区】東飛山線,15,2024-04-01,2025-03-31,True,2025-03-31,CC BY 2.1 JP,https://creativecommons.org/licenses/by/2.1/jp/,2024-03-11,2024-03-11,"{'trip_update_url': '', 'vehicle_position_url': '', 'alert_url': '', 'update_interval': 0}"
joetsucity,上越市,99,utsunomata-line,【牧区】宇津俣線,15,2024-04-01,2025-03-31,True,2025-03-31,CC BY 2.1 JP,https://creativecommons.org/licenses/by/2.1/jp/,2024-03-11,2024-03-11,"{'trip_update_url': '', 'vehicle_position_url': '', 'alert_url': '', 'update_interval': 0}"
joetsucity,上越市,99,joetsu,上越市市営バス,15,2026-04-01,2027-03-31,False,,CC BY 2.1 JP,https://creativecommons.org/licenses/by/2.1/jp/,2026-03-31,2026-03-31,"{'trip_update_url': '', 'vehicle_position_url': '', 'alert_url': '', 'update_interval': 0}"
joetsucity,上越市,99,asahi-line,【大島区】旭線,15,2024-04-01,2025-03-31,True,2025-03-31,CC BY 2.1 JP,https://creativecommons.org/licenses/by/2.1/jp/,2024-03-11,2024-03-11,"{'trip_update_url': '', 'vehicle_position_url': '', 'alert_url': '', 'update_interval': 0}"
joetsucity,上越市,99,shobu-line,【大島区】菖蒲線,15,2024-04-01,2025-03-31,True,2025-03-31,CC BY 2.1 JP,https://creativecommons.org/licenses/by/2.1/jp/,2024-03-11,2024-03-11,"{'trip_update_url': '', 'vehicle_position_url': '', 'alert_url': '', 'update_interval': 0}"
joetsucity,上越市,99,kamisekida-line,【板倉区】上関田線,15,2024-04-01,2025-03-31,True,2025-03-31,CC BY 2.1 JP,https://creativecommons.org/licenses/by/2.1/jp/,2024-03-11,2024-03-11,"{'trip_update_url': '', 'vehicle_position_url': '', 'alert_url': '', 'update_interval': 0}"
joetsucity,上越市,99,tuboyma-line,【牧区】坪山線,15,2024-04-01,2025-03-31,True,2025-03-31,CC BY 2.1 JP,https://creativecommons.org/licenses/by/2.1/jp/,2024-03-11,2024-03-11,"{'trip_update_url': '', 'vehicle_position_url': '', 'alert_url': '', 'update_interval': 0}"
joetsucity,上越市,99,yamaderayakushi-komodate-line,【板倉区】山寺薬師・菰立線,15,2024-04-01,2025-03-31,True,2025-03-31,CC BY 2.1 JP,https://creativecommons.org/licenses/by/2.1/jp/,2024-03-11,2024-03-11,"{'trip_update_url': '', 'vehicle_position_url': '', 'alert_url': '', 'update_interval': 0}"
joetsucity,上越市,99,takatani-tairayama-line,【牧区】高谷・平山線,15,2024-04-01,2025-03-31,True,2025-03-31,CC BY 2.1 JP,https://creativecommons.org/licenses/by/2.1/jp/,2024-03-11,2024-03-11,"{'trip_update_url': '', 'vehicle_position_url': '', 'alert_url': '', 'update_interval': 0}"
joetsucity,上越市,99,oike-line,【頸城区】大池線,15,2024-04-01,2025-03-31,True,2025-03-31,CC BY 2.1 JP,https://creativecommons.org/licenses/by/2.1/jp/,2024-03-11,2024-03-11,"{'trip_update_url': '', 'vehicle_position_url': '', 'alert_url': '', 'update_interval': 0}"
kamocity,加茂市,99,kamonbus,加茂市営バス かもんバス,15,2026-06-01,2027-05-31,False,,CC BY 4.0,https://creativecommons.org/licenses/by/4.0/deed.ja,2026-06-10,2026-06-10,"{'trip_update_url': '', 'vehicle_position_url': '', 'alert_url': '', 'update_interval': 0}"
murakamicity,村上市,99,murakamisicommunitybus,村上市コミュニティバス,15,2026-07-30,2027-07-29,False,,CC BY 4.0,https://creativecommons.org/licenses/by/4.0/deed.ja,2026-08-06,2026-08-06,"{'trip_update_url': '', 'vehicle_position_url': '', 'alert_url': '', 'update_interval': 0}"
sanjocity,三条市,99,guruttosan,三条市循環バスぐるっとさん,15,2025-11-01,2026-03-31,False,,CC BY 2.1 JP,https://creativecommons.org/licenses/by/2.1/jp/,2025-11-04,2025-11-04,"{'trip_update_url': '', 'vehicle_position_url': '', 'alert_url': '', 'update_interval': 0}"
tsubamecity,燕市,99,tsubame_bus,燕市コミュニティバス,15,2026-09-01,2027-08-31,False,,CC BY 4.0,https://creativecommons.org/licenses/by/4.0/deed.ja,2026-08-14,2026-08-14,"{'trip_update_url': '', 'vehicle_position_url': '', 'alert_url': '', 'update_interval': 0}"
chitetsu,富山地方鉄道,99,chitetsushinaidensha,富山地方鉄道市内電車,16,2026-03-14,2027-03-13,False,,CC0 1.0,https://creativecommons.org/publicdomain/zero/1.0/deed.ja,2026-02-27,2026-02-27,"{'trip_update_url': 'https://gtfs-rt-files.buscatch.jp/toyama/chitetsu_tram/TripUpdates.pb', 'vehicle_position_url': 'https://gtfs-rt-files.buscatch.jp/toyama/chitetsu_tram/VehiclePositions.pb', 'alert_url': '', 'update_interval': 0}"
chitetsu,富山地方鉄道,99,chitetsubus,富山地方鉄道バス,16,2026-10-01,2027-09-30,False,,CC0 1.0,https://creativecommons.org/publicdomain/zero/1.0/deed.ja,2026-09-28,2026-09-28,"{'trip_update_url': 'https://gtfs-rt-files.buscatch.jp/toyama/chitetsu/TripUpdates.pb', 'vehicle_position_url': 'https://gtfs-rt-files.buscatch.jp/toyama/chitetsu/VehiclePositions.pb', 'alert_url': '', 'update_interval': 20}"
imizucity,射水市,99,imizushi,きときとバス,16,2026-04-01,2027-03-31,False,,CC0 1.0,https://creativecommons.org/publicdomain/zero/1.0/deed.ja,2026-03-19,2026-03-19,"{'trip_update_url': 'https://gtfs-rt-files.buscatch.jp/toyama/imizu-city/TripUpdates.pb', 'vehicle_position_url': 'https://gtfs-rt-files.buscatch.jp/toyama/imizu-city/VehiclePositions.pb', 'alert_url': '', 'update_interval': 0}"
kaetsunou,加越能バス,99,kaetsunousekaiisan,加越能バス（世界遺産バス）,16,2026-04-01,2027-03-31,False,,CC0 1.0,https://creativecommons.org/publicdomain/zero/1.0/deed.ja,2026-03-18,2026-03-18,"{'trip_update_url': 'https://gtfs-rt-files.buscatch.jp/toyama/kaetsuno_sekaiisan/TripUpdates.pb', 'vehicle_position_url': 'https://gtfs-rt-files.buscatch.jp/toyama/kaetsuno_sekaiisan/VehiclePositions.pb', 'alert_url': '', 'update_interval': 0}"
kaetsunou,加越能バス,99,kaetsunouhimi,加越能バス（氷見市街地周遊バス）,16,2026-04-01,2027-03-31,False,,CC0 1.0,https://creativecommons.org/publicdomain/zero/1.0/deed.ja,2026-03-18,2026-03-18,"{'trip_update_url': 'https://gtfs-rt-files.buscatch.jp/toyama/kaetsuno_himi/TripUpdates.pb', 'vehicle_position_url': 'https://gtfs-rt-files.buscatch.jp/toyama/kaetsuno_himi/VehiclePositions.pb', 'alert_url': '', 'update_interval': 0}"
kaetsunou,加越能バス,99,kaetsunouippan,加越能バス（一般路線）,16,2026-07-16,2027-03-31,False,,CC0 1.0,https://creativecommons.org/publicdomain/zero/1.0/deed.ja,2026-07-16,2026-07-16,"{'trip_update_url': 'https://gtfs-rt-files.buscatch.jp/toyama/kaetsuno/TripUpdates.pb', 'vehicle_position_url': 'https://gtfs-rt-files.buscatch.jp/toyama/kaetsuno/VehiclePositions.pb', 'alert_url': '', 'update_interval': 0}"
kamiichitown,上市町,99,kamiichi,上市町営バス,16,2026-04-01,2027-03-31,False,,CC0 1.0,https://creativecommons.org/publicdomain/zero/1.0/deed.ja,2026-03-18,2026-03-18,"{'trip_update_url': 'https://gtfs-rt-files.buscatch.jp/toyama/kamiichi-town/TripUpdates.pb', 'vehicle_position_url': 'https://gtfs-rt-files.buscatch.jp/toyama/kamiichi-town/VehiclePositions.pb', 'alert_url': '', 'update_interval': 0}"
kurobecity,黒部市,99,shinkansenikuji-ishida-aimoto-minibus,新幹線生地、石田三日市、愛本、電動ミニバス,16,2026-04-01,2027-03-31,False,,CC0 1.0,https://creativecommons.org/publicdomain/zero/1.0/deed.ja,2026-03-25,2026-03-25,"{'trip_update_url': 'https://gtfs-rt-files.buscatch.jp/toyama/kurobe_city_bus/TripUpdates.pb', 'vehicle_position_url': 'https://gtfs-rt-files.buscatch.jp/toyama/kurobe_city_bus/VehiclePositions.pb', 'alert_url': '', 'update_interval': 0}"
kurobecity,黒部市,99,shinkansenikujisen,新幹線生地線,16,2025-04-01,2026-03-31,True,2026-04-01,CC0 1.0,https://creativecommons.org/publicdomain/zero/1.0/deed.ja,2025-03-14,2025-03-14,"{'trip_update_url': 'https://gtfs-rt-files.buscatch.jp/toyama/kurobe_shinkansen/TripUpdates.pb', 'vehicle_position_url': 'https://gtfs-rt-files.buscatch.jp/toyama/kurobe_shinkansen/VehiclePositions.pb', 'alert_url': '', 'update_interval': 0}"
kurobecity,黒部市,99,ishida-aimoto,石田・愛本,16,2025-10-01,2026-09-30,True,2026-04-01,CC0 1.0,https://creativecommons.org/publicdomain/zero/1.0/deed.ja,2025-10-09,2025-10-09,"{'trip_update_url': 'https://gtfs-rt-files.buscatch.jp/toyama/kurobe_city_bus/TripUpdates.pb', 'vehicle_position_url': 'https://gtfs-rt-files.buscatch.jp/toyama/kurobe_city_bus/VehiclePositions.pb', 'alert_url': '', 'update_interval': 0}"
manyosen,万葉線,99,manyosen,万葉線,16,2026-09-01,2027-08-31,False,,CC0 1.0,https://creativecommons.org/publicdomain/zero/1.0/deed.ja,2026-08-31,2026-08-31,"{'trip_update_url': 'https://gtfs-rt-files.buscatch.jp/toyama/manyo_line/TripUpdates.pb', 'vehicle_position_url': 'https://gtfs-rt-files.buscatch.jp/toyama/manyo_line/VehiclePositions.pb', 'alert_url': '', 'update_interval': 0}"
namerikawacity,滑川市,99,norumycar,コミュニティバス「のるmycar」,16,2026-10-01,2027-09-30,False,,CC0 1.0,https://creativecommons.org/publicdomain/zero/1.0/deed.ja,2026-09-28,2026-09-28,"{'trip_update_url': 'https://gtfs-rt-files.buscatch.jp/toyama/namerikawa-city/TripUpdates.pb', 'vehicle_position_url': 'https://gtfs-rt-files.buscatch.jp/toyama/namerikawa-city/VehiclePositions.pb', 'alert_url': '', 'update_interval': 0}"
nantocity,南砺市,99,nanbus,南砺市営バス,16,2026-05-26,2027-03-31,False,,CC0 1.0,https://creativecommons.org/publicdomain/zero/1.0/deed.ja,2026-05-26,2026-05-26,"{'trip_update_url': 'https://gtfs-rt-files.buscatch.jp/toyama/nanto-city/TripUpdates.pb', 'vehicle_position_url': 'https://gtfs-rt-files.buscatch.jp/toyama/nanto-city/VehiclePositions.pb', 'alert_url': '', 'update_interval': 0}"
nishinihonjrbus,西日本ジェイアールバス,99,meikinsen,名金線（金沢～福光）（2022年6月30日廃止）,16,2022-04-01,2022-06-30,True,2022-06-30,CC0 1.0,https://creativecommons.org/publicdomain/zero/1.0/deed.ja,2022-12-04,2022-12-04,"{'trip_update_url': '', 'vehicle_position_url': '', 'alert_url': '', 'update_interval': 0}"
nyuzentown,入善町,99,noranmaicar,のらんマイ・カー,16,2026-02-25,2027-03-31,False,,CC0 1.0,https://creativecommons.org/publicdomain/zero/1.0/deed.ja,2026-07-06,2026-07-06,"{'trip_update_url': 'https://gtfs-rt-files.buscatch.jp/toyama/nyuzen_noran/TripUpdates.pb', 'vehicle_position_url': 'https://gtfs-rt-files.buscatch.jp/toyama/nyuzen_noran/VehiclePositions.pb', 'alert_url': '', 'update_interval': 0}"
oyabecity,小矢部市,99,oyabecitybus,小矢部市営バス,16,2026-04-01,2027-03-31,False,,CC0 1.0,https://creativecommons.org/publicdomain/zero/1.0/deed.ja,2026-07-14,2026-07-14,"{'trip_update_url': 'https://gtfs-rt-files.buscatch.jp/toyama/oyabe-city/TripUpdates.pb', 'vehicle_position_url': 'https://gtfs-rt-files.buscatch.jp/toyama/oyabe-city/VehiclePositions.pb', 'alert_url': '', 'update_interval': 0}"
takaokacity,高岡市,99,koueibus,高岡市公営バス,16,2026-04-01,2027-03-31,False,,CC0 1.0,https://creativecommons.org/publicdomain/zero/1.0/deed.ja,2026-07-06,2026-07-06,"{'trip_update_url': 'https://gtfs-rt-files.buscatch.jp/toyama/takaoka-city/TripUpdates.pb', 'vehicle_position_url': 'https://gtfs-rt-files.buscatch.jp/toyama/takaoka-city/VehiclePositions.pb', 'alert_url': '', 'update_interval': 0}"
tateyamatown,立山町,99,tateyama,立山町営バス,16,2026-10-13,2027-03-31,False,,CC0 1.0,https://creativecommons.org/publicdomain/zero/1.0/deed.ja,2026-09-16,2026-09-16,"{'trip_update_url': 'https://gtfs-rt-files.buscatch.jp/toyama/tateyama-town/TripUpdates.pb', 'vehicle_position_url': 'https://gtfs-rt-files.buscatch.jp/toyama/tateyama-town/VehiclePositions.pb', 'alert_url': '', 'update_interval': 0}"
tonamicity,砺波市,99,tonamishieibasu,砺波市営バス,16,2026-03-26,2027-03-31,False,,CC0 1.0,https://creativecommons.org/publicdomain/zero/1.0/deed.ja,2026-03-30,2026-03-30,"{'trip_update_url': 'https://gtfs-rt-files.buscatch.jp/toyama/tonami-city/TripUpdates.pb', 'vehicle_position_url': 'https://gtfs-rt-files.buscatch.jp/toyama/tonami-city/VehiclePositions.pb', 'alert_url': '', 'update_interval': 0}"
toyama-asahitown,富山県朝日町,99,asahimachibus,あさひまちバス,16,2026-03-16,2027-03-31,False,,CC0 1.0,https://creativecommons.org/publicdomain/zero/1.0/deed.ja,2026-03-13,2026-03-13,"{'trip_update_url': 'https://gtfs-rt-files.buscatch.jp/toyama/asahimachi/TripUpdates.pb', 'vehicle_position_url': 'https://gtfs-rt-files.buscatch.jp/toyama/asahimachi/VehiclePositions.pb', 'alert_url': '', 'update_interval': 0}"
toyamacity,富山市,99,jojocommunitybus,上条コミバス（2025/10/1  デマンド運行に移行）,16,2025-04-17,2025-10-31,True,2025-09-30,CC0 1.0,https://creativecommons.org/publicdomain/zero/1.0/deed.ja,2025-12-15,2025-12-15,"{'trip_update_url': 'https://gtfs-rt-files.buscatch.jp/toyama/toyama-city-jojo/TripUpdates.pb', 'vehicle_position_url': 'https://gtfs-rt-files.buscatch.jp/toyama/toyama-city-jojo/VehiclePositions.pb', 'alert_url': '', 'update_interval': 0}"
toyamacity,富山市,99,yamadacommunitybus,山田コミュニティバス,16,2026-04-01,2027-03-31,False,,CC0 1.0,https://creativecommons.org/publicdomain/zero/1.0/deed.ja,2026-03-24,2026-03-24,"{'trip_update_url': 'https://gtfs-rt-files.buscatch.jp/toyama/toyama-city-yamada/TripUpdates.pb', 'vehicle_position_url': 'https://gtfs-rt-files.buscatch.jp/toyama/toyama-city-yamada/VehiclePositions.pb', 'alert_url': '', 'update_interval': 0}"
toyamacity,富山市,99,fuchucommunitybus,婦中コミュニティバス,16,2026-04-01,2027-03-31,False,,CC0 1.0,https://creativecommons.org/publicdomain/zero/1.0/deed.ja,2026-03-24,2026-03-24,"{'trip_update_url': 'https://gtfs-rt-files.buscatch.jp/toyama/toyama-city-fuchu/TripUpdates.pb', 'vehicle_position_url': 'https://gtfs-rt-files.buscatch.jp/toyama/toyama-city-fuchu/VehiclePositions.pb', 'alert_url': '', 'update_interval': 0}"
toyamacity,富山市,99,oyamacommunitybus,大山コミュニティバス,16,2026-04-01,2027-03-31,False,,CC0 1.0,https://creativecommons.org/publicdomain/zero/1.0/deed.ja,2026-03-24,2026-03-24,"{'trip_update_url': 'https://gtfs-rt-files.buscatch.jp/toyama/toyama-city-oyama/TripUpdates.pb', 'vehicle_position_url': 'https://gtfs-rt-files.buscatch.jp/toyama/toyama-city-oyama/VehiclePositions.pb', 'alert_url': '', 'update_interval': 0}"
toyamacity,富山市,99,maidohayabus,まいどはやバス,16,2026-04-01,2027-03-31,False,,CC0 1.0,https://creativecommons.org/publicdomain/zero/1.0/deed.ja,2026-03-19,2026-03-19,"{'trip_update_url': 'https://gtfs-rt-files.buscatch.jp/toyama/toyama-city-maidohaya/TripUpdates.pb', 'vehicle_position_url': 'https://gtfs-rt-files.buscatch.jp/toyama/toyama-city-maidohaya/VehiclePositions.pb', 'alert_url': '', 'update_interval': 0}"
toyamacity,富山市,99,horikawaminamicommunitybus,堀川南地域コミュニティバス,16,2026-04-01,2027-03-31,False,,CC0 1.0,https://creativecommons.org/publicdomain/zero/1.0/deed.ja,2026-03-19,2026-03-19,"{'trip_update_url': 'https://gtfs-rt-files.buscatch.jp/toyama/toyama-city-horikawaminami/TripUpdates.pb', 'vehicle_position_url': 'https://gtfs-rt-files.buscatch.jp/toyama/toyama-city-horikawaminami/VehiclePositions.pb', 'alert_url': '', 'update_interval': 0}"
toyamacity,富山市,99,yatsuocommunitybus,八尾コミュニティバス,16,2026-04-20,2027-03-31,False,,CC0 1.0,https://creativecommons.org/publicdomain/zero/1.0/deed.ja,2026-04-21,2026-04-21,"{'trip_update_url': 'https://gtfs-rt-files.buscatch.jp/toyama/toyama-city-yatsuo/TripUpdates.pb', 'vehicle_position_url': 'https://gtfs-rt-files.buscatch.jp/toyama/toyama-city-yatsuo/VehiclePositions.pb', 'alert_url': '', 'update_interval': 0}"
toyamacity,富山市,99,mizuhashifureaicommunitybus,水橋ふれあいコミュニティバス（2025/10/1 デマンド運行に移行）,16,2025-04-01,2025-10-31,True,2025-09-30,CC0 1.0,https://creativecommons.org/publicdomain/zero/1.0/deed.ja,2025-12-15,2025-12-15,"{'trip_update_url': 'https://gtfs-rt-files.buscatch.jp/toyama/toyama-city-mizuhashi/TripUpdates.pb', 'vehicle_position_url': 'https://gtfs-rt-files.buscatch.jp/toyama/toyama-city-mizuhashi/VehiclePositions.pb', 'alert_url': '', 'update_interval': 0}"
toyamacity,富山市,99,kurehaikiikibus,呉羽いきいきバス,16,2026-04-01,2027-03-31,False,,CC0 1.0,https://creativecommons.org/publicdomain/zero/1.0/deed.ja,2026-03-19,2026-03-19,"{'trip_update_url': 'https://gtfs-rt-files.buscatch.jp/toyama/toyama-city-kureha/TripUpdates.pb', 'vehicle_position_url': 'https://gtfs-rt-files.buscatch.jp/toyama/toyama-city-kureha/VehiclePositions.pb', 'alert_url': '', 'update_interval': 0}"
uozucity,魚津市,99,junkai,魚津市民バス,16,2026-04-02,2027-03-31,False,,CC0 1.0,https://creativecommons.org/publicdomain/zero/1.0/deed.ja,2026-04-08,2026-04-08,"{'trip_update_url': 'https://gtfs-rt-files.buscatch.jp/toyama/uozu_shimin/TripUpdates.pb', 'vehicle_position_url': 'https://gtfs-rt-files.buscatch.jp/toyama/uozu_shimin/VehiclePositions.pb', 'alert_url': '', 'update_interval': 0}"
uozucity,魚津市,99,omotenashi,おもてなし魚津直行便,16,2025-03-15,2026-03-16,False,,CC0 1.0,https://creativecommons.org/publicdomain/zero/1.0/deed.ja,2025-08-28,2025-08-28,"{'trip_update_url': 'https://gtfs-rt-files.buscatch.jp/toyama/uozu_omotenashi/TripUpdates.pb', 'vehicle_position_url': 'https://gtfs-rt-files.buscatch.jp/toyama/uozu_omotenashi/VehiclePositions.pb', 'alert_url': '', 'update_interval': 0}"
hakusancity,白山市,99,hakusan_bus_meguru,白山市コミュニティバス「めぐーる」,17,2026-03-16,2027-03-15,False,,CC BY 4.0,https://creativecommons.org/licenses/by/4.0/deed.ja,2026-03-11,2026-03-11,"{'trip_update_url': '', 'vehicle_position_url': '', 'alert_url': '', 'update_interval': 0}"
komatsucity,小松市,99,kibagatasen,木場潟線,17,2026-10-01,2027-09-30,False,,CC0 1.0,https://creativecommons.org/publicdomain/zero/1.0/deed.ja,2026-09-24,2026-09-24,"{'trip_update_url': '', 'vehicle_position_url': '', 'alert_url': '', 'update_interval': 0}"
komatsucity,小松市,99,blue,市内循環線北コース,17,2026-04-01,2027-03-31,False,,CC0 1.0,https://creativecommons.org/publicdomain/zero/1.0/deed.ja,2026-03-25,2026-03-25,"{'trip_update_url': '', 'vehicle_position_url': '', 'alert_url': '', 'update_interval': 0}"
komatsucity,小松市,99,orange,市内循環線南コース,17,2026-04-01,2027-03-31,False,,CC0 1.0,https://creativecommons.org/publicdomain/zero/1.0/deed.ja,2026-03-25,2026-03-25,"{'trip_update_url': '', 'vehicle_position_url': '', 'alert_url': '', 'update_interval': 0}"
nonoichicity,野々市市,99,communitybus,コミュニティバス,17,2026-02-05,2027-03-31,False,,CC BY 4.0,https://creativecommons.org/licenses/by/4.0/deed.ja,2026-02-06,2026-02-06,"{'trip_update_url': '', 'vehicle_position_url': '', 'alert_url': '', 'update_interval': 0}"
uchinadatown,内灘町,99,communitybus,コミュニティバス,17,2025-11-17,2026-12-31,False,,CC BY 4.0,https://creativecommons.org/licenses/by/4.0/deed.ja,2026-01-28,2026-01-28,"{'trip_update_url': '', 'vehicle_position_url': '', 'alert_url': '', 'update_interval': 0}"
ichikawamisatotown,市川三郷町,99,ichikawamisatobus,市川三郷町コミュニティバス,19,2026-10-01,2027-03-31,False,,CC BY 4.0,https://creativecommons.org/licenses/by/4.0/deed.ja,2026-09-17,2026-09-17,"{'trip_update_url': '', 'vehicle_position_url': '', 'alert_url': '', 'update_interval': 0}"
kaicity,甲斐市,99,kaicitybus,甲斐市民バス,19,2025-04-01,2027-03-31,False,,CC0 1.0,https://creativecommons.org/publicdomain/zero/1.0/deed.ja,2026-03-17,2026-03-17,"{'trip_update_url': '', 'vehicle_position_url': '', 'alert_url': '', 'update_interval': 0}"
kiyosato,NPO法人清里観光振興会,99,kiyosato-picnicbus,清里ピクニックバス,19,2025-04-01,2026-03-31,False,,CC0 1.0,https://creativecommons.org/publicdomain/zero/1.0/deed.ja,2025-03-11,2025-03-11,"{'trip_update_url': '', 'vehicle_position_url': '', 'alert_url': '', 'update_interval': 0}"
kosugevillage,小菅村,99,kosugesoneibus,小菅村営バス,19,2026-04-01,2027-03-31,False,,CC0 1.0,https://creativecommons.org/publicdomain/zero/1.0/deed.ja,2026-07-23,2026-07-23,"{'trip_update_url': '', 'vehicle_position_url': '', 'alert_url': '', 'update_interval': 0}"
minobutown,身延町,99,iitomimotosukosen,飯富本栖湖線,19,2025-04-01,2026-03-31,False,,CC0 1.0,https://creativecommons.org/publicdomain/zero/1.0/deed.ja,2025-07-11,2025-07-11,"{'trip_update_url': '', 'vehicle_position_url': '', 'alert_url': '', 'update_interval': 0}"
minobutown,身延町,99,furusekizyunkansen,古関循環線,19,2025-04-01,2026-03-31,False,,CC0 1.0,https://creativecommons.org/publicdomain/zero/1.0/deed.ja,2025-07-11,2025-07-11,"{'trip_update_url': '', 'vehicle_position_url': '', 'alert_url': '', 'update_interval': 0}"
minobutown,身延町,99,furusekikaiiwamasen,古関甲斐岩間線,19,2025-04-01,2026-03-31,False,,CC0 1.0,https://creativecommons.org/publicdomain/zero/1.0/deed.ja,2025-07-11,2025-07-11,"{'trip_update_url': '', 'vehicle_position_url': '', 'alert_url': '', 'update_interval': 0}"
nirasakicity,韮崎市,99,shiminbus,韮崎市民バス,19,2025-04-01,2026-03-31,False,,CC0 1.0,https://creativecommons.org/publicdomain/zero/1.0/deed.ja,2025-04-30,2025-04-30,"{'trip_update_url': '', 'vehicle_position_url': '', 'alert_url': '', 'update_interval': 0}"
yamanashi-hokutocity,北杜市,99,hokuto-bus,北杜市民バス,19,2026-04-01,2027-03-31,False,,CC BY 4.0,https://creativecommons.org/licenses/by/4.0/deed.ja,2026-04-17,2026-04-17,"{'trip_update_url': '', 'vehicle_position_url': '', 'alert_url': '', 'update_interval': 0}"
yamanashi-nanbutown,南部町,99,nanbucyoueibasu,南部町営バス,19,2026-04-01,2027-03-31,False,,CC BY 4.0,https://creativecommons.org/licenses/by/4.0/deed.ja,2026-03-31,2026-03-31,"{'trip_update_url': '', 'vehicle_position_url': '', 'alert_url': '', 'update_interval': 0}"
agematsutown,上松町,99,agematu,上松町公共交通,20,2026-10-01,2027-09-30,False,,CC0 1.0,https://creativecommons.org/publicdomain/zero/1.0/deed.ja,2026-08-31,2026-08-31,"{'trip_update_url': '', 'vehicle_position_url': '', 'alert_url': '', 'update_interval': 0}"
aokivillage,青木村,99,aokisoneibus,青木村営バス,20,2026-10-01,2027-09-30,False,,CC BY 4.0,https://creativecommons.org/licenses/by/4.0/deed.ja,2026-09-03,2026-09-03,"{'trip_update_url': '', 'vehicle_position_url': '', 'alert_url': '', 'update_interval': 0}"
chikuma-bus,千曲バス株式会社,99,rosenbus,路線バス,20,2026-10-01,2027-09-30,False,,CC BY 4.0,https://creativecommons.org/licenses/by/4.0/deed.ja,2026-09-09,2026-09-09,"{'trip_update_url': '', 'vehicle_position_url': '', 'alert_url': '', 'update_interval': 0}"
chikumacity,千曲市,99,chikumajunkanbus,千曲市循環バス,20,2026-08-25,2027-03-31,False,,CC BY 4.0,https://creativecommons.org/licenses/by/4.0/deed.ja,2026-08-25,2026-08-25,"{'trip_update_url': '', 'vehicle_position_url': '', 'alert_url': '', 'update_interval': 0}"
iijimatown,飯島町,99,iichanbus,いいちゃんバス,20,2024-12-10,2025-12-09,False,,CC BY 4.0,https://creativecommons.org/licenses/by/4.0/deed.ja,2025-01-30,2025-01-30,"{'trip_update_url': '', 'vehicle_position_url': '', 'alert_url': '', 'update_interval': 0}"
iiyamacity,飯山市,99,nanohanabus,菜の花バス市街地循環線,20,2026-04-22,2027-03-31,False,,CC BY 4.0,https://creativecommons.org/licenses/by/4.0/deed.ja,2026-04-22,2026-04-22,"{'trip_update_url': '', 'vehicle_position_url': '', 'alert_url': '', 'update_interval': 0}"
karuizawatown,軽井沢町,99,junkan-bus,軽井沢町町内循環バス,20,2026-08-05,2027-03-31,False,,CC BY 4.0,https://creativecommons.org/licenses/by/4.0/deed.ja,2026-08-06,2026-08-06,"{'trip_update_url': '', 'vehicle_position_url': '', 'alert_url': '', 'update_interval': 0}"
kisokoikirengo,木曽広域連合,99,kiso-bus,きそバス,20,2026-10-01,2027-09-30,False,,CC BY 2.1 JP,https://creativecommons.org/licenses/by/2.1/jp/,2026-08-31,2026-08-31,"{'trip_update_url': '', 'vehicle_position_url': '', 'alert_url': '', 'update_interval': 0}"
kisotown,木曽町,99,kisotown,木曽町公共交通,20,2026-10-01,2027-09-30,False,,CC BY 2.1 JP,https://creativecommons.org/licenses/by/2.1/jp/,2026-08-25,2026-08-25,"{'trip_update_url': '', 'vehicle_position_url': '', 'alert_url': '', 'update_interval': 0}"
kisovillage,木祖村,99,kisovill,木祖村公共交通,20,2026-08-25,2027-09-30,False,,CC BY 2.1 JP,https://creativecommons.org/licenses/by/2.1/jp/,2026-08-25,2026-08-25,"{'trip_update_url': '', 'vehicle_position_url': '', 'alert_url': '', 'update_interval': 0}"
kitaaikivillage,北相木村,99,soneibus,北相木村村営バス,20,2023-08-31,2024-03-31,False,,CC BY 4.0,https://creativecommons.org/licenses/by/4.0/deed.ja,2023-08-31,2023-08-31,"{'trip_update_url': '', 'vehicle_position_url': '', 'alert_url': '', 'update_interval': 0}"
kusakarukotsu,草軽交通株式会社,99,kusakarubus,軽井沢草津長野原草津口バス,20,2026-08-01,2027-07-31,False,,CC BY 4.0,https://creativecommons.org/licenses/by/4.0/deed.ja,2026-07-26,2026-07-26,"{'trip_update_url': '', 'vehicle_position_url': '', 'alert_url': '', 'update_interval': 0}"
matsumotocity,松本市,99,guruttomatsumotobus2,地域連携バス,20,2026-08-01,2028-03-31,False,,CC BY 4.0,https://creativecommons.org/licenses/by/4.0/deed.ja,2026-07-15,2026-07-15,"{'trip_update_url': '', 'vehicle_position_url': '', 'alert_url': '', 'update_interval': 0}"
matsumotocity,松本市,99,guruttomatsumotobus1,松本駅・バスターミナル発着バス,20,2026-08-01,2028-03-31,False,,CC BY 4.0,https://creativecommons.org/licenses/by/4.0/deed.ja,2026-07-02,2026-07-02,"{'trip_update_url': '', 'vehicle_position_url': '', 'alert_url': '', 'update_interval': 0}"
minamishinshu,南信州地域交通問題協議会（南信州広域連合）,99,Minamishinshu-Iidacity-1, 【飯田市】L1市民バス循環線/C2市民バス久堅線/C3市民バス千代線/C4市民バス三穂線/C5市民バス大休線/E2平岡線,20,2026-08-23,2027-03-31,False,,CC BY 4.0,https://creativecommons.org/licenses/by/4.0/deed.ja,2026-09-03,2026-09-03,"{'trip_update_url': '', 'vehicle_position_url': '', 'alert_url': '', 'update_interval': 0}"
minamishinshu,南信州地域交通問題協議会（南信州広域連合）,99,Minamishinshu-toyooka-1,【豊丘村】T3豊丘村村営バス堀越線/T4豊丘村村営バス佐原線/T5豊丘村村営バス福島線/T6豊丘村村営バス壬生沢福島線/T7豊丘村村営バス壬生沢線/T2豊丘村村営バス滝川阿島北県道線,20,2026-04-01,2027-03-31,False,,CC BY 4.0,https://creativecommons.org/licenses/by/4.0/deed.ja,2026-03-23,2026-03-23,"{'trip_update_url': '', 'vehicle_position_url': '', 'alert_url': '', 'update_interval': 0}"
minamishinshu,南信州地域交通問題協議会（南信州広域連合）,99,Minamishinshu-seibu-1,【阿智村・根羽村・平谷村】W1　西部コミュニティバス,20,2026-07-15,2027-04-02,False,,CC BY 4.0,https://creativecommons.org/licenses/by/4.0/deed.ja,2026-07-17,2026-07-17,"{'trip_update_url': '', 'vehicle_position_url': '', 'alert_url': '', 'update_interval': 0}"
minamishinshu,南信州地域交通問題協議会（南信州広域連合）,99,Minamishinshu-iidacity-3,【飯田市】飯田☆中津川線,20,2026-09-01,2027-03-31,False,,CC BY 4.0,https://creativecommons.org/licenses/by/4.0/deed.ja,2026-09-10,2026-09-10,"{'trip_update_url': '', 'vehicle_position_url': '', 'alert_url': '', 'update_interval': 0}"
minamishinshu,南信州地域交通問題協議会（南信州広域連合）,99,Minamishinshu-Ooshika-1,【大鹿村】M1　大鹿線,20,2026-04-01,2027-03-31,False,,CC BY 4.0,https://creativecommons.org/licenses/by/4.0/deed.ja,2026-03-23,2026-03-23,"{'trip_update_url': '', 'vehicle_position_url': '', 'alert_url': '', 'update_interval': 0}"
minamishinshu,南信州地域交通問題協議会（南信州広域連合）,99,Minamishinshu-achi-1,【阿智村】W2巡回バス伍和線/W3巡回バス春日・智里線/W4巡回バス浪合線/W5巡回バス清内路線/W6巡回バス智里東線,20,2026-04-01,2027-03-31,False,,CC BY 4.0,https://creativecommons.org/licenses/by/4.0/deed.ja,2026-03-23,2026-03-23,"{'trip_update_url': '', 'vehicle_position_url': '', 'alert_url': '', 'update_interval': 0}"
minamishinshu,南信州地域交通問題協議会（南信州広域連合）,99,Minamishinshu-Matsukawa-1,【松川町】M3まつかわフルーツバス部奈線/M6 まつかわフルーツバス 上片桐・大島通学便/M7 まつかわフルーツバス 生田線,20,2026-03-16,2027-03-31,False,,CC BY 4.0,https://creativecommons.org/licenses/by/4.0/deed.ja,2026-03-23,2026-03-23,"{'trip_update_url': '', 'vehicle_position_url': '', 'alert_url': '', 'update_interval': 0}"
minamishinshu,南信州地域交通問題協議会（南信州広域連合）,99,Minamishinshu-Nanbu-1,S0南部公共バス阿南線/S1南部公共バス温田線,20,2026-04-01,2027-03-31,False,,CC BY 4.0,https://creativecommons.org/licenses/by/4.0/deed.ja,2026-04-27,2026-04-27,"{'trip_update_url': '', 'vehicle_position_url': '', 'alert_url': '', 'update_interval': 0}"
minamishinshu,南信州地域交通問題協議会（南信州広域連合）,99,Minamishinshu-takamori-1,【高森町】K1 柿丸あったかバス山吹エリア/K2柿丸あったかバス市田エリア/K3おはようバス山吹回り/K4おはようバス市田回り,20,2026-04-08,2027-03-31,False,,CC BY 4.0,https://creativecommons.org/licenses/by/4.0/deed.ja,2026-04-08,2026-04-08,"{'trip_update_url': '', 'vehicle_position_url': '', 'alert_url': '', 'update_interval': 0}"
minamishinshu,南信州地域交通問題協議会（南信州広域連合）,99,Minamishinshu-iida-2,電気小型バス「プッチー」（飯田市内）,20,2026-03-21,2027-03-31,False,,CC BY 4.0,https://creativecommons.org/licenses/by/4.0/deed.ja,2026-03-04,2026-03-04,"{'trip_update_url': '', 'vehicle_position_url': '', 'alert_url': '', 'update_interval': 0}"
minamishinshu,南信州地域交通問題協議会（南信州広域連合）,99,Minamishinshu-Shinnan-1,【信南交通㈱】W0駒場線/E0 阿島線/E1遠山郷線,20,2026-04-01,2027-03-31,False,,CC BY 4.0,https://creativecommons.org/licenses/by/4.0/deed.ja,2026-03-23,2026-03-23,"{'trip_update_url': '', 'vehicle_position_url': '', 'alert_url': '', 'update_interval': 0}"
minamishinshu,南信州地域交通問題協議会（南信州広域連合）,99,Minamishinshu-takagi-1,【喬木村】E3喬木大島線せせらぎ/E4氏乗線そよかぜ/E5 たかぎコミュニティバス阿島線/E6 たかぎコミュニティバス伊久間線/E7たかぎコミュニティバス厚生病院線/E8上平線/E9富田線,20,2026-04-23,2026-12-15,False,,CC BY 4.0,https://creativecommons.org/licenses/by/4.0/deed.ja,2026-04-23,2026-04-23,"{'trip_update_url': '', 'vehicle_position_url': '', 'alert_url': '', 'update_interval': 0}"
nagadenbus,長電バス株式会社,99,nagadenbus-iizuna,長電バス飯綱営業所管内,20,2026-04-15,2027-04-14,False,,CC BY 4.0,https://creativecommons.org/licenses/by/4.0/deed.ja,2026-04-15,2026-04-15,"{'trip_update_url': '', 'vehicle_position_url': '', 'alert_url': '', 'update_interval': 0}"
nagadenbus,長電バス株式会社,99,nagadenbus-exp,長電バス急行,20,2026-04-07,2026-12-04,False,,CC BY 4.0,https://creativecommons.org/licenses/by/4.0/deed.ja,2026-07-06,2026-07-06,"{'trip_update_url': '', 'vehicle_position_url': '', 'alert_url': '', 'update_interval': 0}"
nagadenbus,長電バス株式会社,99,nagadenbus-nakano,長電バス中野３路線,20,2026-04-15,2027-04-14,False,,CC BY 4.0,https://creativecommons.org/licenses/by/4.0/deed.ja,2026-04-15,2026-04-15,"{'trip_update_url': '', 'vehicle_position_url': '', 'alert_url': '', 'update_interval': 0}"
nagadenbus,長電バス株式会社,99,nagadenbus-nagano,長電バス長野営業所管内,20,2026-03-30,2027-03-29,False,,CC BY 4.0,https://creativecommons.org/licenses/by/4.0/deed.ja,2026-04-17,2026-04-17,"{'trip_update_url': '', 'vehicle_position_url': '', 'alert_url': '', 'update_interval': 0}"
nagadenbus,長電バス株式会社,99,obuse-romango,おぶせロマン号,20,2026-04-25,2026-11-23,False,,CC BY 4.0,https://creativecommons.org/licenses/by/4.0/deed.ja,2026-04-25,2026-04-25,"{'trip_update_url': '', 'vehicle_position_url': '', 'alert_url': '', 'update_interval': 0}"
nagano-ikedatown,池田町,99,IkedaTownBus,池田町営バス,20,2026-03-14,2027-03-17,False,,CC BY 4.0,https://creativecommons.org/licenses/by/4.0/deed.ja,2026-03-13,2026-03-13,"{'trip_update_url': '', 'vehicle_position_url': '', 'alert_url': '', 'update_interval': 0}"
nagano-kawakamivillage,川上村,99,kawakamibus,川上村営バス,20,2026-03-24,2027-03-31,False,,CC BY 4.0,https://creativecommons.org/licenses/by/4.0/deed.ja,2026-03-24,2026-03-24,"{'trip_update_url': '', 'vehicle_position_url': '', 'alert_url': '', 'update_interval': 0}"
nagano-nakanocity,中野市,99,fureaibus,中野市ふれあいバス,20,2024-01-12,2025-01-11,False,,CC0 1.0,https://creativecommons.org/publicdomain/zero/1.0/deed.ja,2024-03-08,2024-03-08,"{'trip_update_url': '', 'vehicle_position_url': '', 'alert_url': '', 'update_interval': 0}"
naganocity,長野市,99,shiei_noriaibus,長野市営バス・乗合タクシー,20,2026-04-01,2027-03-31,False,,CC BY 4.0,https://creativecommons.org/licenses/by/4.0/deed.ja,2026-03-31,2026-03-31,"{'trip_update_url': '', 'vehicle_position_url': '', 'alert_url': '', 'update_interval': 0}"
nagisotown,南木曽町,99,communitybus,南木曽町地域バス,20,2026-04-01,2027-03-31,False,,CC BY 4.0,https://creativecommons.org/licenses/by/4.0/deed.ja,2026-03-24,2026-03-24,"{'trip_update_url': '', 'vehicle_position_url': '', 'alert_url': '', 'update_interval': 0}"
okayacity,岡谷市,99,silkybus,シルキーバス,20,2024-12-09,2026-03-31,False,,CC BY 4.0,https://creativecommons.org/licenses/by/4.0/deed.ja,2024-12-09,2024-12-09,"{'trip_update_url': '', 'vehicle_position_url': '', 'alert_url': '', 'update_interval': 0}"
okuwavillage,大桑村,99,kuwachan-bus,くわちゃんバス,20,2026-10-01,2027-09-30,False,,CC0 1.0,https://creativecommons.org/publicdomain/zero/1.0/deed.ja,2026-08-18,2026-08-18,"{'trip_update_url': '', 'vehicle_position_url': '', 'alert_url': '', 'update_interval': 0}"
omachicity,大町市,99,omachiraicholiner,特急バス「雷鳥ライナー」,20,2026-03-23,2026-11-30,False,,CC BY 4.0,https://creativecommons.org/licenses/by/4.0/deed.ja,2026-03-23,2026-03-23,"{'trip_update_url': '', 'vehicle_position_url': '', 'alert_url': '', 'update_interval': 0}"
omachicity,大町市,99,omachisiminbus,大町市民バス,20,2026-04-01,2027-03-31,False,,CC BY 4.0,https://creativecommons.org/licenses/by/4.0/deed.ja,2026-03-17,2026-03-17,"{'trip_update_url': '', 'vehicle_position_url': '', 'alert_url': '', 'update_interval': 0}"
otakivillage,王滝村,99,otaki-village,王滝村,20,2026-05-26,2027-03-31,False,,CC0 1.0,https://creativecommons.org/publicdomain/zero/1.0/deed.ja,2026-06-04,2026-06-04,"{'trip_update_url': '', 'vehicle_position_url': '', 'alert_url': '', 'update_interval': 0}"
shinanotown,信濃町,99,rosenbus,信濃町路線バス,20,2023-06-02,2024-03-31,False,,CC0 1.0,https://creativecommons.org/publicdomain/zero/1.0/deed.ja,2023-06-02,2023-06-02,"{'trip_update_url': '', 'vehicle_position_url': '', 'alert_url': '', 'update_interval': 0}"
shiojiricity,塩尻市,99,suteppukunn,塩尻市地域振興バス「すてっぷくん」,20,2026-04-01,2028-04-01,False,,CC BY 4.0,https://creativecommons.org/licenses/by/4.0/deed.ja,2026-03-18,2026-03-18,"{'trip_update_url': '', 'vehicle_position_url': '', 'alert_url': '', 'update_interval': 0}"
suwacity,諏訪市,99,karinchanbas,かりんちゃんバス,20,2026-04-01,2027-03-31,False,,CC BY 4.0,https://creativecommons.org/licenses/by/4.0/deed.ja,2026-02-06,2026-02-06,"{'trip_update_url': '', 'vehicle_position_url': '', 'alert_url': '', 'update_interval': 0}"
suzakicity,須坂市,99,suzakashiminbus,すざか市民バス,20,2026-08-04,2027-04-30,False,,CC BY 2.1 JP,https://creativecommons.org/licenses/by/2.1/jp/,2026-08-04,2026-08-04,"{'trip_update_url': '', 'vehicle_position_url': '', 'alert_url': '', 'update_interval': 0}"
tateshinatown,立科町,99,tateshinasmile,たてしなスマイル交通,20,2025-10-14,2026-03-31,False,,CC BY 4.0,https://creativecommons.org/licenses/by/4.0/deed.ja,2025-10-14,2025-10-14,"{'trip_update_url': '', 'vehicle_position_url': '', 'alert_url': '', 'update_interval': 0}"
toshinkanko-bus,東信観光バス株式会社,99,rosenbus,路線バス,20,2026-04-01,2027-03-31,False,,CC0 1.0,https://creativecommons.org/publicdomain/zero/1.0/deed.ja,2026-07-01,2026-07-01,"{'trip_update_url': '', 'vehicle_position_url': '', 'alert_url': '', 'update_interval': 0}"
uedabus,上田バス株式会社,99,noriai_bus,路線バス,20,2026-10-01,2027-09-30,False,,CC BY 4.0,https://creativecommons.org/licenses/by/4.0/deed.ja,2026-09-15,2026-09-15,"{'trip_update_url': '', 'vehicle_position_url': '', 'alert_url': '', 'update_interval': 0}"
uedacity,上田市,99,uedashigaitizyunkanbus,上田市街地循環バス・オレンジバス,20,2026-07-06,2027-03-31,False,,CC BY 4.0,https://creativecommons.org/licenses/by/4.0/deed.ja,2026-07-06,2026-07-06,"{'trip_update_url': '', 'vehicle_position_url': '', 'alert_url': '', 'update_interval': 0}"
aketetsu,明知鉄道,99,akechirailway,明知鉄道,21,2026-03-14,2027-03-31,False,,CC BY 4.0,https://creativecommons.org/licenses/by/4.0/deed.ja,2026-03-01,2026-03-01,"{'trip_update_url': '', 'vehicle_position_url': '', 'alert_url': '', 'update_interval': 0}"
enacity,恵那市,99,communitybus,恵那市自主運行バス（コミュニティバス）,21,2026-10-01,2027-03-31,False,,CC BY 4.0,https://creativecommons.org/licenses/by/4.0/deed.ja,2026-09-12,2026-09-12,"{'trip_update_url': '', 'vehicle_position_url': '', 'alert_url': '', 'update_interval': 0}"
gerocity,下呂市,99,gerobus,下呂市　げろバス,21,2026-08-07,2027-03-31,False,,CC BY 4.0,https://creativecommons.org/licenses/by/4.0/deed.ja,2026-08-11,2026-08-11,"{'trip_update_url': '', 'vehicle_position_url': '', 'alert_url': '', 'update_interval': 0}"
gifu-yamagatacity,山県市,99,communitybus,山県市自主運行バス,21,2026-04-01,2027-03-31,False,,CC BY 4.0,https://creativecommons.org/licenses/by/4.0/deed.ja,2026-03-23,2026-03-23,"{'trip_update_url': '', 'vehicle_position_url': '', 'alert_url': '', 'update_interval': 0}"
gifucity,岐阜市,99,communitybus,岐阜市コミュニティバス,21,2026-09-01,2027-08-31,False,,CC BY 4.0,https://creativecommons.org/licenses/by/4.0/deed.ja,2026-08-28,2026-08-28,"{'trip_update_url': '', 'vehicle_position_url': '', 'alert_url': '', 'update_interval': 0}"
gujocity,郡上市,99,citybus,郡上市自主運行バス,21,2026-10-01,2027-03-31,False,,CC BY 4.0,https://creativecommons.org/licenses/by/4.0/deed.ja,2026-09-15,2026-09-15,"{'trip_update_url': '', 'vehicle_position_url': '', 'alert_url': '', 'update_interval': 0}"
hachikanbus,八幡観光バス,99,hachimanbus,八幡バス,21,2026-07-21,2027-03-31,False,,CC BY 4.0,https://creativecommons.org/licenses/by/4.0/deed.ja,2026-07-20,2026-07-20,"{'trip_update_url': '', 'vehicle_position_url': '', 'alert_url': '', 'update_interval': 0}"
hashimacity,羽島市,99,HashimaCityCommunityBus,羽島市コミュニティバス,21,2026-10-01,2027-03-31,False,,CC BY 4.0,https://creativecommons.org/licenses/by/4.0/deed.ja,2026-09-25,2026-09-25,"{'trip_update_url': '', 'vehicle_position_url': '', 'alert_url': '', 'update_interval': 0}"
hichisotown,七宗町,99,choeibus,七宗町営バス,21,2026-04-01,2027-03-31,False,,CC BY 4.0,https://creativecommons.org/licenses/by/4.0/deed.ja,2026-03-25,2026-03-25,"{'trip_update_url': '', 'vehicle_position_url': '', 'alert_url': '', 'update_interval': 0}"
hidacity,飛騨市,99,communitybus,飛騨市営バス「ひだまる」,21,2026-10-01,2027-09-30,False,,CC BY 4.0,https://creativecommons.org/licenses/by/4.0/deed.ja,2026-09-25,2026-09-25,"{'trip_update_url': '', 'vehicle_position_url': '', 'alert_url': '', 'update_interval': 0}"
ibigawatown,揖斐川町,99,communitybus,揖斐川町ふれあいバス,21,2026-07-21,2027-09-30,False,,CC BY 4.0,https://creativecommons.org/licenses/by/4.0/deed.ja,2026-07-21,2026-07-21,"{'trip_update_url': '', 'vehicle_position_url': '', 'alert_url': '', 'update_interval': 0}"
kaizucity,海津市,99,communitybus,海津市コミュニティバス,21,2026-04-01,2027-03-31,False,,CC BY 4.0,https://creativecommons.org/licenses/by/4.0/deed.ja,2026-02-20,2026-02-20,"{'trip_update_url': '', 'vehicle_position_url': '', 'alert_url': '', 'update_interval': 0}"
kanicity,可児市,99,satsukibus,さつきバス,21,2026-02-19,2027-03-31,False,,CC BY 4.0,https://creativecommons.org/licenses/by/4.0/deed.ja,2026-03-26,2026-03-26,"{'trip_update_url': '', 'vehicle_position_url': '', 'alert_url': '', 'update_interval': 0}"
kasamatsutown,笠松町,99,communitybus,笠松町公共施設巡回町民バス,21,2026-09-24,2027-09-30,False,,CC BY 4.0,https://creativecommons.org/licenses/by/4.0/deed.ja,2026-09-25,2026-09-25,"{'trip_update_url': '', 'vehicle_position_url': '', 'alert_url': '', 'update_interval': 0}"
kitaena,北恵那交通,99,kitaena,北恵那交通,21,2026-09-14,2027-03-13,False,,CC BY 4.0,https://creativecommons.org/licenses/by/4.0/deed.ja,2026-09-15,2026-09-15,"{'trip_update_url': '', 'vehicle_position_url': '', 'alert_url': '', 'update_interval': 0}"
minokamocity,美濃加茂市,99,communitybus,美濃加茂市コミュニティバス「あい愛バス」,21,2026-10-01,2027-09-30,False,,CC BY 4.0,https://creativecommons.org/licenses/by/4.0/deed.ja,2026-09-25,2026-09-25,"{'trip_update_url': '', 'vehicle_position_url': '', 'alert_url': '', 'update_interval': 0}"
mitaketown,御嵩町,99,communitybus,御嵩町コミュニティバス「ふれあいバス」,21,2026-05-20,2027-05-14,False,,CC BY 4.0,https://creativecommons.org/licenses/by/4.0/deed.ja,2026-05-15,2026-05-15,"{'trip_update_url': '', 'vehicle_position_url': '', 'alert_url': '', 'update_interval': 0}"
mizunamicity,瑞浪市,99,communitybus,瑞浪市コミュニティバス,21,2026-07-13,2027-03-31,False,,CC BY 4.0,https://creativecommons.org/licenses/by/4.0/deed.ja,2026-07-02,2026-07-02,"{'trip_update_url': '', 'vehicle_position_url': '', 'alert_url': '', 'update_interval': 0}"
motosucity,本巣市,99,shieibus,本巣市営バス,21,2026-10-01,2026-10-14,False,,CC BY 4.0,https://creativecommons.org/licenses/by/4.0/deed.ja,2026-09-18,2026-09-18,"{'trip_update_url': '', 'vehicle_position_url': '', 'alert_url': '', 'update_interval': 0}"
nakatsugawacity,中津川市,99,communitybus,中津川市コミュニティバス,21,2026-06-11,2027-09-30,False,,CC BY 4.0,https://creativecommons.org/licenses/by/4.0/deed.ja,2026-06-08,2026-06-08,"{'trip_update_url': '', 'vehicle_position_url': '', 'alert_url': '', 'update_interval': 0}"
nouhibus,濃飛乗合自動車（濃飛バス）,99,nouhibus_kanko,濃飛バス（観光路線）,21,2026-04-01,2027-03-31,False,,CC BY 4.0,https://creativecommons.org/licenses/by/4.0/deed.ja,2026-03-27,2026-03-27,"{'trip_update_url': '', 'vehicle_position_url': '', 'alert_url': '', 'update_interval': 0}"
nouhibus,濃飛乗合自動車（濃飛バス）,99,nouhibus,濃飛バス（一般路線）,21,2026-04-01,2027-03-31,False,,CC BY 4.0,https://creativecommons.org/licenses/by/4.0/deed.ja,2026-03-27,2026-03-27,"{'trip_update_url': '', 'vehicle_position_url': '', 'alert_url': '', 'update_interval': 0}"
nouhibus,濃飛乗合自動車（濃飛バス）,99,takayama_shuyu,飛騨高山周遊バス,21,2026-04-01,2027-03-31,False,,CC BY 4.0,https://creativecommons.org/licenses/by/4.0/deed.ja,2026-03-27,2026-03-27,"{'trip_update_url': '', 'vehicle_position_url': '', 'alert_url': '', 'update_interval': 0}"
ogakicity,大垣市,99,meihankintetsubus,名阪近鉄バス,21,2026-10-01,2027-03-31,False,,CC BY 4.0,https://creativecommons.org/licenses/by/4.0/deed.ja,2026-09-17,2026-09-17,"{'trip_update_url': '', 'vehicle_position_url': '', 'alert_url': '', 'update_interval': 0}"
sekicity,関市,99,itadorifureaibus,板取ふれあいバス,21,2026-04-01,2027-03-31,False,,CC BY 4.0,https://creativecommons.org/licenses/by/4.0/deed.ja,2026-03-27,2026-03-27,"{'trip_update_url': '', 'vehicle_position_url': '', 'alert_url': '', 'update_interval': 0}"
shirotori-kotsu,白鳥交通,99,shirotorikotsu,白鳥交通,21,2026-04-01,2027-03-31,False,,CC BY 4.0,https://creativecommons.org/licenses/by/4.0/deed.ja,2026-05-28,2026-05-28,"{'trip_update_url': '', 'vehicle_position_url': '', 'alert_url': '', 'update_interval': 0}"
tajimicity,多治見市,99,kikyobus,ききょうバス,21,2026-10-01,2027-10-31,False,,CC BY 4.0,https://creativecommons.org/licenses/by/4.0/deed.ja,2026-09-28,2026-09-28,"{'trip_update_url': '', 'vehicle_position_url': '', 'alert_url': '', 'update_interval': 0}"
takayamacity,高山市,99,noramaicar,のらマイカー,21,2026-09-01,2027-03-31,False,,CC BY 4.0,https://creativecommons.org/licenses/by/4.0/deed.ja,2026-08-31,2026-08-31,"{'trip_update_url': '', 'vehicle_position_url': '', 'alert_url': '', 'update_interval': 0}"
takayamacity,高山市,99,takanego,たかね号,21,2026-04-01,2027-03-31,False,,CC BY 4.0,https://creativecommons.org/licenses/by/4.0/deed.ja,2026-03-25,2026-03-25,"{'trip_update_url': '', 'vehicle_position_url': '', 'alert_url': '', 'update_interval': 0}"
tohtetsu,東濃鉄道,99,tohtetsu_ena,東濃鉄道（東鉄バス）恵那営業所管内,21,2026-09-05,2027-09-04,False,,CC BY 4.0,https://creativecommons.org/licenses/by/4.0/deed.ja,2026-09-07,2026-09-07,"{'trip_update_url': '', 'vehicle_position_url': '', 'alert_url': '', 'update_interval': 0}"
tohtetsu,東濃鉄道,99,tohtetsu_tajimi,東濃鉄道（東鉄バス）多治見営業所管内,21,2026-10-01,2027-03-31,False,,CC BY 4.0,https://creativecommons.org/licenses/by/4.0/deed.ja,2026-09-14,2026-09-14,"{'trip_update_url': '', 'vehicle_position_url': '', 'alert_url': '', 'update_interval': 0}"
tohtetsu,東濃鉄道,99,tohtetsu_kani,東濃鉄道（東鉄バス）可児営業所管内,21,2026-05-01,2027-03-31,False,,CC BY 4.0,https://creativecommons.org/licenses/by/4.0/deed.ja,2026-09-07,2026-09-07,"{'trip_update_url': '', 'vehicle_position_url': '', 'alert_url': '', 'update_interval': 0}"
tokicity,土岐市,99,communitybus,土岐市民バス,21,2026-02-01,2026-12-31,False,,CC BY 4.0,https://creativecommons.org/licenses/by/4.0/deed.ja,2026-01-21,2026-01-21,"{'trip_update_url': '', 'vehicle_position_url': '', 'alert_url': '', 'update_interval': 0}"
yaotsutown,八百津町,99,communitybus,八百津町コミュニティバス,21,2026-04-01,2027-03-31,False,,CC BY 4.0,https://creativecommons.org/licenses/by/4.0/deed.ja,2026-03-26,2026-03-26,"{'trip_update_url': '', 'vehicle_position_url': '', 'alert_url': '', 'update_interval': 0}"
yaotsutown,八百津町,99,yaobus,YAOバス,21,2026-07-22,2027-07-21,False,,CC BY 4.0,https://creativecommons.org/licenses/by/4.0/deed.ja,2026-07-22,2026-07-22,"{'trip_update_url': '', 'vehicle_position_url': '', 'alert_url': '', 'update_interval': 0}"
fujiedacity,藤枝市,99,gtfsfjed,藤枝市自主運行バス（駅南循環+アクセスバス）,22,2026-10-25,2027-03-27,False,,CC BY 4.0,https://creativecommons.org/licenses/by/4.0/deed.ja,2026-09-25,2026-09-25,"{'trip_update_url': '', 'vehicle_position_url': '', 'alert_url': '', 'update_interval': 0}"
hamabus,浜松バス株式会社,99,iwata_seikatsubus,磐田市生活バス路線,22,2025-04-01,2026-12-31,True,2026-08-23,CC BY 4.0,https://creativecommons.org/licenses/by/4.0/deed.ja,2026-08-20,2026-08-20,"{'trip_update_url': '', 'vehicle_position_url': '', 'alert_url': '', 'update_interval': 0}"
kakegawacity,掛川市,99,kakegawa6,桜木、居尻、倉真、東山、粟本線、市街地循環線南回り、市街地循環線北回り,22,2026-07-01,2027-06-30,False,,CC-BY,https://www.city.kakegawa.shizuoka.jp/gyosei/docs/383694.html,2026-06-26,2026-06-26,"{'trip_update_url': '', 'vehicle_position_url': '', 'alert_url': '', 'update_interval': 0}"
kakegawacity,掛川市,99,kakegawaosuka,掛川大須賀線,22,2026-04-01,2027-03-31,False,,CC-BY,https://www.city.kakegawa.shizuoka.jp/gyosei/docs/383694.html,2026-03-31,2026-03-31,"{'trip_update_url': '', 'vehicle_position_url': '', 'alert_url': '', 'update_interval': 0}"
shimadacity,島田市,99,shimada_combus,島田市コミュニティバス,22,2026-04-01,2027-03-31,False,,CC BY 4.0,https://creativecommons.org/licenses/by/4.0/deed.ja,2026-08-12,2026-08-12,"{'trip_update_url': '', 'vehicle_position_url': '', 'alert_url': '', 'update_interval': 0}"
shizuokacity,静岡市,99,ikawa,葵区井川地区：井川地区自主運行バス,22,2026-04-01,2027-06-30,False,,CC BY 4.0,https://creativecommons.org/licenses/by/4.0/deed.ja,2026-06-30,2026-06-30,"{'trip_update_url': '', 'vehicle_position_url': '', 'alert_url': '', 'update_interval': 0}"
shizuokacity,静岡市,99,iryo-fukushi,葵区中心市街地：医療・福祉施設路線,22,2026-04-01,2026-09-30,True,2026-09-30,CC BY 4.0,https://creativecommons.org/licenses/by/4.0/deed.ja,2026-06-30,2026-06-30,"{'trip_update_url': '', 'vehicle_position_url': '', 'alert_url': '', 'update_interval': 0}"
shizuokacity,静岡市,99,ryougouchi,清水区両河内地区：両河内線但沼系統、大平系統、板井沢系統（ココバス）,22,2026-04-01,2027-06-30,False,,CC BY 4.0,https://creativecommons.org/licenses/by/4.0/deed.ja,2026-06-30,2026-06-30,"{'trip_update_url': '', 'vehicle_position_url': '', 'alert_url': '', 'update_interval': 0}"
shizuokacity,静岡市,99,sunpu-roman,葵区中心市街地：駿府浪漫バス,22,2025-04-01,2025-09-30,True,2025-09-30,CC BY 4.0,https://creativecommons.org/licenses/by/4.0/deed.ja,2025-03-27,2025-03-27,"{'trip_update_url': '', 'vehicle_position_url': '', 'alert_url': '', 'update_interval': 0}"
shizuokacity,静岡市,99,ojima,清水区小島地区：両河内線宍原系統,22,2025-04-01,2026-06-30,True,2026-03-31,CC BY 4.0,https://creativecommons.org/licenses/by/4.0/deed.ja,2025-03-27,2025-03-27,"{'trip_update_url': '', 'vehicle_position_url': '', 'alert_url': '', 'update_interval': 0}"
shizuokacity,静岡市,99,yui,清水区由比地区：ゆいばす,22,2026-04-01,2027-06-30,False,,CC BY 4.0,https://creativecommons.org/licenses/by/4.0/deed.ja,2026-07-09,2026-07-09,"{'trip_update_url': '', 'vehicle_position_url': '', 'alert_url': '', 'update_interval': 0}"
shizuokacity,静岡市,99,yui-kanbara,清水区由比・蒲原地区：由比・蒲原病院線,22,2026-04-01,2027-06-30,False,,CC BY 4.0,https://creativecommons.org/licenses/by/4.0/deed.ja,2026-06-30,2026-06-30,"{'trip_update_url': '', 'vehicle_position_url': '', 'alert_url': '', 'update_interval': 0}"
aichi-miyoshicity,みよし市,99,sansanbus,みよし市さんさんバス,23,2026-04-01,2027-03-31,False,,CC0 1.0,https://creativecommons.org/publicdomain/zero/1.0/deed.ja,2026-02-27,2026-02-27,"{'trip_update_url': '', 'vehicle_position_url': '', 'alert_url': '', 'update_interval': 0}"
amacity,あま市,99,amashijunkaibasu,あま市巡回バス,23,2023-05-06,2027-03-31,False,,CC BY 4.0,https://creativecommons.org/licenses/by/4.0/deed.ja,2026-03-13,2026-03-13,"{'trip_update_url': '', 'vehicle_position_url': '', 'alert_url': '', 'update_interval': 0}"
anjocity,安城市,99,AnkuruBus,あんくるバス,23,2026-06-01,2027-05-31,False,,CC BY 4.0,https://creativecommons.org/licenses/by/4.0/deed.ja,2026-04-21,2026-04-21,"{'trip_update_url': '', 'vehicle_position_url': '', 'alert_url': '', 'update_interval': 0}"
aoi-komaki,あおい交通,99,aoikotsu,あおい交通,23,2026-10-05,2027-03-31,False,,CC BY 4.0,https://creativecommons.org/licenses/by/4.0/deed.ja,2026-09-17,2026-09-17,"{'trip_update_url': '', 'vehicle_position_url': '', 'alert_url': '', 'update_interval': 0}"
chiryucity,知立市,99,communitybus,知立市「ミニバス」（コミュニティバス）,23,2025-12-23,2026-12-31,False,,CC BY 2.1 JP,https://creativecommons.org/licenses/by/2.1/jp/,2025-12-24,2025-12-24,"{'trip_update_url': '', 'vehicle_position_url': '', 'alert_url': '', 'update_interval': 0}"
chitabus,知多乗合（知多バス）,99,chitabus,知多バス,23,2026-10-01,2027-09-30,False,,CC BY 4.0,https://creativecommons.org/licenses/by/4.0/deed.ja,2026-09-28,2026-09-28,"{'trip_update_url': '', 'vehicle_position_url': '', 'alert_url': '', 'update_interval': 0}"
chitacity,知多市,99,chita-aiaibus,知多市コミュニティバス「あいあいバス」,23,2026-03-03,2027-03-31,False,,CC BY 4.0,https://creativecommons.org/licenses/by/4.0/deed.ja,2026-03-04,2026-03-04,"{'trip_update_url': 'https://realtime.gtfs.info/chita/trip_update.pb', 'vehicle_position_url': 'https://realtime.gtfs.info/chita/vehicle.pb', 'alert_url': 'https://realtime.gtfs.info/chita/alert.pb', 'update_interval': 0}"
gamagoricity,蒲郡市,99,communitybus,蒲郡市コミュニティバス,23,2026-09-01,2027-08-31,False,,CC BY 4.0,https://creativecommons.org/licenses/by/4.0/deed.ja,2026-09-05,2026-09-05,"{'trip_update_url': '', 'vehicle_position_url': '', 'alert_url': '', 'update_interval': 0}"
hekinancity,碧南市,99,kurukuru-bus,くるくるバス,23,2026-09-30,2027-09-30,False,,CC BY 4.0,https://creativecommons.org/licenses/by/4.0/deed.ja,2026-09-09,2026-09-09,"{'trip_update_url': '', 'vehicle_position_url': '', 'alert_url': '', 'update_interval': 0}"
higashiuratown,東浦町,99,communitybus,東浦町運行バス　う・ら・ら,23,2026-10-01,2027-03-31,False,,CC BY 4.0,https://creativecommons.org/licenses/by/4.0/deed.ja,2026-09-25,2026-09-25,"{'trip_update_url': '', 'vehicle_position_url': '', 'alert_url': '', 'update_interval': 0}"
kariyacity,刈谷市,99,communitybus,刈谷市コミュニティバス「かりまる」,23,2026-06-16,2027-06-15,False,,CC BY 4.0,https://creativecommons.org/licenses/by/4.0/deed.ja,2026-06-16,2026-06-16,"{'trip_update_url': '', 'vehicle_position_url': '', 'alert_url': '', 'update_interval': 0}"
kasugaicity,春日井市,99,kasugaicitybus,かすがいシティバス,23,2026-10-01,2027-09-30,False,,CC0 1.0,https://creativecommons.org/publicdomain/zero/1.0/deed.ja,2026-09-18,2026-09-18,"{'trip_update_url': '', 'vehicle_position_url': '', 'alert_url': '', 'update_interval': 0}"
kitanagoyacity,北名古屋市,99,communitybus,北名古屋市　市内循環バス「きたバス」,23,2026-07-27,2027-03-31,False,,CC BY 4.0,https://creativecommons.org/licenses/by/4.0/deed.ja,2026-07-17,2026-07-17,"{'trip_update_url': '', 'vehicle_position_url': '', 'alert_url': '', 'update_interval': 0}"
kitashitara,北設楽郡公共交通活性化協議会,99,odekakehokusetsu,おでかけ北設（設楽町・東栄町・豊根村）,23,2026-10-01,2027-10-31,False,,CC BY 4.0,https://creativecommons.org/licenses/by/4.0/deed.ja,2026-09-16,2026-09-16,"{'trip_update_url': '', 'vehicle_position_url': '', 'alert_url': '', 'update_interval': 0}"
meikaijo,名鉄海上観光船株式会社,99,ship,高速船,23,2026-02-20,2027-03-31,False,,CC BY 4.0,https://creativecommons.org/licenses/by/4.0/deed.ja,2026-02-20,2026-02-20,"{'trip_update_url': '', 'vehicle_position_url': '', 'alert_url': '', 'update_interval': 0}"
minamichitatown,南知多町,99,communitybus,南知多町海っ子バス,23,2026-10-01,2027-09-30,False,,CC BY 4.0,https://creativecommons.org/licenses/by/4.0/deed.ja,2026-09-16,2026-09-16,"{'trip_update_url': '', 'vehicle_position_url': '', 'alert_url': '', 'update_interval': 0}"
nagakutecity,長久手市,99,communitybus,長久手市N-バス,23,2026-03-05,2027-03-31,False,,CC BY 4.0,https://creativecommons.org/licenses/by/4.0/deed.ja,2026-03-05,2026-03-05,"{'trip_update_url': '', 'vehicle_position_url': '', 'alert_url': '', 'update_interval': 0}"
nishiocity,西尾市,99,meitestu_tobu,名鉄東部交通バス,23,2026-09-17,2027-09-30,False,,CC0 1.0,https://creativecommons.org/publicdomain/zero/1.0/deed.ja,2026-09-25,2026-09-25,"{'trip_update_url': '', 'vehicle_position_url': '', 'alert_url': '', 'update_interval': 0}"
nishiocity,西尾市,99,tosen,佐久島渡船,23,2026-10-01,2027-09-30,False,,CC0 1.0,https://creativecommons.org/publicdomain/zero/1.0/deed.ja,2026-09-25,2026-09-25,"{'trip_update_url': '', 'vehicle_position_url': '', 'alert_url': '', 'update_interval': 0}"
nishiocity,西尾市,99,rokumangokukururinbus,六万石くるりんバス,23,2026-04-01,2027-03-31,False,,CC0 1.0,https://creativecommons.org/publicdomain/zero/1.0/deed.ja,2026-03-17,2026-03-17,"{'trip_update_url': '', 'vehicle_position_url': '', 'alert_url': '', 'update_interval': 0}"
nisshincity,日進市,99,communitybus,くるりんばす（日進市巡回バス）,23,2025-10-08,2027-01-10,False,,CC BY 4.0,https://creativecommons.org/licenses/by/4.0/deed.ja,2025-10-30,2025-10-30,"{'trip_update_url': '', 'vehicle_position_url': '', 'alert_url': '', 'update_interval': 0}"
oguchitown,大口町,99,communitybus,大口町コミュニティバス,23,2026-06-05,2027-05-31,False,,CC BY 4.0,https://creativecommons.org/licenses/by/4.0/deed.ja,2026-06-08,2026-06-08,"{'trip_update_url': '', 'vehicle_position_url': '', 'alert_url': '', 'update_interval': 0}"
owariasahicity,尾張旭市,99,communitybus,尾張旭市あさぴー号,23,2026-04-01,2026-11-30,False,,CC BY 4.0,https://creativecommons.org/licenses/by/4.0/deed.ja,2026-03-18,2026-03-18,"{'trip_update_url': 'https://gtfs-rt-files.buscatch.jp/owariasahi-city/asapygo/TripUpdates.pb', 'vehicle_position_url': 'https://gtfs-rt-files.buscatch.jp/owariasahi-city/asapygo/VehiclePositions.pb', 'alert_url': 'https://gtfs-rt-files.buscatch.jp/owariasahi-city/asapygo/ServiceAlert.pb', 'update_interval': 20}"
setocity,瀬戸市,99,setocitybus,瀬戸市コミュニティバス,23,2026-04-01,2027-03-31,False,,CC BY 4.0,https://creativecommons.org/licenses/by/4.0/deed.ja,2026-03-31,2026-03-31,"{'trip_update_url': '', 'vehicle_position_url': '', 'alert_url': '', 'update_interval': 0}"
shinshirocity,新城市,99,sbus,新城市Ｓバス,23,2026-09-01,2027-03-31,False,,CC BY 4.0,https://creativecommons.org/licenses/by/4.0/deed.ja,2026-08-31,2026-08-31,"{'trip_update_url': '', 'vehicle_position_url': '', 'alert_url': '', 'update_interval': 0}"
taketoyotown,武豊町,99,communitybus,武豊町コミュニティバス「ゆめころん」,23,2026-03-28,2027-03-31,False,,CC BY 4.0,https://creativecommons.org/licenses/by/4.0/deed.ja,2026-03-31,2026-03-31,"{'trip_update_url': '', 'vehicle_position_url': '', 'alert_url': '', 'update_interval': 0}"
tokaicity,東海市,99,tokai-ranranbus,東海市らんらんバス,23,2026-10-01,2027-03-31,False,,CC BY 4.0,https://creativecommons.org/licenses/by/4.0/deed.ja,2026-09-24,2026-09-24,"{'trip_update_url': '', 'vehicle_position_url': '', 'alert_url': '', 'update_interval': 0}"
tokonamecity,常滑市,99,Gruun,コミュニティバスグルーン,23,2026-01-01,2026-12-31,False,,CC0 1.0,https://creativecommons.org/publicdomain/zero/1.0/deed.ja,2025-11-27,2025-11-27,"{'trip_update_url': 'https://realtime.gtfs.info/gruun/trip_update.pb', 'vehicle_position_url': 'https://realtime.gtfs.info/gruun/vehicle.pb', 'alert_url': 'https://realtime.gtfs.info/gruun/alert.pb', 'update_interval': 0}"
toyoakecity,豊明市,99,himawaribus,豊明市ひまわりバス,23,2026-04-01,2027-03-31,False,,CC0 1.0,https://creativecommons.org/publicdomain/zero/1.0/deed.ja,2026-03-26,2026-03-26,"{'trip_update_url': '', 'vehicle_position_url': '', 'alert_url': '', 'update_interval': 0}"
toyotacity,豊田市,99,chiikibus,豊田市　地域バス,23,2026-04-01,2027-03-31,False,,CC BY 4.0,https://creativecommons.org/licenses/by/4.0/deed.ja,2026-03-18,2026-03-18,"{'trip_update_url': '', 'vehicle_position_url': '', 'alert_url': '', 'update_interval': 0}"
toyotacity,豊田市,99,kikanbus,とよたおいでんバス,23,2026-09-01,2027-03-31,False,,CC BY 4.0,https://creativecommons.org/licenses/by/4.0/deed.ja,2026-08-13,2026-08-13,"{'trip_update_url': '', 'vehicle_position_url': '', 'alert_url': '', 'update_interval': 0}"
toyoyamatown,豊山町,99,communitybus,とよやまタウンバス,23,2026-02-08,2027-03-31,False,,CC BY 4.0,https://creativecommons.org/licenses/by/4.0/deed.ja,2026-02-10,2026-02-10,"{'trip_update_url': '', 'vehicle_position_url': '', 'alert_url': '', 'update_interval': 0}"
busnet-tsu,バスネット津,99,guruttotsubus,ぐるっと・つーバス,24,2025-05-07,2027-01-05,False,,CC BY 4.0,https://creativecommons.org/licenses/by/4.0/deed.ja,2025-04-27,2025-04-27,"{'trip_update_url': '', 'vehicle_position_url': '', 'alert_url': '', 'update_interval': 0}"
igacity,伊賀市,99,communitybus,伊賀市行政バス・コミュニティバス,24,2026-04-01,2027-03-31,False,,CC BY 4.0,https://creativecommons.org/licenses/by/4.0/deed.ja,2026-03-12,2026-03-12,"{'trip_update_url': '', 'vehicle_position_url': '', 'alert_url': '', 'update_interval': 0}"
inabecity,いなべ市,99,fukushibus,いなべ市福祉バス,24,2026-04-01,2027-03-31,False,,CC BY 4.0,https://creativecommons.org/licenses/by/4.0/deed.ja,2026-03-26,2026-03-26,"{'trip_update_url': '', 'vehicle_position_url': '', 'alert_url': '', 'update_interval': 0}"
isecity,伊勢市,99,numakibus,伊勢市沼木地区自主運行バス「沼木バス」,24,2025-08-19,2027-01-10,False,,CC BY 4.0,https://creativecommons.org/licenses/by/4.0/deed.ja,2025-08-19,2025-08-19,"{'trip_update_url': '', 'vehicle_position_url': '', 'alert_url': '', 'update_interval': 0}"
isecity,伊勢市,99,communitybus,伊勢市コミュニティバス「おかげバス」,24,2026-04-01,2026-11-30,False,,CC BY 4.0,https://creativecommons.org/licenses/by/4.0/deed.ja,2026-08-24,2026-08-24,"{'trip_update_url': 'https://bus-vision.jp/realtime/iseshi_trip_update_v2.bin', 'vehicle_position_url': 'https://bus-vision.jp/realtime/iseshi_vpos_update_v2.bin', 'alert_url': 'https://bus-vision.jp/realtime/iseshi_alrt_update_v2.bin', 'update_interval': 0}"
isetetu,伊勢鉄道,99,iserailway,伊勢鉄道,24,2026-03-14,2027-03-31,False,,CC BY 4.0,https://creativecommons.org/licenses/by/4.0/deed.ja,2026-03-05,2026-03-05,"{'trip_update_url': '', 'vehicle_position_url': '', 'alert_url': '', 'update_interval': 0}"
kameyamacity,亀山市,99,communitybus,亀山市コミュニティバス,24,2025-12-24,2027-01-31,False,,CC BY 4.0,https://creativecommons.org/licenses/by/4.0/deed.ja,2025-12-24,2025-12-24,"{'trip_update_url': '', 'vehicle_position_url': '', 'alert_url': '', 'update_interval': 0}"
kawagoetown,川越町,99,fureaibus,川越町ふれあいバス,24,2026-04-01,2027-03-31,False,,CC BY 4.0,https://creativecommons.org/licenses/by/4.0/deed.ja,2026-03-30,2026-03-30,"{'trip_update_url': '', 'vehicle_position_url': '', 'alert_url': '', 'update_interval': 0}"
kihotown,紀宝町,99,chominbus,紀宝町民バス,24,2026-01-15,2027-01-31,False,,CC BY 4.0,https://creativecommons.org/licenses/by/4.0/deed.ja,2026-01-15,2026-01-15,"{'trip_update_url': '', 'vehicle_position_url': '', 'alert_url': '', 'update_interval': 0}"
kisosakitown,木曽岬町,99,communitybus,木曽岬町自主運行バス,24,2025-10-01,2027-03-31,False,,CC BY 4.0,https://creativecommons.org/licenses/by/4.0/deed.ja,2025-09-16,2025-09-16,"{'trip_update_url': '', 'vehicle_position_url': '', 'alert_url': '', 'update_interval': 0}"
komonotown,菰野町,99,communitybus,菰野町「かもしか号」,24,2026-04-01,2026-11-30,False,,CC BY 4.0,https://creativecommons.org/licenses/by/4.0/deed.ja,2026-08-24,2026-08-24,"{'trip_update_url': 'https://bus-vision.jp/realtime/komono_trip_update_v2.bin', 'vehicle_position_url': 'https://bus-vision.jp/realtime/komono_vpos_update_v2.bin', 'alert_url': 'https://bus-vision.jp/realtime/komono_alrt_update_v2.bin', 'update_interval': 0}"
kumanocity,熊野市,99,shuyubus,熊野市市街地周遊バス,24,2025-12-04,2027-01-31,False,,CC BY 4.0,https://creativecommons.org/licenses/by/4.0/deed.ja,2025-12-04,2025-12-04,"{'trip_update_url': '', 'vehicle_position_url': '', 'alert_url': '', 'update_interval': 0}"
kumanocity,熊野市,99,communitybus,熊野市バス、御浜町自主運行バス,24,2026-09-25,2027-09-30,False,,CC BY 4.0,https://creativecommons.org/licenses/by/4.0/deed.ja,2026-09-25,2026-09-25,"{'trip_update_url': '', 'vehicle_position_url': '', 'alert_url': '', 'update_interval': 0}"
kuwanacity,桑名市,99,communitybus,桑名市コミュニティバス「Ｋ－バス」,24,2026-06-03,2027-06-30,False,,CC BY 4.0,https://creativecommons.org/licenses/by/4.0/deed.ja,2026-06-09,2026-06-09,"{'trip_update_url': '', 'vehicle_position_url': '', 'alert_url': '', 'update_interval': 0}"
matsusakacity,松阪市,99,communitybus,松阪市コミュニティ交通,24,2026-10-01,2027-03-31,False,,CC BY 4.0,https://creativecommons.org/licenses/by/4.0/deed.ja,2026-09-18,2026-09-18,"{'trip_update_url': '', 'vehicle_position_url': '', 'alert_url': '', 'update_interval': 0}"
mie-kotsu,三重交通,99,sancoinanki,南紀営業所,24,2026-04-01,2026-12-31,False,,CC BY 4.0,https://creativecommons.org/licenses/by/4.0/deed.ja,2026-09-29,2026-09-29,"{'trip_update_url': '', 'vehicle_position_url': '', 'alert_url': '', 'update_interval': 0}"
mie-kotsu,三重交通,99,sancochusei,中勢営業所,24,2026-09-08,2026-12-30,False,,CC BY 4.0,https://creativecommons.org/licenses/by/4.0/deed.ja,2026-09-29,2026-09-29,"{'trip_update_url': '', 'vehicle_position_url': '', 'alert_url': '', 'update_interval': 0}"
mie-kotsu,三重交通,99,sancoiga,伊賀営業所,24,2026-04-01,2026-12-30,False,,CC BY 4.0,https://creativecommons.org/licenses/by/4.0/deed.ja,2026-09-29,2026-09-29,"{'trip_update_url': 'https://bus-vision.jp/realtime/iga_trip_update_v2.bin', 'vehicle_position_url': 'https://bus-vision.jp/realtime/iga_vpos_update_v2.bin', 'alert_url': 'https://bus-vision.jp/realtime/iga_alrt_update_v2.bin', 'update_interval': 0}"
mie-kotsu,三重交通,99,sancoshima,志摩営業所,24,2026-09-08,2027-01-02,False,,CC BY 4.0,https://creativecommons.org/licenses/by/4.0/deed.ja,2026-09-29,2026-09-29,"{'trip_update_url': 'https://bus-vision.jp/realtime/shima_trip_update_v2.bin', 'vehicle_position_url': 'https://bus-vision.jp/realtime/shima_vpos_update_v2.bin', 'alert_url': 'https://bus-vision.jp/realtime/shima_alrt_update_v2.bin', 'update_interval': 0}"
mie-kotsu,三重交通,99,sancomatsusaka,松阪営業所,24,2026-06-01,2026-12-30,False,,CC BY 4.0,https://creativecommons.org/licenses/by/4.0/deed.ja,2026-09-29,2026-09-29,"{'trip_update_url': 'https://bus-vision.jp/realtime/matsusaka_trip_update_v2.bin', 'vehicle_position_url': 'https://bus-vision.jp/realtime/matsusaka_vpos_update_v2.bin', 'alert_url': 'https://bus-vision.jp/realtime/matsusaka_alrt_update_v2.bin', 'update_interval': 0}"
mie-kotsu,三重交通,99,sancoyokkaichi,四日市営業所,24,2026-09-08,2026-12-30,False,,CC BY 4.0,https://creativecommons.org/licenses/by/4.0/deed.ja,2026-09-29,2026-09-29,"{'trip_update_url': 'https://bus-vision.jp/realtime/yokkaichi_trip_update_v2.bin', 'vehicle_position_url': 'https://bus-vision.jp/realtime/yokkaichi_vpos_update_v2.bin', 'alert_url': 'https://bus-vision.jp/realtime/yokkaichi_alrt_update_v2.bin', 'update_interval': 0}"
mie-kotsu,三重交通,99,sancokuwana,桑名営業所,24,2026-09-08,2026-12-30,False,,CC BY 4.0,https://creativecommons.org/licenses/by/4.0/deed.ja,2026-09-29,2026-09-29,"{'trip_update_url': 'https://bus-vision.jp/realtime/kuwana_trip_update_v2.bin', 'vehicle_position_url': 'https://bus-vision.jp/realtime/kuwana_vpos_update_v2.bin', 'alert_url': 'https://bus-vision.jp/realtime/kuwana_alrt_update_v2.bin', 'update_interval': 0}"
mie-kotsu,三重交通,99,sancoise,伊勢営業所,24,2026-09-01,2026-12-30,False,,CC BY 4.0,https://creativecommons.org/licenses/by/4.0/deed.ja,2026-09-29,2026-09-29,"{'trip_update_url': 'https://bus-vision.jp/realtime/ise_trip_update_v2.bin', 'vehicle_position_url': 'https://bus-vision.jp/realtime/ise_vpos_update_v2.bin', 'alert_url': 'https://bus-vision.jp/realtime/ise_alrt_update_v2.bin', 'update_interval': 0}"
mie-meiwatown,明和町,99,chominbus,明和町町民バス,24,2026-04-01,2027-03-31,False,,CC BY 4.0,https://creativecommons.org/licenses/by/4.0/deed.ja,2026-03-27,2026-03-27,"{'trip_update_url': '', 'vehicle_position_url': '', 'alert_url': '', 'update_interval': 0}"
minamiisetown,南伊勢町,99,choeibus,南伊勢町営バス,24,2026-09-20,2027-09-30,False,,CC BY 4.0,https://creativecommons.org/licenses/by/4.0/deed.ja,2026-09-20,2026-09-20,"{'trip_update_url': '', 'vehicle_position_url': '', 'alert_url': '', 'update_interval': 0}"
nabaricity,名張市,99,communitybus,名張市コミュニティバス,24,2026-04-01,2027-03-31,False,,CC BY 4.0,https://creativecommons.org/licenses/by/4.0/deed.ja,2026-03-09,2026-03-09,"{'trip_update_url': '', 'vehicle_position_url': '', 'alert_url': '', 'update_interval': 0}"
odaitown,大台町,99,choeibus,大台町営バス,24,2026-08-11,2027-09-30,False,,CC BY 4.0,https://creativecommons.org/licenses/by/4.0/deed.ja,2026-08-12,2026-08-12,"{'trip_update_url': '', 'vehicle_position_url': '', 'alert_url': '', 'update_interval': 0}"
owasecity,尾鷲市,99,fureaibus,尾鷲市ふれあいバス,24,2026-02-02,2027-01-31,False,,CC BY 4.0,https://creativecommons.org/licenses/by/4.0/deed.ja,2026-02-02,2026-02-02,"{'trip_update_url': '', 'vehicle_position_url': '', 'alert_url': '', 'update_interval': 0}"
seikatsubus-yokkaichi,生活バス四日市,99,sbusyokkaichi,生活バスよっかいち,24,2026-04-01,2027-09-30,False,,CC BY 4.0,https://creativecommons.org/licenses/by/4.0/deed.ja,2026-03-30,2026-03-30,"{'trip_update_url': '', 'vehicle_position_url': '', 'alert_url': '', 'update_interval': 0}"
shimacity,志摩市,99,anori,安乗線代替バス,24,2026-06-07,2027-03-28,False,,CC BY 4.0,https://creativecommons.org/licenses/by/4.0/deed.ja,2026-06-26,2026-06-26,"{'trip_update_url': '', 'vehicle_position_url': '', 'alert_url': '', 'update_interval': 0}"
shimacity,志摩市,99,agowanteikisen,あご湾定期船,24,2026-10-01,2027-09-30,False,,CC BY 4.0,https://creativecommons.org/licenses/by/4.0/deed.ja,2026-09-18,2026-09-18,"{'trip_update_url': '', 'vehicle_position_url': '', 'alert_url': '', 'update_interval': 0}"
suzukacity,鈴鹿市,99,communitybus,鈴鹿市コミュニティバスC-BUS,24,2026-09-15,2027-03-31,False,,CC BY 4.0,https://creativecommons.org/licenses/by/4.0/deed.ja,2026-09-23,2026-09-23,"{'trip_update_url': '', 'vehicle_position_url': '', 'alert_url': '', 'update_interval': 0}"
takitown,多気町,99,choeibus,多気町営バス,24,2025-12-10,2027-01-31,False,,CC BY 4.0,https://creativecommons.org/licenses/by/4.0/deed.ja,2025-12-10,2025-12-10,"{'trip_update_url': '', 'vehicle_position_url': '', 'alert_url': '', 'update_interval': 0}"
tobacity,鳥羽市,99,communitybus,鳥羽市　かもめバス,24,2026-09-01,2027-03-31,False,,CC BY 4.0,https://creativecommons.org/licenses/by/4.0/deed.ja,2026-08-21,2026-08-21,"{'trip_update_url': '', 'vehicle_position_url': '', 'alert_url': '', 'update_interval': 0}"
tobacity,鳥羽市,99,teikisen,鳥羽市営定期船,24,2026-04-01,2028-01-31,False,,CC BY 4.0,https://creativecommons.org/licenses/by/4.0/deed.ja,2026-03-28,2026-03-28,"{'trip_update_url': '', 'vehicle_position_url': '', 'alert_url': '', 'update_interval': 0}"
tointown,東員町,99,communitybus,東員町「オレンジバス」,24,2026-07-14,2027-09-30,False,,CC BY 4.0,https://creativecommons.org/licenses/by/4.0/deed.ja,2026-07-14,2026-07-14,"{'trip_update_url': '', 'vehicle_position_url': '', 'alert_url': '', 'update_interval': 0}"
tsu-airportline,津エアポートライン,99,airportline,津ベルライン・津エアポートライン,24,2026-08-16,2027-03-31,False,,CC BY 4.0,https://creativecommons.org/licenses/by/4.0/deed.ja,2026-08-12,2026-08-12,"{'trip_update_url': '', 'vehicle_position_url': '', 'alert_url': '', 'update_interval': 0}"
tsucity,津市,99,communitybus,津市コミュニティバス,24,2026-10-10,2027-03-31,False,,CC BY 4.0,https://creativecommons.org/licenses/by/4.0/deed.ja,2026-09-14,2026-09-14,"{'trip_update_url': '', 'vehicle_position_url': '', 'alert_url': '', 'update_interval': 0}"
wataraitown,度会町,99,choeibus,度会町営バス,24,2026-04-01,2027-03-31,False,,CC BY 4.0,https://creativecommons.org/licenses/by/4.0/deed.ja,2026-03-27,2026-03-27,"{'trip_update_url': '', 'vehicle_position_url': '', 'alert_url': '', 'update_interval': 0}"
yokkaichicity,四日市市,99,communitybus,四日市市自主運行バス,24,2025-12-01,2026-12-31,False,,CC BY 4.0,https://creativecommons.org/licenses/by/4.0/deed.ja,2025-12-03,2025-12-03,"{'trip_update_url': '', 'vehicle_position_url': '', 'alert_url': '', 'update_interval': 0}"
higashiomicity,東近江市,99,higasiohmisicommunitybus,東近江市ちょこっとバス,25,2025-04-01,2026-09-30,False,,CC BY 4.0,https://creativecommons.org/licenses/by/4.0/deed.ja,2025-03-31,2025-03-31,"{'trip_update_url': '', 'vehicle_position_url': '', 'alert_url': '', 'update_interval': 0}"
kokacity,甲賀市,99,sinaicommunitybus,甲賀市コミュニティバス,25,2026-04-01,2027-03-31,False,,CC BY 4.0,https://creativecommons.org/licenses/by/4.0/deed.ja,2026-05-27,2026-05-27,"{'trip_update_url': '', 'vehicle_position_url': '', 'alert_url': '', 'update_interval': 0}"
kusatsucity,草津市,99,kusatsusimamebus,草津市コミュニティバス　まめバス,25,2026-03-01,2027-03-31,False,,CC BY 4.0,https://creativecommons.org/licenses/by/4.0/deed.ja,2026-06-11,2026-06-11,"{'trip_update_url': '', 'vehicle_position_url': '', 'alert_url': '', 'update_interval': 0}"
moriyamacity,守山市,99,kuruttobus,草津市、守山市、栗東市　くるっとバス,25,2026-06-04,2027-03-31,False,,CC BY 4.0,https://creativecommons.org/licenses/by/4.0/deed.ja,2026-06-11,2026-06-11,"{'trip_update_url': '', 'vehicle_position_url': '', 'alert_url': '', 'update_interval': 0}"
nagahamacity,長浜市,99,nishiazaiodekakewagon,長浜市コミュニティバス　西浅井おでかけワゴン　,25,2026-05-21,2027-03-31,False,,CC BY 4.0,https://creativecommons.org/licenses/by/4.0/deed.ja,2026-05-28,2026-05-28,"{'trip_update_url': '', 'vehicle_position_url': '', 'alert_url': '', 'update_interval': 0}"
omihachimancity,近江八幡市,99,akakonbus,近江八幡市　あかこんバス　,25,2025-08-28,2027-05-31,False,,CC BY 4.0,https://creativecommons.org/licenses/by/4.0/deed.ja,2025-09-10,2025-09-10,"{'trip_update_url': '', 'vehicle_position_url': '', 'alert_url': '', 'update_interval': 0}"
rittocity,栗東市,99,rittoukurichanbus,栗東市　くりちゃんバス,25,2025-04-01,2026-03-31,False,,CC BY 4.0,https://creativecommons.org/licenses/by/4.0/deed.ja,2025-04-10,2025-04-10,"{'trip_update_url': '', 'vehicle_position_url': '', 'alert_url': '', 'update_interval': 0}"
shiga-hinotown,日野町,99,choueibus,日野町営バス,25,2026-04-01,2027-03-31,False,,CC BY 4.0,https://creativecommons.org/licenses/by/4.0/deed.ja,2026-05-19,2026-05-19,"{'trip_update_url': '', 'vehicle_position_url': '', 'alert_url': '', 'update_interval': 0}"
shiga-konancity,湖南市,99,konansimegurukun,湖南市コミバスめぐるくん,25,2026-04-01,2027-03-31,False,,CC BY 4.0,https://creativecommons.org/licenses/by/4.0/deed.ja,2026-05-19,2026-05-19,"{'trip_update_url': '', 'vehicle_position_url': '', 'alert_url': '', 'update_interval': 0}"
takashimacity,高島市,99,takasimasicommunitybus,高島市コミュニティバス,25,2026-03-30,2027-03-31,False,,CC BY 4.0,https://creativecommons.org/licenses/by/4.0/deed.ja,2026-05-13,2026-05-13,"{'trip_update_url': '', 'vehicle_position_url': '', 'alert_url': '', 'update_interval': 0}"
yasucity,野洲市,99,onoriyasu,野洲市コミバスおのりやす,25,2026-04-01,2027-03-31,False,,CC BY 4.0,https://creativecommons.org/licenses/by/4.0/deed.ja,2026-05-27,2026-05-27,"{'trip_update_url': '', 'vehicle_position_url': '', 'alert_url': '', 'update_interval': 0}"
shinkikanko,神姫観光,99,limonbus,Limon Bus,27,2026-04-01,2027-03-31,False,,CC BY 4.0,https://creativecommons.org/licenses/by/4.0/deed.ja,2026-03-27,2026-03-27,"{'trip_update_url': '', 'vehicle_position_url': '', 'alert_url': '', 'update_interval': 0}"
akashicity,明石市,99,tacobustacobusmini,たこバス/たこバスミニ,28,2026-04-01,2027-04-30,False,,CC BY 4.0,https://creativecommons.org/licenses/by/4.0/deed.ja,2026-03-03,2026-03-03,"{'trip_update_url': '', 'vehicle_position_url': '', 'alert_url': '', 'update_interval': 0}"
akocity,赤穂市,99,teijuurou,ていじゅうろう,28,2026-04-01,2027-04-30,False,,CC BY 2.1 JP,https://creativecommons.org/licenses/by/2.1/jp/,2026-03-26,2026-03-26,"{'trip_update_url': '', 'vehicle_position_url': '', 'alert_url': '', 'update_interval': 0}"
akocity,赤穂市,99,yuranosuke,ゆらのすけ,28,2026-04-01,2027-04-30,False,,CC BY 2.1 JP,https://creativecommons.org/licenses/by/2.1/jp/,2026-03-26,2026-03-26,"{'trip_update_url': None, 'vehicle_position_url': None, 'alert_url': None, 'update_interval': 0}"
asagocity,朝来市,99,acobus,アコバス（2025年4月1日予約型運行に移行）,28,2024-10-01,2025-03-31,True,2025-03-31,CC BY 2.1 JP,https://creativecommons.org/licenses/by/2.1/jp/,2024-10-23,2024-10-23,"{'trip_update_url': '', 'vehicle_position_url': '', 'alert_url': '', 'update_interval': 0}"
awajicity,淡路市,99,awajinawahimebus,あわ神あわ姫バス,28,2026-03-12,2027-03-11,False,,CC BY 2.1 JP,https://creativecommons.org/licenses/by/2.1/jp/,2026-03-26,2026-03-26,"{'trip_update_url': None, 'vehicle_position_url': None, 'alert_url': None, 'update_interval': 0}"
awajicity,淡路市,99,awaji-jenova-line-akashi-iwaya,淡路ジェノバライン明石岩屋航路,28,2026-02-01,2027-03-31,False,,CC BY 2.1 JP,https://creativecommons.org/licenses/by/2.1/jp/,2026-04-03,2026-04-03,"{'trip_update_url': '', 'vehicle_position_url': '', 'alert_url': '', 'update_interval': 0}"
fukusakitown,福崎町,99,junkai-fukuhime-fukusakikasairenkei,巡回バス/ふくひめ号/福崎町・加西市連携コミュニティバス,28,2026-04-01,2027-03-31,False,,CC BY 2.1 JP,https://creativecommons.org/licenses/by/2.1/jp/,2026-03-31,2026-03-31,"{'trip_update_url': None, 'vehicle_position_url': None, 'alert_url': None, 'update_interval': 0}"
himejicity,姫路市,99,ieshima-boze-yukihiko,家島コミュニティバス/坊勢コミュニティバス/コミュニティバス雪彦,28,2026-10-01,2027-09-30,False,,CC BY 2.1 JP,https://creativecommons.org/licenses/by/2.1/jp/,2026-09-03,2026-09-03,"{'trip_update_url': None, 'vehicle_position_url': None, 'alert_url': None, 'update_interval': 0}"
hyogo-kamikawatown,神河町,99,communitybus,コミュニティバス,28,2026-07-01,2027-03-31,False,,CC BY 2.1 JP,https://creativecommons.org/licenses/by/2.1/jp/,2026-08-18,2026-08-18,"{'trip_update_url': None, 'vehicle_position_url': None, 'alert_url': None, 'update_interval': 0}"
hyogo-kamitown,香美町,99,kamichominbus,香美町民バス,28,2021-12-01,2024-03-31,False,,CC BY 2.1 JP,https://creativecommons.org/licenses/by/2.1/jp/,2023-06-08,2023-06-08,"{'trip_update_url': None, 'vehicle_position_url': None, 'alert_url': None, 'update_interval': 0}"
hyogo-ono,小野市,99,ranranbus,らんらんバス,28,2026-04-01,2027-03-31,False,,CC BY 2.1 JP,https://creativecommons.org/licenses/by/2.1/jp/,2026-03-26,2026-03-26,"{'trip_update_url': None, 'vehicle_position_url': None, 'alert_url': None, 'update_interval': 0}"
ichikawatown,市川町,99,communitybus,コミュニティバス,28,2026-05-01,2027-04-30,False,,CC BY 2.1 JP,https://creativecommons.org/licenses/by/2.1/jp/,2026-04-29,2026-04-29,"{'trip_update_url': None, 'vehicle_position_url': None, 'alert_url': None, 'update_interval': 0}"
inagawatown,猪名川町,99,fureaibus,ふれあいバス,28,2026-10-01,2027-09-30,False,,CC BY 2.1 JP,https://creativecommons.org/licenses/by/2.1/jp/,2026-09-06,2026-09-06,"{'trip_update_url': None, 'vehicle_position_url': None, 'alert_url': None, 'update_interval': 0}"
kakogawacity,加古川市,99,kakobuskakobusmini,かこバス/かこバスミニ,28,2026-09-15,2027-09-30,False,,CC BY 2.1 JP,https://creativecommons.org/licenses/by/2.1/jp/,2026-09-07,2026-09-07,"{'trip_update_url': None, 'vehicle_position_url': None, 'alert_url': None, 'update_interval': 0}"
kamigoritown,上郡町,99,ainorigo,愛のり号,28,2025-11-01,2026-10-31,False,,CC BY 2.1 JP,https://creativecommons.org/licenses/by/2.1/jp/,2025-10-16,2025-10-16,"{'trip_update_url': None, 'vehicle_position_url': None, 'alert_url': None, 'update_interval': 0}"
kasaicity,加西市,99,kasaineppihappybus,KASAIねっぴー号/はっぴーバス,28,2026-04-01,2027-03-31,False,,CC BY 2.1 JP,https://creativecommons.org/licenses/by/2.1/jp/,2026-04-09,2026-04-09,"{'trip_update_url': None, 'vehicle_position_url': None, 'alert_url': None, 'update_interval': 0}"
kasaicity,加西市,99,unifureaitomi,宇仁ふれあいバス/とみバス,28,2026-04-01,2027-03-31,False,,CC BY 2.1 JP,https://creativecommons.org/licenses/by/2.1/jp/,2026-04-09,2026-04-09,"{'trip_update_url': '', 'vehicle_position_url': '', 'alert_url': '', 'update_interval': 0}"
katocity,加東市,99,yashiroshigaichinoriaitaxi,社市街地乗合タクシー,28,2024-04-01,2025-03-31,False,,CC BY 2.1 JP,https://creativecommons.org/licenses/by/2.1/jp/,2024-03-25,2024-03-25,"{'trip_update_url': None, 'vehicle_position_url': None, 'alert_url': None, 'update_interval': 0}"
kobecity,神戸市,99,kobe-satoyama,北区青葉台・柏尾台地区「さとやま」,28,2026-03-02,2027-03-31,False,,CC BY 4.0,https://creativecommons.org/licenses/by/4.0/deed.ja,2026-03-07,2026-03-07,"{'trip_update_url': '', 'vehicle_position_url': '', 'alert_url': '', 'update_interval': 0}"
kobecity,神戸市,99,kobe-shiokaze,神戸市コミュニティバス,28,2026-10-01,2027-09-30,False,,CC BY 2.1 JP,https://creativecommons.org/licenses/by/2.1/jp/,2026-09-03,2026-09-03,"{'trip_update_url': '', 'vehicle_position_url': '', 'alert_url': '', 'update_interval': 0}"
minamiawajicity,南あわじ市,99,lanrunbus,らん・らんバス,28,2026-04-01,2027-03-31,False,,CC BY 2.1 JP,https://creativecommons.org/licenses/by/2.1/jp/,2026-04-02,2026-04-02,"{'trip_update_url': None, 'vehicle_position_url': None, 'alert_url': None, 'update_interval': 0}"
nishinomiyacity,西宮市,99,sakurayamanami,さくらやまなみバス,28,2025-09-01,2026-10-31,False,,CC BY 2.1 JP,https://creativecommons.org/licenses/by/2.1/jp/,2025-11-28,2025-11-28,"{'trip_update_url': None, 'vehicle_position_url': None, 'alert_url': None, 'update_interval': 0}"
nishinomiyacity,西宮市,99,najio-ikunokogen,名塩・生野高原ふれあいバス,28,2026-04-01,2027-04-30,False,,CC BY 4.0,https://creativecommons.org/licenses/by/4.0/deed.ja,2026-05-25,2026-05-25,"{'trip_update_url': '', 'vehicle_position_url': '', 'alert_url': '', 'update_interval': 0}"
nishinomiyacity,西宮市,99,koyoen,甲陽地区コミュニティバス（こよたんバス）,28,2026-03-02,2027-03-31,False,,CC BY 4.0,https://creativecommons.org/licenses/by/4.0/deed.ja,2026-03-04,2026-03-04,"{'trip_update_url': '', 'vehicle_position_url': '', 'alert_url': '', 'update_interval': 0}"
nishinomiyacity,西宮市,99,guruttonamaze,ぐるっと生瀬,28,2026-04-01,2027-05-31,False,,CC BY 2.1 JP,https://creativecommons.org/licenses/by/2.1/jp/,2026-02-05,2026-02-05,"{'trip_update_url': None, 'vehicle_position_url': None, 'alert_url': None, 'update_interval': 0}"
nishiwakicity,西脇市,99,loopbus-orihimebus,ループバス/おりひめバス,28,2026-04-01,2027-03-31,False,,CC BY 2.1 JP,https://creativecommons.org/licenses/by/2.1/jp/,2026-03-26,2026-03-26,"{'trip_update_url': None, 'vehicle_position_url': None, 'alert_url': None, 'update_interval': 0}"
sayotown,佐用町,99,communitybus,コミュニティバス,28,2026-05-01,2027-04-30,False,,CC BY 2.1 JP,https://creativecommons.org/licenses/by/2.1/jp/,2026-04-29,2026-04-29,"{'trip_update_url': None, 'vehicle_position_url': None, 'alert_url': None, 'update_interval': 0}"
shinonsentown,新温泉町,99,yumetsubame,町民バス夢つばめ,28,2026-04-01,2027-03-31,False,,CC BY 2.1 JP,https://creativecommons.org/licenses/by/2.1/jp/,2026-05-25,2026-05-25,"{'trip_update_url': None, 'vehicle_position_url': None, 'alert_url': None, 'update_interval': 0}"
shisocity,宍粟市,99,shitanbus-wingshinki,しーたんバス（蔦沢線・大谷線以外）,28,2026-04-01,2027-03-31,False,,CC BY 2.1 JP,https://creativecommons.org/licenses/by/2.1/jp/,2026-03-09,2026-03-09,"{'trip_update_url': '', 'vehicle_position_url': '', 'alert_url': '', 'update_interval': 0}"
shisocity,宍粟市,99,shitanbus,しーたんバス（蔦沢線・大谷線）,28,2026-04-01,2027-03-31,False,,CC BY 2.1 JP,https://creativecommons.org/licenses/by/2.1/jp/,2026-03-09,2026-03-09,"{'trip_update_url': '', 'vehicle_position_url': '', 'alert_url': '', 'update_interval': 0}"
sumotocity,洲本市,99,communitybus,コミュニティバス,28,2026-10-01,2027-03-31,False,,CC BY 2.1 JP,https://creativecommons.org/licenses/by/2.1/jp/,2026-09-15,2026-09-15,"{'trip_update_url': None, 'vehicle_position_url': None, 'alert_url': None, 'update_interval': 0}"
takarazukacity,宝塚市,99,runrunbus,ランランバス,28,2026-05-01,2027-09-30,False,,CC BY 2.1 JP,https://creativecommons.org/licenses/by/2.1/jp/,2026-03-31,2026-03-31,"{'trip_update_url': None, 'vehicle_position_url': None, 'alert_url': None, 'update_interval': 0}"
takasagocity,高砂市,99,jotonbus,じょうとんバス,28,2026-10-01,2027-09-30,False,,CC BY 2.1 JP,https://creativecommons.org/licenses/by/2.1/jp/,2026-09-03,2026-09-03,"{'trip_update_url': None, 'vehicle_position_url': None, 'alert_url': None, 'update_interval': 0}"
tambasasayamacity,丹波篠山市,99,communitybusheartrun,コミバスハートラン,28,2024-11-01,2025-12-31,True,,CC BY 2.1 JP,https://creativecommons.org/licenses/by/2.1/jp/,2026-01-27,2026-01-27,"{'trip_update_url': '', 'vehicle_position_url': '', 'alert_url': '', 'update_interval': 0}"
tatsunocity,たつの市,99,communitybus,コミュニティバス,28,2026-04-01,2027-04-30,False,,CC BY 2.1 JP,https://creativecommons.org/licenses/by/2.1/jp/,2026-03-17,2026-03-17,"{'trip_update_url': None, 'vehicle_position_url': None, 'alert_url': None, 'update_interval': 0}"
toyookacity,豊岡市,99,inacar,イナカー,28,2026-04-01,2027-03-31,False,,CC BY 2.1 JP,https://creativecommons.org/licenses/by/2.1/jp/,2026-03-09,2026-03-09,"{'trip_update_url': None, 'vehicle_position_url': None, 'alert_url': None, 'update_interval': 0}"
toyookacity,豊岡市,99,kobus,コバス,28,2026-04-01,2027-03-31,False,,CC BY 2.1 JP,https://creativecommons.org/licenses/by/2.1/jp/,2026-03-09,2026-03-09,"{'trip_update_url': None, 'vehicle_position_url': None, 'alert_url': None, 'update_interval': 0}"
yabucity,養父市,99,waiwai-sekimiya-yoka,わいわいバス/関宮ふれあいバス/八鹿コミュニティバス,28,2021-10-01,2024-12-31,False,,CC BY 2.1 JP,https://creativecommons.org/licenses/by/2.1/jp/,2022-12-03,2022-12-03,"{'trip_update_url': None, 'vehicle_position_url': None, 'alert_url': None, 'update_interval': 0}"
andotown,安堵町,99,andocombus,安堵町コミュニティバス,29,2025-02-01,2026-03-31,False,,CC BY 4.0,https://creativecommons.org/licenses/by/4.0/deed.ja,2025-05-09,2025-05-09,"{'trip_update_url': '', 'vehicle_position_url': '', 'alert_url': '', 'update_interval': 0}"
yamatokoriyamacity,大和郡山市,99,kingyobus,大和郡山市コミュニティバス,29,2026-04-01,2027-03-31,False,,CC BY 4.0,https://creativecommons.org/licenses/by/4.0/deed.ja,2026-02-02,2026-02-02,"{'trip_update_url': '', 'vehicle_position_url': '', 'alert_url': '', 'update_interval': 0}"
yamatotakadacity,大和高田市,99,communitybuskibougou,コミュニティバスきぼう号,29,2026-10-01,2027-03-31,False,,CC BY 4.0,https://creativecommons.org/licenses/by/4.0/deed.ja,2026-08-28,2026-08-28,"{'trip_update_url': '', 'vehicle_position_url': '', 'alert_url': '', 'update_interval': 0}"
aridagawatown,有田川町,99,aridagawatownbus,有田川町コミュニティバス,30,2026-03-28,2027-03-31,False,,CC BY 4.0,https://creativecommons.org/licenses/by/4.0/deed.ja,2026-03-28,2026-03-28,"{'trip_update_url': '', 'vehicle_position_url': '', 'alert_url': '', 'update_interval': 0}"
chukibus,中紀バス,99,chukibus,中紀バス,30,2026-09-20,2027-03-31,False,,CC BY 4.0,https://creativecommons.org/licenses/by/4.0/deed.ja,2026-09-17,2026-09-17,"{'trip_update_url': '', 'vehicle_position_url': '', 'alert_url': '', 'update_interval': 0}"
iwadecity,岩出市,99,junkaibus,岩出市巡回バス,30,2026-07-07,2027-03-31,False,,CC BY 4.0,https://creativecommons.org/licenses/by/4.0/deed.ja,2026-07-07,2026-07-07,"{'trip_update_url': '', 'vehicle_position_url': '', 'alert_url': '', 'update_interval': 0}"
katsuragitown,かつらぎ町,99,community-bus,かつらぎ町コミュニティバス,30,2026-05-18,2027-05-17,False,,CC0 1.0,https://creativecommons.org/publicdomain/zero/1.0/deed.ja,2026-05-18,2026-05-18,"{'trip_update_url': '', 'vehicle_position_url': '', 'alert_url': '', 'update_interval': 0}"
kinokawacity,紀の川市,99,kinokawa_bus,紀の川市地域巡回バス・紀の川コミュニティバス,30,2026-07-03,2028-03-31,False,,CC BY 4.0,https://creativecommons.org/licenses/by/4.0/deed.ja,2026-07-03,2026-07-03,"{'trip_update_url': '', 'vehicle_position_url': '', 'alert_url': '', 'update_interval': 0}"
kumanogobobus,熊野御坊南海バス株式会社,99,kumanogobobus_kumano,熊野御坊南海バス 熊野エリア,30,2026-04-01,2027-03-31,False,,CC BY 4.0,https://creativecommons.org/licenses/by/4.0/deed.ja,2026-04-01,2026-04-01,"{'trip_update_url': '', 'vehicle_position_url': '', 'alert_url': '', 'update_interval': 0}"
kumanogobobus,熊野御坊南海バス株式会社,99,kumanogobobus_gobo,熊野御坊南海バス 御坊エリア,30,2025-10-01,2026-10-31,False,,CC BY 4.0,https://creativecommons.org/licenses/by/4.0/deed.ja,2025-10-01,2025-10-01,"{'trip_update_url': '', 'vehicle_position_url': '', 'alert_url': '', 'update_interval': 0}"
kushimoto,くしもと観光周遊バス推進協議会（事務局：和歌山県立南紀熊野ジオパークセンター））,99,bus-kushimotokankoshuyu-wakayama-jp,くしもと観光周遊バス　まぐトル号,30,2026-09-28,2027-03-31,False,,CC BY 4.0,https://creativecommons.org/licenses/by/4.0/deed.ja,2026-09-28,2026-09-28,"{'trip_update_url': '', 'vehicle_position_url': '', 'alert_url': '', 'update_interval': 0}"
meikobus,明光バス株式会社,99,meikobus,明光バス,30,2026-09-07,2027-03-31,False,,CC BY 4.0,https://creativecommons.org/licenses/by/4.0/deed.ja,2026-09-14,2026-09-14,"{'trip_update_url': '', 'vehicle_position_url': '', 'alert_url': '', 'update_interval': 0}"
rinkan,南海りんかんバス株式会社,99,koyasan,南海りんかんバス高野山エリア,30,2026-04-23,2027-03-31,False,,CC BY 4.0,https://creativecommons.org/licenses/by/4.0/deed.ja,2026-04-23,2026-04-23,"{'trip_update_url': '', 'vehicle_position_url': '', 'alert_url': '', 'update_interval': 0}"
rinkan,南海りんかんバス株式会社,99,hashimoto-rinkandenentoshi,南海りんかんバス橋本・林間田園都市エリア,30,2026-03-28,2027-03-31,False,,CC BY 4.0,https://creativecommons.org/licenses/by/4.0/deed.ja,2026-03-25,2026-03-25,"{'trip_update_url': '', 'vehicle_position_url': '', 'alert_url': '', 'update_interval': 0}"
ryujinbus,龍神自動車株式会社,99,ryujinbus,龍神自動車,30,2026-09-19,2027-03-31,False,,CC BY 4.0,https://creativecommons.org/licenses/by/4.0/deed.ja,2026-09-14,2026-09-14,"{'trip_update_url': '', 'vehicle_position_url': '', 'alert_url': '', 'update_interval': 0}"
susamitown,すさみ町,99,Communitybus,すさみ町コミュニティバス,30,2024-04-01,2025-03-31,False,,CC0 1.0,https://creativecommons.org/publicdomain/zero/1.0/deed.ja,2024-03-24,2024-03-24,"{'trip_update_url': '', 'vehicle_position_url': '', 'alert_url': '', 'update_interval': 0}"
tanabecity,田辺市,99,Jumin-Bus,田辺市住民バス,30,2026-05-31,2027-05-31,False,,CC BY 4.0,https://creativecommons.org/licenses/by/4.0/deed.ja,2026-06-01,2026-06-01,"{'trip_update_url': '', 'vehicle_position_url': '', 'alert_url': '', 'update_interval': 0}"
masudacity,益田市,99,noriai,益田市乗合タクシー,32,2026-01-01,2027-03-31,False,,CC BY 4.0,https://creativecommons.org/licenses/by/4.0/deed.ja,2025-12-18,2025-12-18,"{'trip_update_url': '', 'vehicle_position_url': '', 'alert_url': '', 'update_interval': 0}"
hayashimatown,早島町,99,hayashimatowncommunitybus,早島町コミュニティバス,33,2026-04-01,2027-03-31,False,,CC BY 4.0,https://creativecommons.org/licenses/by/4.0/deed.ja,2026-03-06,2026-03-06,"{'trip_update_url': '', 'vehicle_position_url': '', 'alert_url': '', 'update_interval': 0}"
hokushin-bus,北振バス株式会社,99,ibaraaiaibus,井原あいあいバス,33,2026-05-13,2027-05-12,False,,CC0 1.0,https://creativecommons.org/publicdomain/zero/1.0/deed.ja,2026-05-13,2026-05-13,"{'trip_update_url': '', 'vehicle_position_url': '', 'alert_url': '', 'update_interval': 0}"
hokushin-bus,北振バス株式会社,99,hokushinbus,北振バス,33,2026-03-09,2027-03-08,False,,CC0 1.0,https://creativecommons.org/publicdomain/zero/1.0/deed.ja,2026-03-09,2026-03-09,"{'trip_update_url': '', 'vehicle_position_url': '', 'alert_url': '', 'update_interval': 0}"
kagaminotown,鏡野町,99,kagaminotownbus,鏡野町営バス,33,2026-04-01,2027-03-31,False,,CC BY 4.0,https://creativecommons.org/licenses/by/4.0/deed.ja,2026-03-18,2026-03-18,"{'trip_update_url': '', 'vehicle_position_url': '', 'alert_url': '', 'update_interval': 0}"
maniwacity,真庭市,99,maniwakun,真庭市コミュニティバス「まにわくん」,33,2026-04-01,2027-03-31,False,,CC0 1.0,https://creativecommons.org/publicdomain/zero/1.0/deed.ja,2026-03-13,2026-03-13,"{'trip_update_url': '', 'vehicle_position_url': '', 'alert_url': '', 'update_interval': 0}"
nagitown,奈義町,99,nagibus,なぎバス,33,2026-03-02,2027-03-01,False,,CC BY 4.0,https://creativecommons.org/licenses/by/4.0/deed.ja,2026-03-05,2026-03-05,"{'trip_update_url': '', 'vehicle_position_url': '', 'alert_url': '', 'update_interval': 0}"
niimicity,新見市,99,niimishieibus,新見市営バス,33,2026-06-30,2027-06-29,False,,CC BY 4.0,https://creativecommons.org/licenses/by/4.0/deed.ja,2026-06-30,2026-06-30,"{'trip_update_url': '', 'vehicle_position_url': '', 'alert_url': '', 'update_interval': 0}"
setouchicity,瀬戸内市,99,setouchicitykankobus,長船だがし線,33,2026-08-01,2027-01-31,False,,CC0 1.0,https://creativecommons.org/publicdomain/zero/1.0/deed.ja,2026-08-07,2026-08-07,"{'trip_update_url': '', 'vehicle_position_url': '', 'alert_url': '', 'update_interval': 0}"
setouchicity,瀬戸内市,99,setouchicitybus,瀬戸内市営バス,33,2026-04-01,2027-03-31,False,,CC BY 4.0,https://creativecommons.org/licenses/by/4.0/deed.ja,2026-03-31,2026-03-31,"{'trip_update_url': '', 'vehicle_position_url': '', 'alert_url': '', 'update_interval': 0}"
shootown,勝央町,99,shoochofureaibus,勝央町ふれあいバス,33,2026-09-11,2026-09-30,False,,CC0 1.0,https://creativecommons.org/publicdomain/zero/1.0/deed.ja,2026-09-11,2026-09-11,"{'trip_update_url': '', 'vehicle_position_url': '', 'alert_url': '', 'update_interval': 0}"
tsuyamacity,津山市,99,bus-tsuyamacity-okayama-jp,のるイコつやま,33,2026-03-17,2026-04-30,False,,CC BY 4.0,https://creativecommons.org/licenses/by/4.0/deed.ja,2026-03-17,2026-03-17,"{'trip_update_url': '', 'vehicle_position_url': '', 'alert_url': '', 'update_interval': 0}"
waketown,和気町,99,wakechoueibasu,和気町営バス「わけまろ号」,33,2025-03-11,2025-12-31,False,,CC0 1.0,https://creativecommons.org/publicdomain/zero/1.0/deed.ja,2025-03-11,2025-03-11,"{'trip_update_url': '', 'vehicle_position_url': '', 'alert_url': '', 'update_interval': 0}"
asatetu,阿佐海岸鉄道株式会社,99,asakaigantetsudo,阿佐海岸鉄道株式会社【DMV】,36,2026-06-11,2027-06-10,False,,CC BY 4.0,https://creativecommons.org/licenses/by/4.0/deed.ja,2026-06-11,2026-06-11,"{'trip_update_url': '', 'vehicle_position_url': '', 'alert_url': '', 'update_interval': 0}"
higashimiyoshitown,東みよし町,99,higashimiyoshitownbus,東みよし町営バス,36,2026-03-11,2027-03-31,False,,CC BY 4.0,https://creativecommons.org/licenses/by/4.0/deed.ja,2026-03-11,2026-03-11,"{'trip_update_url': '', 'vehicle_position_url': '', 'alert_url': '', 'update_interval': 0}"
kaiyotown,海陽町,99,kaiyotownbus,海陽町営バス,36,2026-04-01,2027-03-31,False,,CC BY 4.0,https://creativecommons.org/licenses/by/4.0/deed.ja,2026-03-10,2026-03-10,"{'trip_update_url': '', 'vehicle_position_url': '', 'alert_url': '', 'update_interval': 0}"
kamikatsutown,上勝町,99,kamikatsutownbus,上勝町営バス,36,2025-04-01,2026-03-31,False,,CC BY 4.0,https://creativecommons.org/licenses/by/4.0/deed.ja,2025-04-18,2025-04-18,"{'trip_update_url': '', 'vehicle_position_url': '', 'alert_url': '', 'update_interval': 0}"
kitajimatown,北島町,99,kitajimatownfukushibus,北島町福祉バス,36,2026-02-19,2027-02-18,False,,CC BY 4.0,https://creativecommons.org/licenses/by/4.0/deed.ja,2026-02-19,2026-02-19,"{'trip_update_url': '', 'vehicle_position_url': '', 'alert_url': '', 'update_interval': 0}"
matsushigetown,松茂町,99,matsushigetownbus,松茂町地域コミュニティバス,36,2026-06-01,2027-12-31,False,,CC BY 4.0,https://creativecommons.org/licenses/by/4.0/deed.ja,2026-06-11,2026-06-11,"{'trip_update_url': '', 'vehicle_position_url': '', 'alert_url': '', 'update_interval': 0}"
nakatown,那賀町,99,nakatownbus,那賀町営バス,36,2026-04-30,2027-03-31,False,,CC BY 4.0,https://creativecommons.org/licenses/by/4.0/deed.ja,2026-05-13,2026-05-13,"{'trip_update_url': '', 'vehicle_position_url': '', 'alert_url': '', 'update_interval': 0}"
narutocity,鳴門市,99,narutocitytosen,鳴門市営渡船,36,2026-04-07,2027-04-06,False,,CC BY 4.0,https://creativecommons.org/licenses/by/4.0/deed.ja,2026-04-14,2026-04-14,"{'trip_update_url': '', 'vehicle_position_url': '', 'alert_url': '', 'update_interval': 0}"
narutocity,鳴門市,99,narutocitychiikibus,鳴門市地域バス,36,2026-04-07,2027-04-06,False,,CC BY 4.0,https://creativecommons.org/licenses/by/4.0/deed.ja,2026-04-14,2026-04-14,"{'trip_update_url': '', 'vehicle_position_url': '', 'alert_url': '', 'update_interval': 0}"
tokubus,徳島バス株式会社,99,tokushimabus,徳島バス株式会社,36,2026-10-01,2027-12-31,False,,CC BY 4.0,https://creativecommons.org/licenses/by/4.0/deed.ja,2026-09-26,2026-09-26,"{'trip_update_url': '', 'vehicle_position_url': '', 'alert_url': '', 'update_interval': 0}"
tokubus-anan,徳島バス阿南株式会社（2023年10月1日 徳島バス株式会社と合併）,99,tokushimabusanan,徳島バス阿南株式会社（2023年10月1日 徳島バス株式会社と合併）,36,2023-02-20,2023-09-30,True,2023-09-30,CC BY 4.0,https://creativecommons.org/licenses/by/4.0/deed.ja,2023-09-29,2023-09-29,"{'trip_update_url': '', 'vehicle_position_url': '', 'alert_url': '', 'update_interval': 0}"
tokubus-nanbu,徳島バス南部株式会社,99,tokushimabusnanbu,徳島バス南部株式会社,36,2025-10-01,2026-12-31,False,,CC BY 4.0,https://creativecommons.org/licenses/by/4.0/deed.ja,2025-10-06,2025-10-06,"{'trip_update_url': '', 'vehicle_position_url': '', 'alert_url': '', 'update_interval': 0}"
tokushima-minamitown,美波町,99,minabubyoinrenrakubus,美波病院連絡バス,36,2025-03-21,2026-03-20,False,,CC BY 4.0,https://creativecommons.org/licenses/by/4.0/deed.ja,2025-03-21,2025-03-21,"{'trip_update_url': '', 'vehicle_position_url': '', 'alert_url': '', 'update_interval': 0}"
tokushima-miyoshicity,三好市,99,miyoshicitybus,三好市営バス,36,2026-04-01,2027-03-31,False,,CC BY 4.0,https://creativecommons.org/licenses/by/4.0/deed.ja,2026-03-23,2026-03-23,"{'trip_update_url': '', 'vehicle_position_url': '', 'alert_url': '', 'update_interval': 0}"
tokushima-shiei,徳島市交通局,99,tokushimacitybus,徳島市営バス,36,2026-04-01,2027-03-31,False,,CC BY 4.0,https://creativecommons.org/licenses/by/4.0/deed.ja,2026-03-27,2026-03-27,"{'trip_update_url': '', 'vehicle_position_url': '', 'alert_url': '', 'update_interval': 0}"
tokushimacity,徳島市,99,kamihachimanbus,上八万コミュニティバス,36,2026-04-01,2027-03-31,False,,CC BY 4.0,https://creativecommons.org/licenses/by/4.0/deed.ja,2026-03-11,2026-03-11,"{'trip_update_url': '', 'vehicle_position_url': '', 'alert_url': '', 'update_interval': 0}"
tokushimacity,徳島市,99,oujinfureaibus,応神ふれあいバス,36,2026-04-01,2027-03-31,False,,CC BY 4.0,https://creativecommons.org/licenses/by/4.0/deed.ja,2026-03-30,2026-03-30,"{'trip_update_url': '', 'vehicle_position_url': '', 'alert_url': '', 'update_interval': 0}"
tsurugitown,つるぎ町,99,tsurugitownbus,つるぎ町コミュニティーバス,36,2026-04-01,2027-03-31,False,,CC BY 4.0,https://creativecommons.org/licenses/by/4.0/deed.ja,2026-03-04,2026-03-04,"{'trip_update_url': '', 'vehicle_position_url': '', 'alert_url': '', 'update_interval': 0}"
yoshinogawacity,吉野川市,99,yoshinogawacitybus,吉野川市代替バス,36,2026-04-01,2027-03-31,False,,CC BY 4.0,https://creativecommons.org/licenses/by/4.0/deed.ja,2026-03-16,2026-03-16,"{'trip_update_url': '', 'vehicle_position_url': '', 'alert_url': '', 'update_interval': 0}"
kanonjicity,観音寺市,99,kanonjishi-noriaibus,観音寺市のりあいバス,37,2026-04-01,2027-03-31,False,,CC0 1.0,https://creativecommons.org/publicdomain/zero/1.0/deed.ja,2026-03-26,2026-03-26,"{'trip_update_url': '', 'vehicle_position_url': '', 'alert_url': '', 'update_interval': 0}"
kotosan,琴参バス株式会社,99,sakaide-local,坂出路線,37,2026-03-02,2027-03-01,False,,CC BY 4.0,https://creativecommons.org/licenses/by/4.0/deed.ja,2026-03-02,2026-03-02,"{'trip_update_url': '', 'vehicle_position_url': '', 'alert_url': '', 'update_interval': 0}"
kotosan,琴参バス株式会社,99,kotohira-local,琴平路線,37,2025-10-01,2026-09-30,False,,CC BY 4.0,https://creativecommons.org/licenses/by/4.0/deed.ja,2026-02-26,2026-02-26,"{'trip_update_url': '', 'vehicle_position_url': '', 'alert_url': '', 'update_interval': 0}"
kotosan,琴参バス株式会社,99,marugame-community,丸亀コミュニティバス,37,2025-10-01,2026-09-30,False,,CC BY 4.0,https://creativecommons.org/licenses/by/4.0/deed.ja,2026-02-26,2026-02-26,"{'trip_update_url': '', 'vehicle_position_url': '', 'alert_url': '', 'update_interval': 0}"
mitoyocity,三豊市,99,mitoyocommunitybus,三豊市コミュニティバス,37,2026-04-01,2027-03-31,False,,CC BY 4.0,https://creativecommons.org/licenses/by/4.0/deed.ja,2026-04-23,2026-04-23,"{'trip_update_url': '', 'vehicle_position_url': '', 'alert_url': '', 'update_interval': 0}"
naoshimatown,直島町,99,naoshima,直島町,37,2026-08-23,2027-05-31,False,,CC BY 4.0,https://creativecommons.org/licenses/by/4.0/deed.ja,2026-08-27,2026-08-27,"{'trip_update_url': '', 'vehicle_position_url': '', 'alert_url': '', 'update_interval': 0}"
seisan-kanko,西讃観光,99,seisankanko_limousine,西讃観光（高松空港リムジンバス）,37,2026-08-27,2027-03-31,False,,CC BY 4.0,https://creativecommons.org/licenses/by/4.0/deed.ja,2026-08-28,2026-08-28,"{'trip_update_url': '', 'vehicle_position_url': '', 'alert_url': '', 'update_interval': 0}"
akicity,安芸市,99,GTFS-Akicity_Bus,安芸市「元気バス」,39,2026-10-01,2027-03-31,False,,CC BY 4.0,https://creativecommons.org/licenses/by/4.0/deed.ja,2026-09-04,2026-09-04,"{'trip_update_url': '', 'vehicle_position_url': '', 'alert_url': '', 'update_interval': 0}"
geiseivillage,芸西村,99,GTFS-Geiseivill_Bus,芸西村「おでかけバス」,39,2026-03-01,2027-04-01,False,,CC BY 4.0,https://creativecommons.org/licenses/by/4.0/deed.ja,2026-02-20,2026-02-20,"{'trip_update_url': '', 'vehicle_position_url': '', 'alert_url': '', 'update_interval': 0}"
inotown,いの町,99,GTFS-Inotown_Loopbus,いの町営バス「伊野循環線」,39,2026-03-01,2026-12-31,False,,CC BY 4.0,https://creativecommons.org/licenses/by/4.0/deed.ja,2026-03-17,2026-03-17,"{'trip_update_url': '', 'vehicle_position_url': '', 'alert_url': '', 'update_interval': 0}"
inotown,いの町,99,GTFS-Inotown_HongawaArea,いの町営バス「本川地区」,39,2025-07-01,2027-01-05,False,,CC BY 4.0,https://creativecommons.org/licenses/by/4.0/deed.ja,2025-07-04,2025-07-04,"{'trip_update_url': '', 'vehicle_position_url': '', 'alert_url': '', 'update_interval': 0}"
jr-shikoku-bus-kochi,ジェイアール四国バス株式会社 高知支店,99,GTFS-JRbus_Otochi,路線バス,39,2026-10-01,2027-03-31,False,,CC BY 4.0,https://creativecommons.org/licenses/by/4.0/deed.ja,2026-08-18,2026-08-18,"{'trip_update_url': '', 'vehicle_position_url': '', 'alert_url': '', 'update_interval': 0}"
kamicity,香美市,99,GTFS-Kamicity_Bus,香美市営バス,39,2026-10-01,2027-10-01,False,,CC BY 4.0,https://creativecommons.org/licenses/by/4.0/deed.ja,2026-09-01,2026-09-01,"{'trip_update_url': '', 'vehicle_position_url': '', 'alert_url': '', 'update_interval': 0}"
kamicity,香美市,99,GTFS-Kamicity_Demandbus,香美市営バス デマンド,39,2026-10-01,2027-10-01,False,,CC BY 4.0,https://creativecommons.org/licenses/by/4.0/deed.ja,2026-08-10,2026-08-10,"{'trip_update_url': '', 'vehicle_position_url': '', 'alert_url': '', 'update_interval': 0}"
khkhokubu-kotsu,株式会社県交北部交通,99,GTFS-Hokubutraffic_Localbus,路線バス,39,2026-10-01,2027-09-30,False,,CC BY 4.0,https://creativecommons.org/licenses/by/4.0/deed.ja,2026-09-08,2026-09-08,"{'trip_update_url': '', 'vehicle_position_url': '', 'alert_url': '', 'update_interval': 0}"
kitagawavillage,北川村,99,GTFS-Kitagawavill_Bus,北川村営バス,39,2026-04-01,2027-03-31,False,,CC BY 4.0,https://creativecommons.org/licenses/by/4.0/deed.ja,2026-03-19,2026-03-19,"{'trip_update_url': '', 'vehicle_position_url': '', 'alert_url': '', 'update_interval': 0}"
kochi-ekimae-kanko,株式会社高知駅前観光,99,GTFS-Ekimae_Expressbus,高速バス,39,2026-10-01,2026-12-31,False,,CC BY 4.0,https://creativecommons.org/licenses/by/4.0/deed.ja,2026-09-15,2026-09-15,"{'trip_update_url': '', 'vehicle_position_url': '', 'alert_url': '', 'update_interval': 0}"
kochi-ekimae-kanko,株式会社高知駅前観光,99,GTFS-Ekimae_Airportbus,空港連絡バス,39,2026-10-01,2026-10-31,False,,CC BY 4.0,https://creativecommons.org/licenses/by/4.0/deed.ja,2026-09-24,2026-09-24,"{'trip_update_url': '', 'vehicle_position_url': '', 'alert_url': '', 'update_interval': 0}"
kochi-kanko-convention,公益財団法人高知県観光コンベンション協会,99,GTFS-KVCA_MY-YUbus,MY遊バス,39,2026-10-01,2027-03-31,False,,CC BY 4.0,https://creativecommons.org/licenses/by/4.0/deed.ja,2026-09-25,2026-09-25,"{'trip_update_url': '', 'vehicle_position_url': '', 'alert_url': '', 'update_interval': 0}"
kochi-konancity,香南市,99,GTFS-Konancity_Bus,香南市営バス,39,2026-10-01,2027-10-01,False,,CC BY 4.0,https://creativecommons.org/licenses/by/4.0/deed.ja,2026-06-16,2026-06-16,"{'trip_update_url': '', 'vehicle_position_url': '', 'alert_url': '', 'update_interval': 0}"
kochi-koryo-kotsu,高知高陵交通株式会社,99,GTFS-Koryotraffic_Localbus,路線バス,39,2026-10-01,2026-12-29,False,,CC BY 4.0,https://creativecommons.org/licenses/by/4.0/deed.ja,2026-09-01,2026-09-01,"{'trip_update_url': '', 'vehicle_position_url': '', 'alert_url': '', 'update_interval': 0}"
kochi-seinan-kotsu,高知西南交通株式会社,99,GTFS-Seinantraffic_Localbus,路線バス,39,2026-10-01,2026-10-31,False,,CC BY 4.0,https://creativecommons.org/licenses/by/4.0/deed.ja,2026-09-20,2026-09-20,"{'trip_update_url': '', 'vehicle_position_url': '', 'alert_url': '', 'update_interval': 0}"
kochi-seinan-kotsu,高知西南交通株式会社,99,GTFS-Seinan_Expressbus,高速バス,39,2026-06-01,2027-09-30,False,,CC BY 4.0,https://creativecommons.org/licenses/by/4.0/deed.ja,2026-06-24,2026-06-24,"{'trip_update_url': '', 'vehicle_position_url': '', 'alert_url': '', 'update_interval': 0}"
kochi-seinan-kotsu,高知西南交通株式会社,99,GTFS-Seinantraffic_Shimaashi,しまんと・あしずり号,39,2026-04-01,2027-03-31,False,,CC BY 4.0,https://creativecommons.org/licenses/by/4.0/deed.ja,2026-03-17,2026-03-17,"{'trip_update_url': '', 'vehicle_position_url': '', 'alert_url': '', 'update_interval': 0}"
kochi-seinan-kotsu,高知西南交通株式会社,99,GTFS-Seinantraffic_Akamego,まちなかぐるっと循環周遊バス,39,2026-04-01,2027-03-31,False,,CC BY 4.0,https://creativecommons.org/licenses/by/4.0/deed.ja,2026-03-17,2026-03-17,"{'trip_update_url': '', 'vehicle_position_url': '', 'alert_url': '', 'update_interval': 0}"
kochi-seinan-kotsu,高知西南交通株式会社,99,GTFS-Seinantraffic_Riverbus,四万十川バス,39,2026-04-01,2027-03-31,False,,CC BY 4.0,https://creativecommons.org/licenses/by/4.0/deed.ja,2026-03-17,2026-03-17,"{'trip_update_url': '', 'vehicle_position_url': '', 'alert_url': '', 'update_interval': 0}"
kochi-suzakicity,須崎市,99,GTFS-Susakicity_Bus,須崎市営バス,39,2026-10-01,2027-01-04,False,,CC BY 4.0,https://creativecommons.org/licenses/by/4.0/deed.ja,2026-09-04,2026-09-04,"{'trip_update_url': '', 'vehicle_position_url': '', 'alert_url': '', 'update_interval': 0}"
kochi-suzakicity,須崎市,99,GTFS-Susakicity_Ferry,須崎市営巡航船,39,2025-12-01,2027-01-04,False,,CC BY 4.0,https://creativecommons.org/licenses/by/4.0/deed.ja,2025-12-02,2025-12-02,"{'trip_update_url': '', 'vehicle_position_url': '', 'alert_url': '', 'update_interval': 0}"
kochi-tobu-kotsu,高知東部交通株式会社,99,GTFS-Tobutraffic_Localbus,路線バス,39,2026-10-01,2027-09-30,False,,CC BY 4.0,https://creativecommons.org/licenses/by/4.0/deed.ja,2026-08-31,2026-08-31,"{'trip_update_url': '', 'vehicle_position_url': '', 'alert_url': '', 'update_interval': 0}"
kochi-tsunotown,津野町,99,GTFS-Tsunotown_Bus,津野町コミュニティバス「つのバス」,39,2026-06-04,2026-12-31,False,,CC BY 4.0,https://creativecommons.org/licenses/by/4.0/deed.ja,2026-06-16,2026-06-16,"{'trip_update_url': '', 'vehicle_position_url': '', 'alert_url': '', 'update_interval': 0}"
kochi_pref,高知県,99,GTFS-Kochipref_Ferry,高知県営渡船,39,2026-02-01,2027-04-01,False,,CC BY 4.0,https://creativecommons.org/licenses/by/4.0/deed.ja,2026-02-09,2026-02-09,"{'trip_update_url': '', 'vehicle_position_url': '', 'alert_url': '', 'update_interval': 0}"
kochiap,高知県航空利用促進協議会,99,GTFS-KochIAP_AirportShare,高知県航空利用促進協議会「空港乗合タクシー」,39,2026-04-01,2027-03-31,False,,CC BY 4.0,https://creativecommons.org/licenses/by/4.0/deed.ja,2026-02-20,2026-02-20,"{'trip_update_url': '', 'vehicle_position_url': '', 'alert_url': '', 'update_interval': 0}"
kuroiwa-kanko,有限会社黒岩観光,99,GTFS-Kuroiwakanko_Localbus,路線バス,39,2026-09-01,2026-12-25,False,,CC BY 4.0,https://creativecommons.org/licenses/by/4.0/deed.ja,2026-09-15,2026-09-15,"{'trip_update_url': '', 'vehicle_position_url': '', 'alert_url': '', 'update_interval': 0}"
miharavillage,三原村,99,GTFS-Miharavill_Bus,三原村「三原バス」,39,2025-11-01,2026-11-02,False,,CC BY 4.0,https://creativecommons.org/licenses/by/4.0/deed.ja,2025-12-02,2025-12-02,"{'trip_update_url': '', 'vehicle_position_url': '', 'alert_url': '', 'update_interval': 0}"
motoyamatown,本山町,99,GTFS-Motoyamatown_Bus,本山町コミュニティバス「さくらバス」,39,2026-10-01,2027-10-01,False,,CC BY 4.0,https://creativecommons.org/licenses/by/4.0/deed.ja,2026-08-17,2026-08-17,"{'trip_update_url': '', 'vehicle_position_url': '', 'alert_url': '', 'update_interval': 0}"
murotocity,室戸市,99,GTFS-Murotocity_Bus,室戸市コミュニティバス「むろはぴ号」,39,2026-10-01,2027-09-30,False,,CC BY 4.0,https://creativecommons.org/licenses/by/4.0/deed.ja,2026-09-17,2026-09-17,"{'trip_update_url': '', 'vehicle_position_url': '', 'alert_url': '', 'update_interval': 0}"
nakatosatown,中土佐町,99,GTFS-Nakatosatown_Bus,中土佐町コミュニティバス,39,2026-04-01,2027-04-01,False,,CC BY 4.0,https://creativecommons.org/licenses/by/4.0/deed.ja,2026-02-05,2026-02-05,"{'trip_update_url': '', 'vehicle_position_url': '', 'alert_url': '', 'update_interval': 0}"
nangokucity,南国市,99,GTFS-Nankokucity_AirportShare,南国市「空港乗合タクシー」,39,2025-10-01,2027-03-31,False,,CC BY 4.0,https://creativecommons.org/licenses/by/4.0/deed.ja,2025-10-07,2025-10-07,"{'trip_update_url': '', 'vehicle_position_url': '', 'alert_url': '', 'update_interval': 0}"
nangokucity,南国市,99,GTFS-Nankokucity_Bus,南国市コミュニティバス「NACOバス」,39,2026-10-01,2027-02-20,False,,CC BY 4.0,https://creativecommons.org/licenses/by/4.0/deed.ja,2026-09-25,2026-09-25,"{'trip_update_url': '', 'vehicle_position_url': '', 'alert_url': '', 'update_interval': 0}"
niyodogawatown,仁淀川町,99,GTFS-Niyodogawatown_Townsbus,仁淀川町町民バス,39,2026-07-01,2026-12-27,False,,CC BY 4.0,https://creativecommons.org/licenses/by/4.0/deed.ja,2026-06-25,2026-06-25,"{'trip_update_url': '', 'vehicle_position_url': '', 'alert_url': '', 'update_interval': 0}"
otsukitown,大月町,99,GTFS-Otsukitown_Bus,大月町「まちなか循環線」,39,2026-02-20,2027-04-01,False,,CC BY 4.0,https://creativecommons.org/licenses/by/4.0/deed.ja,2026-02-20,2026-02-20,"{'trip_update_url': '', 'vehicle_position_url': '', 'alert_url': '', 'update_interval': 0}"
reihoku-kanko,有限会社嶺北観光自動車,99,GTFS-Reihokukanko_Localbus,路線バス,39,2026-10-01,2026-12-27,False,,CC BY 4.0,https://creativecommons.org/licenses/by/4.0/deed.ja,2026-09-07,2026-09-07,"{'trip_update_url': '', 'vehicle_position_url': '', 'alert_url': '', 'update_interval': 0}"
sakawatown,佐川町,99,GTFS-Sakawatown_Bus,佐川町コミュニティバス「さかわぐるぐるバス」,39,2026-03-16,2027-03-31,False,,CC BY 4.0,https://creativecommons.org/licenses/by/4.0/deed.ja,2026-02-05,2026-02-05,"{'trip_update_url': '', 'vehicle_position_url': '', 'alert_url': '', 'update_interval': 0}"
shimanto-kotsu,株式会社四万十交通,99,GTFS-Shimantotraffic_Feederbus,路線バス フィーダー線,39,2026-10-01,2027-10-01,False,,CC BY 4.0,https://creativecommons.org/licenses/by/4.0/deed.ja,2026-09-01,2026-09-01,"{'trip_update_url': '', 'vehicle_position_url': '', 'alert_url': '', 'update_interval': 0}"
shimanto-kotsu,株式会社四万十交通,99,GTFS-Shimantotraffic_Localbus,路線バス,39,2026-10-01,2027-09-30,False,,CC BY 4.0,https://creativecommons.org/licenses/by/4.0/deed.ja,2026-09-07,2026-09-07,"{'trip_update_url': '', 'vehicle_position_url': '', 'alert_url': '', 'update_interval': 0}"
shimantocity,四万十市,99,GTFS-Shimantocity_Demandbus,四万十市デマンド交通,39,2026-01-05,2027-03-31,True,,CC BY 4.0,https://creativecommons.org/licenses/by/4.0/deed.ja,2026-06-24,2026-06-24,"{'trip_update_url': '', 'vehicle_position_url': '', 'alert_url': '', 'update_interval': 0}"
shimantocity,四万十市,99,GTFS-Shimantocity_Bus,四万十市営バス,39,2026-05-15,2027-04-01,False,,CC BY 4.0,https://creativecommons.org/licenses/by/4.0/deed.ja,2026-06-01,2026-06-01,"{'trip_update_url': '', 'vehicle_position_url': '', 'alert_url': '', 'update_interval': 0}"
shimantotown,四万十町,99,GTFS-Shimantotown_Bus,四万十町コミュニティバス,39,2026-03-02,2027-04-01,False,,CC BY 4.0,https://creativecommons.org/licenses/by/4.0/deed.ja,2026-02-13,2026-02-13,"{'trip_update_url': '', 'vehicle_position_url': '', 'alert_url': '', 'update_interval': 0}"
sukumocity,宿毛市,99,GTFS-Sukumocity_Yururinbus,宿毛市「ゆるりんバス」,39,2026-04-01,2027-04-30,False,,CC BY 4.0,https://creativecommons.org/licenses/by/4.0/deed.ja,2026-03-28,2026-03-28,"{'trip_update_url': '', 'vehicle_position_url': '', 'alert_url': '', 'update_interval': 0}"
sukumocity,宿毛市,99,GTFS-Sukumocity_Ferry,宿毛市営定期船航路「沖の島航路」,39,2026-08-01,2027-08-10,False,,CC BY 4.0,https://creativecommons.org/licenses/by/4.0/deed.ja,2026-07-27,2026-07-27,"{'trip_update_url': '', 'vehicle_position_url': '', 'alert_url': '', 'update_interval': 0}"
sukumocity,宿毛市,99,GTFS-Sukumocity_Hanabus,宿毛市コミュニティバス「はなちゃんバス」,39,2026-04-01,2027-04-10,False,,CC BY 4.0,https://creativecommons.org/licenses/by/4.0/deed.ja,2026-03-19,2026-03-19,"{'trip_update_url': '', 'vehicle_position_url': '', 'alert_url': '', 'update_interval': 0}"
tanotown,田野町,99,GTFS-Tanotown_Bus,田野町コミュニティーバス「たのくるバス」,39,2026-09-01,2027-10-01,False,,CC BY 4.0,https://creativecommons.org/licenses/by/4.0/deed.ja,2026-07-22,2026-07-22,"{'trip_update_url': '', 'vehicle_position_url': '', 'alert_url': '', 'update_interval': 0}"
tosacity,土佐市,99,GTFS-Tosacity_Bus,土佐市コミュニティバス「ドラゴンバス」,39,2026-10-01,2027-09-30,False,,CC BY 4.0,https://creativecommons.org/licenses/by/4.0/deed.ja,2026-09-05,2026-09-05,"{'trip_update_url': '', 'vehicle_position_url': '', 'alert_url': '', 'update_interval': 0}"
tosaden-kotsu,とさでん交通株式会社,99,GTFS-Tosadentraffic_Regularbus,路線バス,39,2026-10-01,2027-09-30,False,,CC BY 4.0,https://creativecommons.org/licenses/by/4.0/deed.ja,2026-09-19,2026-09-19,"{'trip_update_url': '', 'vehicle_position_url': '', 'alert_url': '', 'update_interval': 0}"
tosaden-kotsu,とさでん交通株式会社,99,GTFS-Tosadentraffic_Streetcar,路面電車,39,2026-08-01,2027-04-30,False,,CC BY 4.0,https://creativecommons.org/licenses/by/4.0/deed.ja,2026-09-28,2026-09-28,"{'trip_update_url': '', 'vehicle_position_url': '', 'alert_url': '', 'update_interval': 0}"
tosaden-kotsu,とさでん交通株式会社,99,GTFS-Tosadentraffic_Airportbus,空港連絡バス,39,2026-10-01,2026-10-20,False,,CC BY 4.0,https://creativecommons.org/licenses/by/4.0/deed.ja,2026-09-24,2026-09-24,"{'trip_update_url': '', 'vehicle_position_url': '', 'alert_url': '', 'update_interval': 0}"
tosashimizucity,土佐清水市,99,GTFS-Tosashimizucity_Bus,土佐清水市デマンド交通「おでかけ号」,39,2026-10-01,2027-09-30,False,,CC BY 4.0,https://creativecommons.org/licenses/by/4.0/deed.ja,2026-08-18,2026-08-18,"{'trip_update_url': '', 'vehicle_position_url': '', 'alert_url': '', 'update_interval': 0}"
yasudatown,安田町,99,GTFS-Yasudatown_Bus,安田町コミュニティバス「やすら号」,39,2026-09-01,2027-10-01,False,,CC BY 4.0,https://creativecommons.org/licenses/by/4.0/deed.ja,2026-07-22,2026-07-22,"{'trip_update_url': '', 'vehicle_position_url': '', 'alert_url': '', 'update_interval': 0}"
amagikankobus,株式会社甘木観光バス,99,AmagiKankoBus,株式会社甘木観光バス,40,2026-04-01,2027-03-31,False,,CC BY 4.0,https://creativecommons.org/licenses/by/4.0/deed.ja,2026-08-31,2026-08-31,"{'trip_update_url': '', 'vehicle_position_url': '', 'alert_url': '', 'update_interval': 0}"
ashiyatown,芦屋町,99,AshiyaTownBus,芦屋町コミュニティバス 芦屋タウンバス,40,2026-03-28,2027-03-31,False,,CC BY 4.0,https://creativecommons.org/licenses/by/4.0/deed.ja,2026-02-07,2026-02-07,"{'trip_update_url': '', 'vehicle_position_url': '', 'alert_url': '', 'update_interval': 0}"
buzencity,豊前市,99,BuzenCityBus,豊前市バス,40,2026-04-01,2027-03-31,False,,CC BY 4.0,https://creativecommons.org/licenses/by/4.0/deed.ja,2026-03-08,2026-03-08,"{'trip_update_url': '', 'vehicle_position_url': '', 'alert_url': '', 'update_interval': 0}"
chikugocity,筑後市,99,HainuzukaStationAreaLoopBus,羽犬塚駅周辺循環バス（はねバス）,40,2026-04-01,2027-03-31,False,,CC BY 4.0,https://creativecommons.org/licenses/by/4.0/deed.ja,2026-09-01,2026-09-01,"{'trip_update_url': '', 'vehicle_position_url': '', 'alert_url': '', 'update_interval': 0}"
chikujotown,築上町,99,ChikujoTownCommunityBus,築上町コミュニティバス,40,2026-04-01,2027-03-31,False,,CC BY 4.0,https://creativecommons.org/licenses/by/4.0/deed.ja,2026-03-04,2026-03-04,"{'trip_update_url': '', 'vehicle_position_url': '', 'alert_url': '', 'update_interval': 0}"
dazaifucity,太宰府市,99,DazaifuCityCommunityBus,太宰府市コミュニティバスまほろば号,40,2025-09-29,2027-03-31,False,,CC BY 4.0,https://creativecommons.org/licenses/by/4.0/deed.ja,2026-02-20,2026-02-20,"{'trip_update_url': '', 'vehicle_position_url': '', 'alert_url': '', 'update_interval': 0}"
fukuoka-kawasakitown,川崎町,99,KawasakiTownFureaiBus,川崎町ふれあいバス,40,2025-10-01,2027-03-31,False,,CC BY 4.0,https://creativecommons.org/licenses/by/4.0/deed.ja,2026-02-19,2026-02-19,"{'trip_update_url': '', 'vehicle_position_url': '', 'alert_url': '', 'update_interval': 0}"
fukuoka-kogacity,古賀市,99,KogaBus,コガバス,40,2026-06-01,2027-03-31,False,,CC BY 4.0,https://creativecommons.org/licenses/by/4.0/deed.ja,2026-05-31,2026-05-31,"{'trip_update_url': '', 'vehicle_position_url': '', 'alert_url': '', 'update_interval': 0}"
fukuokacity,福岡市,99,ImajukuMeinohamaLine,今宿姪浜線乗合バス,40,2025-04-01,2027-03-31,False,,CC BY 4.0,https://creativecommons.org/licenses/by/4.0/deed.ja,2026-04-07,2026-04-07,"{'trip_update_url': '', 'vehicle_position_url': '', 'alert_url': '', 'update_interval': 0}"
fukutsucity,福津市,99,minibus,ふくつミニバス・ふくつ乗合タクシー,40,2026-04-01,2027-03-31,False,,CC BY 4.0,https://creativecommons.org/licenses/by/4.0/deed.ja,2026-02-17,2026-02-17,"{'trip_update_url': '', 'vehicle_position_url': '', 'alert_url': '', 'update_interval': 0}"
hisayamatown,久山町,99,HisayamaIkoBus,久山町コミュニティバス イコバス,40,2026-03-21,2027-03-31,False,,CC BY 4.0,https://creativecommons.org/licenses/by/4.0/deed.ja,2026-04-08,2026-04-08,"{'trip_update_url': '', 'vehicle_position_url': '', 'alert_url': '', 'update_interval': 0}"
kamacity,嘉麻市,99,KamaCityBus,嘉麻市バス,40,2026-04-01,2027-03-31,False,,CC BY 4.0,https://creativecommons.org/licenses/by/4.0/deed.ja,2026-03-14,2026-03-14,"{'trip_update_url': '', 'vehicle_position_url': '', 'alert_url': '', 'update_interval': 0}"
kandatown,苅田町,99,KandaTownCommunityBus,苅田町コミュニティバス,40,2026-04-01,2027-03-31,False,,CC BY 4.0,https://creativecommons.org/licenses/by/4.0/deed.ja,2026-03-07,2026-03-07,"{'trip_update_url': '', 'vehicle_position_url': '', 'alert_url': '', 'update_interval': 0}"
kasugacity,春日市,99,yayoi_kasuga,春日市コミュニティバスやよい,40,2026-04-14,2027-03-31,False,,CC BY 4.0,https://creativecommons.org/licenses/by/4.0/deed.ja,2026-06-25,2026-06-25,"{'trip_update_url': '', 'vehicle_position_url': '', 'alert_url': '', 'update_interval': 0}"
kitakyushucity,北九州市,99,tsunemi-kitaku,門司区恒見・喜多久地区,40,2026-04-01,2027-03-31,False,,CC BY 4.0,https://creativecommons.org/licenses/by/4.0/deed.ja,2026-03-21,2026-03-21,"{'trip_update_url': '', 'vehicle_position_url': '', 'alert_url': '', 'update_interval': 0}"
kitakyushucity,北九州市,99,okura,八幡東区大蔵地区,40,2026-04-01,2027-03-31,False,,CC BY 4.0,https://creativecommons.org/licenses/by/4.0/deed.ja,2026-03-20,2026-03-20,"{'trip_update_url': '', 'vehicle_position_url': '', 'alert_url': '', 'update_interval': 0}"
kitakyushucity,北九州市,99,oma-dobaru,小倉南区合馬・道原地区,40,2026-04-01,2027-03-31,False,,CC BY 4.0,https://creativecommons.org/licenses/by/4.0/deed.ja,2026-03-20,2026-03-20,"{'trip_update_url': '', 'vehicle_position_url': '', 'alert_url': '', 'update_interval': 0}"
kitakyushucity,北九州市,99,koyanose-kusubashi-hoshigaoka,八幡西区木屋瀬・楠橋・星ヶ丘地区,40,2026-03-21,2027-03-31,False,,CC BY 4.0,https://creativecommons.org/licenses/by/4.0/deed.ja,2026-03-21,2026-03-21,"{'trip_update_url': '', 'vehicle_position_url': '', 'alert_url': '', 'update_interval': 0}"
kitakyushucity,北九州市,99,higashitani,小倉南区東谷地区,40,2026-04-01,2027-03-31,False,,CC BY 4.0,https://creativecommons.org/licenses/by/4.0/deed.ja,2026-03-20,2026-03-20,"{'trip_update_url': '', 'vehicle_position_url': '', 'alert_url': '', 'update_interval': 0}"
kitakyushucity,北九州市,99,edamitsu,八幡東区枝光地区,40,2026-08-06,2027-03-31,False,,CC BY 4.0,https://creativecommons.org/licenses/by/4.0/deed.ja,2026-08-12,2026-08-12,"{'trip_update_url': '', 'vehicle_position_url': '', 'alert_url': '', 'update_interval': 0}"
kitakyushucity,北九州市,99,hiraodai,小倉南区平尾台地区,40,2026-03-20,2027-03-31,False,,CC BY 4.0,https://creativecommons.org/licenses/by/4.0/deed.ja,2026-03-20,2026-03-20,"{'trip_update_url': '', 'vehicle_position_url': '', 'alert_url': '', 'update_interval': 0}"
kitakyushucity,北九州市,99,tashiro-kawachi,八幡東区田代・河内地区,40,2026-04-01,2027-03-31,False,,CC BY 4.0,https://creativecommons.org/licenses/by/4.0/deed.ja,2026-03-23,2026-03-23,"{'trip_update_url': '', 'vehicle_position_url': '', 'alert_url': '', 'update_interval': 0}"
kuratetown,鞍手町,99,KurateTownSmileBusMiyawakaLine,すまいるバスみやわか線,40,2026-04-01,2027-03-31,False,,CC BY 4.0,https://creativecommons.org/licenses/by/4.0/deed.ja,2026-04-08,2026-04-08,"{'trip_update_url': '', 'vehicle_position_url': '', 'alert_url': '', 'update_interval': 0}"
miyamacity,みやま市,99,MiyamaCityCommunityBus,みやま市コミュニティバス,40,2026-03-02,2027-03-31,False,,CC BY 4.0,https://creativecommons.org/licenses/by/4.0/deed.ja,2026-02-18,2026-02-18,"{'trip_update_url': '', 'vehicle_position_url': '', 'alert_url': '', 'update_interval': 0}"
miyawakacity,宮若市,99,MiyawakaMunakataLine,宮田・百合野線,40,2025-04-01,2027-03-31,False,,CC BY 4.0,https://creativecommons.org/licenses/by/4.0/deed.ja,2026-03-24,2026-03-24,"{'trip_update_url': '', 'vehicle_position_url': '', 'alert_url': '', 'update_interval': 0}"
mizumakitown,水巻町,99,MizumakiTownBus,町内巡回バス・通勤通学バス,40,2026-04-01,2027-03-31,False,,CC BY 4.0,https://creativecommons.org/licenses/by/4.0/deed.ja,2026-08-12,2026-08-12,"{'trip_update_url': '', 'vehicle_position_url': '', 'alert_url': '', 'update_interval': 0}"
munakatacity,宗像市,99,MunakataCityCommunityBus,宗像市コミュニティバス,40,2026-04-06,2027-03-31,False,,CC BY 4.0,https://creativecommons.org/licenses/by/4.0/deed.ja,2026-03-31,2026-03-31,"{'trip_update_url': '', 'vehicle_position_url': '', 'alert_url': '', 'update_interval': 0}"
munakatacity,宗像市,99,MunakataCityFureaiBus,宗像市ふれあいバス,40,2026-10-05,2027-03-31,False,,CC BY 4.0,https://creativecommons.org/licenses/by/4.0/deed.ja,2026-09-09,2026-09-09,"{'trip_update_url': '', 'vehicle_position_url': '', 'alert_url': '', 'update_interval': 0}"
munakatacity,宗像市,99,MunakataMankitsuShuyuBus,宗像満喫周遊バス,40,2025-07-19,2025-10-26,True,,CC BY 4.0,https://creativecommons.org/licenses/by/4.0/deed.ja,2025-08-01,2025-08-01,"{'trip_update_url': '', 'vehicle_position_url': '', 'alert_url': '', 'update_interval': 0}"
munakatacity,宗像市,99,MunakataCityOshimaFerry,宗像市営渡船大島航路,40,2022-04-01,2027-03-31,False,,CC BY 4.0,https://creativecommons.org/licenses/by/4.0/deed.ja,2026-03-06,2026-03-06,"{'trip_update_url': '', 'vehicle_position_url': '', 'alert_url': '', 'update_interval': 0}"
munakatacity,宗像市,99,MiyawakaMunakataLine,宮若・宗像線,40,2026-04-01,2027-03-31,False,,CC BY 4.0,https://creativecommons.org/licenses/by/4.0/deed.ja,2026-09-20,2026-09-20,"{'trip_update_url': '', 'vehicle_position_url': '', 'alert_url': '', 'update_interval': 0}"
munakatacity,宗像市,99,MunakataCityJinoshimaFerry,宗像市営渡船地島航路,40,2022-04-01,2027-03-31,False,,CC BY 4.0,https://creativecommons.org/licenses/by/4.0/deed.ja,2026-03-06,2026-03-06,"{'trip_update_url': '', 'vehicle_position_url': '', 'alert_url': '', 'update_interval': 0}"
nogatacity,直方市,99,NogataCityCommunityBus,直方市コミュニティバス,40,2026-10-01,2027-03-31,False,,CC BY 4.0,https://creativecommons.org/licenses/by/4.0/deed.ja,2026-09-24,2026-09-24,"{'trip_update_url': '', 'vehicle_position_url': '', 'alert_url': '', 'update_interval': 0}"
ongatown,遠賀町,99,OngaTownCommunityBus,遠賀町コミュニティバス,40,2026-03-14,2027-03-31,False,,CC BY 4.0,https://creativecommons.org/licenses/by/4.0/deed.ja,2026-03-06,2026-03-06,"{'trip_update_url': '', 'vehicle_position_url': '', 'alert_url': '', 'update_interval': 0}"
shingutown,新宮町,99,TownFerryShingu,町営渡船しんぐう,40,2026-03-01,2027-02-28,False,,CC BY 4.0,https://creativecommons.org/licenses/by/4.0/deed.ja,2026-02-20,2026-02-20,"{'trip_update_url': '', 'vehicle_position_url': '', 'alert_url': '', 'update_interval': 0}"
shingutown,新宮町,99,ShinguTownCommunityBus,新宮町コミュニティバス マリンクス,40,2026-03-01,2027-02-28,False,,CC BY 4.0,https://creativecommons.org/licenses/by/4.0/deed.ja,2026-05-09,2026-05-09,"{'trip_update_url': '', 'vehicle_position_url': '', 'alert_url': '', 'update_interval': 0}"
soedatown,添田町,99,soedamachibus,添田町バス,40,2026-04-01,2027-03-31,False,,CC BY 4.0,https://creativecommons.org/licenses/by/4.0/deed.ja,2026-03-06,2026-03-06,"{'trip_update_url': '', 'vehicle_position_url': '', 'alert_url': '', 'update_interval': 0}"
suetown,須恵町,99,SueTownCommunityBus,須恵町コミュニティバス,40,2026-04-01,2027-03-31,False,,CC BY 4.0,https://creativecommons.org/licenses/by/4.0/deed.ja,2026-02-18,2026-02-18,"{'trip_update_url': '', 'vehicle_position_url': '', 'alert_url': '', 'update_interval': 0}"
tagawacity,田川市,99,TagawaCityCommunityBus,田川市コミュニティバス,40,2026-10-05,2027-09-30,False,,CC BY 4.0,https://creativecommons.org/licenses/by/4.0/deed.ja,2026-08-18,2026-08-18,"{'trip_update_url': '', 'vehicle_position_url': '', 'alert_url': '', 'update_interval': 0}"
taiyo-koutu,太陽交通株式会社,99,taiyo-koutu,太陽交通株式会社,40,2026-04-01,2027-03-31,False,,CC BY 4.0,https://creativecommons.org/licenses/by/4.0/deed.ja,2026-05-15,2026-05-15,"{'trip_update_url': '', 'vehicle_position_url': '', 'alert_url': '', 'update_interval': 0}"
yanagawacity,柳川市,99,YanagawaCityCommunityBus,柳川市コミュニティバス,40,2026-10-01,2027-09-30,False,,CC BY 4.0,https://creativecommons.org/licenses/by/4.0/deed.ja,2026-07-22,2026-07-22,"{'trip_update_url': '', 'vehicle_position_url': '', 'alert_url': '', 'update_interval': 0}"
imaricity,伊万里市,99,imarinbus,いまりんバス,41,2026-04-01,2027-03-31,False,,CC0 1.0,https://creativecommons.org/publicdomain/zero/1.0/deed.ja,2026-03-18,2026-03-18,"{'trip_update_url': '', 'vehicle_position_url': '', 'alert_url': '', 'update_interval': 0}"
hiradocity,平戸市,99,fureaibus,ふれあいバス,42,2026-10-01,2027-09-30,False,,CC BY 4.0,https://creativecommons.org/licenses/by/4.0/deed.ja,2026-09-02,2026-09-02,"{'trip_update_url': '', 'vehicle_position_url': '', 'alert_url': '', 'update_interval': 0}"
kuma-bus,熊本バス,99,kuma-bus,熊本バス,43,2026-08-31,2027-01-02,False,,CC BY 4.0,https://creativecommons.org/licenses/by/4.0/deed.ja,2026-09-29,2026-09-29,"{'trip_update_url': 'https://km.bus-vision.jp/realtime/kumabus_trip_update.bin', 'vehicle_position_url': 'https://km.bus-vision.jp/realtime/kumabus_vpos_update.bin', 'alert_url': 'https://km.bus-vision.jp/realtime/kumabus_alrt_update.bin', 'update_interval': 15}"
kumamoto-shiden,熊本市交通局,99,kumamotoshiden,熊本市電,43,2025-06-01,2027-03-31,False,,CC BY 2.1 JP,https://creativecommons.org/licenses/by/2.1/jp/,2025-05-27,2025-05-27,"{'trip_update_url': '', 'vehicle_position_url': '', 'alert_url': '', 'update_interval': 0}"
kumamoto-toshibus,熊本都市バス,99,kumamoto-toshibus,熊本都市バス,43,2026-06-06,2026-12-31,False,,CC BY 4.0,https://creativecommons.org/licenses/by/4.0/deed.ja,2026-09-29,2026-09-29,"{'trip_update_url': 'https://km.bus-vision.jp/realtime/toshibus_trip_update.bin', 'vehicle_position_url': 'https://km.bus-vision.jp/realtime/toshibus_vpos_update.bin', 'alert_url': 'https://km.bus-vision.jp/realtime/toshibus_alrt_update.bin', 'update_interval': 17}"
kumamotodentetsu,熊本電鉄,99,kumamotodentetsu-bus,熊本電鉄バス,43,2026-09-01,2026-12-31,False,,CC BY 4.0,https://creativecommons.org/licenses/by/4.0/deed.ja,2026-09-29,2026-09-29,"{'trip_update_url': 'https://km.bus-vision.jp/realtime/dentetsu_trip_update.bin', 'vehicle_position_url': 'https://km.bus-vision.jp/realtime/dentetsu_vpos_update.bin', 'alert_url': 'https://km.bus-vision.jp/realtime/dentetsu_alrt_update.bin', 'update_interval': 15}"
kumamotodentetsu,熊本電鉄,99,kumamotodentetsu,熊本電鉄電車,43,2026-05-11,2026-12-28,False,,CC0 1.0,https://creativecommons.org/publicdomain/zero/1.0/deed.ja,2026-08-26,2026-08-26,"{'trip_update_url': '', 'vehicle_position_url': '', 'alert_url': '', 'update_interval': 0}"
sankobus,産交バス,99,sankobus,産交バス,43,2026-08-13,2027-01-02,False,,CC BY 4.0,https://creativecommons.org/licenses/by/4.0/deed.ja,2026-09-29,2026-09-29,"{'trip_update_url': 'https://km.bus-vision.jp/realtime/sankobus_trip_update.bin', 'vehicle_position_url': 'https://km.bus-vision.jp/realtime/sankobus_vpos_update.bin', 'alert_url': 'https://km.bus-vision.jp/realtime/sankobus_alrt_update.bin', 'update_interval': 15}"
kusutown,玖珠町,99,kusucommunity-bus,玖珠町コミュニティバス,44,2026-07-03,2027-03-31,False,,CC0 1.0,https://creativecommons.org/publicdomain/zero/1.0/deed.ja,2026-07-06,2026-07-06,"{'trip_update_url': '', 'vehicle_position_url': '', 'alert_url': '', 'update_interval': 0}"
nakatsucity,中津市,99,OshimaIfuku,大島伊福線,44,2023-04-01,2026-10-31,False,,CC BY 4.0,https://creativecommons.org/licenses/by/4.0/deed.ja,2026-09-20,2026-09-20,"{'trip_update_url': '', 'vehicle_position_url': '', 'alert_url': '', 'update_interval': 0}"
nakatsucity,中津市,99,UraYabakei,裏耶馬溪線,44,2023-04-01,2027-03-31,False,,CC BY 4.0,https://creativecommons.org/licenses/by/4.0/deed.ja,2026-03-24,2026-03-24,"{'trip_update_url': '', 'vehicle_position_url': '', 'alert_url': '', 'update_interval': 0}"
nakatsucity,中津市,99,Kii,城井線,44,2023-04-01,2026-10-31,False,,CC BY 4.0,https://creativecommons.org/licenses/by/4.0/deed.ja,2026-09-20,2026-09-20,"{'trip_update_url': '', 'vehicle_position_url': '', 'alert_url': '', 'update_interval': 0}"
nakatsucity,中津市,99,Tsutami,津民線,44,2023-04-01,2027-03-31,False,,CC BY 4.0,https://creativecommons.org/licenses/by/4.0/deed.ja,2026-03-24,2026-03-24,"{'trip_update_url': '', 'vehicle_position_url': '', 'alert_url': '', 'update_interval': 0}"
nakatsucity,中津市,99,Yakata,屋形線,44,2026-10-01,2027-03-31,False,,CC BY 4.0,https://creativecommons.org/licenses/by/4.0/deed.ja,2026-09-20,2026-09-20,"{'trip_update_url': '', 'vehicle_position_url': '', 'alert_url': '', 'update_interval': 0}"
nakatsucity,中津市,99,BuzenNakatsu,豊前・中津線,44,2023-04-01,2027-03-31,False,,CC BY 4.0,https://creativecommons.org/licenses/by/4.0/deed.ja,2026-03-24,2026-03-24,"{'trip_update_url': '', 'vehicle_position_url': '', 'alert_url': '', 'update_interval': 0}"
nakatsucity,中津市,99,Higashitani,東谷線,44,2026-10-01,2027-03-31,False,,CC BY 4.0,https://creativecommons.org/licenses/by/4.0/deed.ja,2026-09-20,2026-09-20,"{'trip_update_url': '', 'vehicle_position_url': '', 'alert_url': '', 'update_interval': 0}"
nakatsucity,中津市,99,Miho,三保線,44,2023-04-01,2027-03-31,False,,CC BY 4.0,https://creativecommons.org/licenses/by/4.0/deed.ja,2026-03-24,2026-03-24,"{'trip_update_url': '', 'vehicle_position_url': '', 'alert_url': '', 'update_interval': 0}"
nakatsucity,中津市,99,ShinyabaNishi,深耶馬西線,44,2023-04-01,2026-10-31,False,,CC BY 4.0,https://creativecommons.org/licenses/by/4.0/deed.ja,2026-09-20,2026-09-20,"{'trip_update_url': '', 'vehicle_position_url': '', 'alert_url': '', 'update_interval': 0}"
nakatsucity,中津市,99,Nishimakusa,西秣線,44,2023-04-01,2027-03-31,False,,CC BY 4.0,https://creativecommons.org/licenses/by/4.0/deed.ja,2026-03-24,2026-03-24,"{'trip_update_url': '', 'vehicle_position_url': '', 'alert_url': '', 'update_interval': 0}"
nakatsucity,中津市,99,Nishitani,西谷線,44,2026-10-01,2027-03-31,False,,CC BY 4.0,https://creativecommons.org/licenses/by/4.0/deed.ja,2026-09-20,2026-09-20,"{'trip_update_url': '', 'vehicle_position_url': '', 'alert_url': '', 'update_interval': 0}"
nakatsucity,中津市,99,OshimadaiKanayoshi,大島台金吉線,44,2023-04-01,2026-10-31,False,,CC BY 4.0,https://creativecommons.org/licenses/by/4.0/deed.ja,2026-09-20,2026-09-20,"{'trip_update_url': '', 'vehicle_position_url': '', 'alert_url': '', 'update_interval': 0}"
nakatsucity,中津市,99,UenokawauchiMasaki,上ノ川内柾木線,44,2023-04-01,2026-10-31,False,,CC BY 4.0,https://creativecommons.org/licenses/by/4.0/deed.ja,2026-09-20,2026-09-20,"{'trip_update_url': '', 'vehicle_position_url': '', 'alert_url': '', 'update_interval': 0}"
nakatsucity,中津市,99,HiyamajiKamagi,樋山路鎌城線,44,2023-04-01,2026-10-31,False,,CC BY 4.0,https://creativecommons.org/licenses/by/4.0/deed.ja,2026-09-20,2026-09-20,"{'trip_update_url': '', 'vehicle_position_url': '', 'alert_url': '', 'update_interval': 0}"
nakatsucity,中津市,99,YamautsuriKita,山移北線,44,2023-04-01,2026-10-31,False,,CC BY 4.0,https://creativecommons.org/licenses/by/4.0/deed.ja,2026-09-20,2026-09-20,"{'trip_update_url': '', 'vehicle_position_url': '', 'alert_url': '', 'update_interval': 0}"
nakatsucity,中津市,99,Kawaraguchi,川原口線,44,2023-04-01,2026-10-31,False,,CC BY 4.0,https://creativecommons.org/licenses/by/4.0/deed.ja,2026-09-20,2026-09-20,"{'trip_update_url': '', 'vehicle_position_url': '', 'alert_url': '', 'update_interval': 0}"
nakatsucity,中津市,99,ShinyabaHigashi,深耶馬東線,44,2023-04-01,2026-10-31,False,,CC BY 4.0,https://creativecommons.org/licenses/by/4.0/deed.ja,2026-09-20,2026-09-20,"{'trip_update_url': '', 'vehicle_position_url': '', 'alert_url': '', 'update_interval': 0}"
nakatsucity,中津市,99,YamautsuriMinami,山移南線,44,2023-04-01,2026-10-31,False,,CC BY 4.0,https://creativecommons.org/licenses/by/4.0/deed.ja,2026-09-20,2026-09-20,"{'trip_update_url': '', 'vehicle_position_url': '', 'alert_url': '', 'update_interval': 0}"
kagoshimacity,鹿児島市,99,aibus,鹿児島市コミュニティバス「あいばす」,46,2026-04-01,2027-03-31,False,,CC BY 4.0,https://creativecommons.org/licenses/by/4.0/deed.ja,2026-05-20,2026-05-20,"{'trip_update_url': '', 'vehicle_position_url': '', 'alert_url': '', 'update_interval': 0}"
yaesetown,八重瀬町,99,yaese-town-bus,八重瀬町バス,47,2026-03-01,2027-04-30,False,,CC BY 4.0,https://creativecommons.org/licenses/by/4.0/deed.ja,2026-05-11,2026-05-11,"{'trip_update_url': '', 'vehicle_position_url': '', 'alert_url': '', 'update_interval': 0}"
yanbaru-expressbus,合同会社やんばる急行バス,99,yanbaru-express-bus,やんばる急行バス,47,2026-04-21,2026-12-31,False,,CC BY 4.0,https://creativecommons.org/licenses/by/4.0/deed.ja,2026-04-17,2026-04-17,"{'trip_update_url': '', 'vehicle_position_url': 'https://gtfs.yanbaru-bus-navi.com/gtfs-rt/yanbaru/vehicle_position.pb', 'alert_url': '', 'update_interval': 0}"
