operator_id,operator_identity_key,agency_name,agency_id,agency_url,publisher_name,organization_id,feed_id,feed_name,prefecture,route_count,trip_count,stop_count,service_id_count,route_types,version_selector,operating_days_in_window,weekday_operating_days_in_window,weekend_operating_days_in_window,weekday_trips_per_day_avg,weekend_trips_per_day_avg,weekday_trip_hours_per_day_approx,weekend_trip_hours_per_day_approx,weekday_km_per_day_straight_line_approx,weekend_km_per_day_straight_line_approx,first_departure,last_arrival,mean_route_headway_min_approx,schedule_window_start,schedule_window_end,schedule_status,source_zip,source_zip_sha256
9de42043b1699c03,岩宇地域公共交通活性化協議会|town.kyowa.hokkaido.jp,岩宇地域公共交通活性化協議会,3000020014010,https://www.town.kyowa.hokkaido.jp/life/?category=18,岩宇地域公共交通活性化協議会,gan-wu,shiokazeline,しおかぜライン,北海道,1,16,105,2,3,current,361,258,103,9.64,5.942,12.149,7.527,389.232,239.935,06:12,21:09,107.51,2025-10-01,2026-09-30,dated_calendar_applied,data/raw/gtfs/current/gan-wu__shiokazeline__current.zip,587f419331197e8f24b9779369e5ae2b717ee11337f29fadcefa2a443746312a
246bf7b3d1fdba6f,石狩湾新港地域公共交通サービス推進協議会(事務局石狩市)|city.ishikari.hokkaido.jp,石狩湾新港地域公共交通サービス推進協議会（事務局石狩市）,4000020012351,https://www.city.ishikari.hokkaido.jp/kurashi/doro/1001842/1002334.html,石狩湾新港地域公共交通サービス推進協議会,ishikariwanshinko,on-demandtransit_itsumo,石狩市AIデマンド交通「いつモ」,北海道,2,54,134,2,3,current,225,186,39,31.307,9.75,19.736,5.923,675.053,193.855,06:00,22:16,62.56,2026-06-23,2027-03-31,dated_calendar_applied,data/raw/gtfs/current/ishikariwanshinko__on-demandtransit_itsumo__current.zip,486c4126088830867532f123e51ab8e730e873ddb39febad434e902e6b301356
0aa8f63a0007a2f1,上士幌町|kamishihoro.jp,上士幌町,9000020016331,https://www.kamishihoro.jp/page/00000347,上士幌町,kamishihorotown,kamishihoro,上士幌町コミュニティバス,北海道,1,5,30,1,3,current,142,142,0,2.958,0.0,4.211,0.0,49.186,0.0,08:15,16:57,103.75,2025-12-01,2026-10-31,dated_calendar_applied,data/raw/gtfs/current/kamishihorotown__kamishihoro__current.zip,d100e776ea77ccda911001f84fbac024c635276969b32f123767cebe279c7cf7
0aa8f63a0007a2f1,上士幌町|kamishihoro.jp,上士幌町,9000020016331,https://www.kamishihoro.jp/sp/self_driving_bus,上士幌町,kamishihorotown,kamishihoro-self-bus,上士幌町自動運転バス,北海道,3,18,18,3,3,current,145,96,49,2.39,3.031,1.295,1.263,7.603,7.011,09:30,15:10,56.26,2025-11-28,2026-10-31,dated_calendar_applied,data/raw/gtfs/current/kamishihorotown__kamishihoro-self-bus__current.zip,e90dc26575d6f975ba41a7771817823841276d7db77e320ecf1fd7c27b634ba5
a0923bc2e16982b5,根室交通|nemurokotsu.com,根室交通株式会社,4460401000193,http://nemurokotsu.com/,根室交通株式会社,nemurokotsu,nemurobus,根室交通株式会社,北海道,12,175,331,3,3,current,365,261,104,64.605,42.0,85.649,64.1,2653.639,2136.641,05:25,30:55,198.25,2026-05-26,2027-05-25,dated_calendar_applied,data/raw/gtfs/current/nemurokotsu__nemurobus__current.zip,75eeea4d6ef7097984b4254ebbfc9604cb8db53df9dff54da7ac221eff0d1608
2804fca7e5bf649f,深浦町|town.fukaura.lg.jp,深浦町,7000020023230,https://www.town.fukaura.lg.jp/fixed_docs/2023040300013/,深浦町,fukauratown,fukaura-town-communitybus,深浦町コミュニティバス,青森県,5,68,131,5,3,current,258,258,0,13.448,0.0,10.589,0.0,256.934,0.0,08:00,17:37,82.83,2026-04-01,2027-03-31,dated_calendar_applied,data/raw/gtfs/current/fukauratown__fukaura-town-communitybus__current.zip,77d749bf1fb9c10824fb4d4e3a6e3d29cf22fd8f4a39a42a21d9fdf4db184a91
c5d9141c98a36031,五所川原市|city.goshogawara.lg.jp,五所川原市,2000020022055,https://www.city.goshogawara.lg.jp/kurashi/machi/2020-1002-1614-111.html,五所川原市,goshogawaracity,goshogawara-communitybus,五所川原市コミュニティバス,青森県,6,18,123,5,3,current,180,180,0,3.337,0.0,3.24,0.0,49.617,0.0,08:40,15:56,133.66,2026-07-01,2027-03-31,dated_calendar_applied,data/raw/gtfs/current/goshogawaracity__goshogawara-communitybus__current.zip,0b7cb4d3c4d74b90e9f380b0c0b0e819e3c5559b844ba7d004401cf519db8503
9d4bca15fbb719d7,八戸市交通部|city.hachinohe.aomori.jp,八戸市交通部,2000020022039,https://www.city.hachinohe.aomori.jp/section/bus/,八戸市交通部,hachinohe,hachinohe-citybus,八戸市営バス,青森県,44,2148,680,13,3,current,365,261,104,760.916,672.942,517.981,439.55,7841.889,6822.024,05:37,22:54,81.7,2026-04-01,2027-03-31,dated_calendar_applied,data/raw/gtfs/current/hachinohe__hachinohe-citybus__current.zip,c857c94bba94d2c80d0ac28f4bf94eac936a03ef9cd307c54d3e88a9720500ab
de040b6f0cfaafdb,八戸市|city.hachinohe.aomori.jp,八戸市,2000020022039,https://www.city.hachinohe.aomori.jp/soshikikarasagasu/nangojimusho/1/4673.html,八戸市,hachinohecity,hachinohe-nango,八戸市南郷コミュニティバス,青森県,6,12,171,2,3,current,256,256,0,5.545,0.0,5.719,0.0,116.931,0.0,08:00,14:06,215.21,2026-03-10,2027-03-31,dated_calendar_applied,data/raw/gtfs/current/hachinohecity__hachinohe-nango__current.zip,3ea3c9c4d040707504a77b39f46583ca06f2240b3775c56e5a64ed059b14fcf8
0bfc8427a50748b0,階上町コミュニティバス|town.hashikami.lg.jp,階上町コミュニティバス,1000020024465,"https://www.town.hashikami.lg.jp/index.cfm/7,0,72,225,html",階上町,hashikamitown,hashikamibus,階上町コミュニティバス,青森県,4,42,97,2,3,current,293,242,51,24.069,7.846,21.39,7.658,383.388,132.821,06:50,19:08,118.29,2026-04-01,2027-03-31,dated_calendar_applied,data/raw/gtfs/current/hashikamitown__hashikamibus__current.zip,7c1ed90e5df930853233748c6c38279bc9672ff4453de4e6df4036053aed31cd
bacb04f95615f3c8,平川市|city.hirakawa.lg.jp,平川市,6000020022101,https://www.city.hirakawa.lg.jp/kurashi/koutsu/hirakawashibasu.html,平川市,hirakawacity,hirakwacitybus,平川市碇ヶ関・平賀線バス,青森県,1,5,18,1,3,current,166,111,55,1.996,2.5,2.016,2.525,41.524,51.999,08:32,17:03,112.5,2026-03-09,2027-03-31,dated_calendar_applied,data/raw/gtfs/current/hirakawacity__hirakwacitybus__current.zip,bd1f9ff3d2e3830854cff9d25c7d9d2f98a6cb40a53a4846c1bc5e35778b40ba
d4b23b4bdc71e955,平内町|town.hiranai.aomori.jp,平内町,4000020023019,https://www.town.hiranai.aomori.jp/kurashi/doro_chominbus_kotsuanzen/2/index.html,平内町,hiranaitown,hiranaitownbus,平内町民バス,青森県,7,51,177,2,3,current,383,273,110,50.604,48.0,31.481,30.042,939.35,894.939,05:40,21:08,102.78,2026-03-14,2027-03-31,dated_calendar_applied,data/raw/gtfs/current/hiranaitown__hiranaitownbus__current.zip,8e63d06330a50faa75eb9d285079643d6db9022c6592f800a76e2e1914686aca
78cc2a5f356d9247,北星交通|hokuseikotsu.co.jp,北星交通株式会社,1420001009484,https://www.hokuseikotsu.co.jp/,弘前市,hirosakicity,hokusei-noriai,弘前市乗合タクシー（北星交通）,青森県,16,76,264,2,3,current,365,261,104,75.023,61.0,28.186,23.433,681.704,576.917,06:06,19:42,176.04,2026-04-01,2027-03-31,dated_calendar_applied,data/raw/gtfs/current/hirosakicity__hokusei-noriai__current.zip,d41fb15acba6810a858892fc4505858c6968ade8eb4654c65931b936735ea721
5dab992ca8c3a8ec,東日本旅客鉄道|traininfo.jreast.co.jp,東日本旅客鉄道株式会社,9011001029597,https://traininfo.jreast.co.jp/train_info/line.aspx?gid=4&lineid=tsugaruline,JR東日本盛岡支社,jr-east-morioka,JR-east_tsugaruline,JR津軽線代行バス（蟹田駅～三厩体育館）,青森県,1,8,19,2,3,current,365,261,104,7.816,6.0,7.686,5.9,210.474,161.57,05:59,20:01,127.55,2026-05-01,2027-04-30,dated_calendar_applied,data/raw/gtfs/current/jr-east-morioka__JR-east_tsugaruline__current.zip,0e7d25fc6c3d17e581ef8d39e5d276741ac78ce6f54bb2c4ecf80877f5863627
548b3da28a71befd,黒石市|city.kuroishi.aomori.jp,黒石市,2000020022047,http://www.city.kuroishi.aomori.jp/kurashi/transportation/pra_main.html,黒石市,kuroishicity,kuroishi,ぷらっと号,青森県,4,28,72,1,3,current,292,208,84,28.0,28.0,12.75,12.75,175.259,175.259,07:35,17:40,96.11,2026-06-13,2027-03-31,dated_calendar_applied,data/raw/gtfs/current/kuroishicity__kuroishi__current.zip,ec416bf009ce0a54b9d5945a7eab7a18a8af554a1252271ad237bbaa7d6590c7
5134fb453e7c3c9d,三沢市|city.misawa.lg.jp,三沢市,2000020022071,"https://www.city.misawa.lg.jp/index.cfm/22,2370,66,295,html",三沢市,misawacity,misawacity-mebus,三沢市コミュニティバス「みーばす」,青森県,6,43,237,4,3,current,365,261,104,39.023,31.0,32.197,26.175,576.213,450.746,06:28,20:04,151.53,2026-04-01,2027-03-31,dated_calendar_applied,data/raw/gtfs/current/misawacity__misawacity-mebus__current.zip,fb2ae36410cee581f33e0bb9b2f95a0ddb5f5ad72a0a2dcbbaace6756a6c4d77
f2f147fd2f450aab,中泊町|town.nakadomari.lg.jp,中泊町,5000020023876,https://www.town.nakadomari.lg.jp/soshikikarasagasu/sogosenryakuka/gyomuannai/7/1/4530.html,中泊町,nakadomaritown,nakadomari-communitybus,中泊町コミュニティバス,青森県,2,8,117,2,3,current,358,256,102,7.703,4.0,12.305,6.75,266.189,132.523,07:20,17:25,126.3,2026-01-08,2026-12-31,dated_calendar_applied,data/raw/gtfs/current/nakadomaritown__nakadomari-communitybus__current.zip,67a05e657851eb1e075cbbec1705981270ff90e1687a1666e72d48b102d0a232
38e5047e6cd492fd,大鰐町|town.owani.lg.jp,大鰐町,4000020023621,http://www.town.owani.lg.jp/kurashi/sumai/kotsu/,大鰐町,owanitown,owanitown-sunekarabus,大鰐町スネカラバス,青森県,3,38,106,2,3,current,407,291,116,37.505,34.0,26.072,23.633,457.799,414.657,06:28,19:23,60.83,2025-11-20,2026-12-31,dated_calendar_applied,data/raw/gtfs/current/owanitown__owanitown-sunekarabus__current.zip,3b8b16ea6016b4e1aed808493700b286f401ccfb2137308f68e28eb048a5f3f4
b3ee570bc23f5fee,七戸町|town.shichinohe.lg.jp,七戸町,6000020024023,http://www.town.shichinohe.lg.jp/,七戸町,shichinohetown,shichinohe_community-bus,七戸町コミュニティバス・シャトルバス,青森県,8,29,155,5,3,current,371,371,0,19.545,0.0,14.919,0.0,321.702,0.0,08:10,15:59,128.39,2026-04-01,2027-09-29,dated_calendar_applied,data/raw/gtfs/current/shichinohetown__shichinohe_community-bus__current.zip,de1fbdda7659669ce1b4255918ed91af5502302a62ff806a6e4ed97ac1a2f2b5
8907f35fd5ab3d5f,下北交通|shimoko.jp,下北交通,8420001012382,https://shimoko.jp/?page_id=58,下北交通株式会社,shimoko,shimokitakotsu,下北交通,青森県,14,84,689,9,3,current,318,227,91,67.408,44.165,83.124,66.539,2496.979,2037.436,05:21,20:10,154.98,2026-05-17,2027-03-31,dated_calendar_applied,data/raw/gtfs/current/shimoko__shimokitakotsu__current.zip,0955ac4372393892a2f289ec8d90581450af7f0dcd42f99c668e95700d08e210
069833ffbbcdb288,新郷村|vill.shingo.aomori.jp,新郷村,5000020024503,https://www.vill.shingo.aomori.jp/sight/sight_main/sight-map/,新郷村,shingovillage,shingo-mizubashogo,新郷村営バス,青森県,3,80,88,7,3,current,309,255,54,18.1,4.418,8.878,2.348,186.135,51.238,06:50,19:04,258.11,2025-12-08,2026-12-31,dated_calendar_applied,data/raw/gtfs/current/shingovillage__shingo-mizubashogo__current.zip,3f5cac7ced6b0ff3790387e1dbefe4b25002e84c16dc63c654e9e745e2a47d87
17078b1fa6473a4a,外ヶ浜町|town.sotogahama.lg.jp,外ヶ浜町,2000020023078,https://www.town.sotogahama.lg.jp/kurashi/koutsuu/,外ヶ浜町,sotogahamatown,sotogahama-townbus,外ヶ浜町営バス,青森県,9,41,135,3,3,current,275,197,78,39.782,27.0,27.055,18.275,654.054,454.074,05:20,21:00,165.34,2026-04-01,2026-12-31,dated_calendar_applied,data/raw/gtfs/current/sotogahamatown__sotogahama-townbus__current.zip,835378e30aa7eea6f2f7312edfe870c5c6fc38e17b0e67b2a84f030077a990b8
d60dac0394673a9c,東北町|town.tohoku.lg.jp,東北町,4000020024082,https://www.town.tohoku.lg.jp/kurashi/life/bus.html,東北町,tohokutown,tohoku-town-bus,東北町町民バス,青森県,13,34,320,2,3,current,242,242,0,25.511,0.0,20.084,0.0,510.065,0.0,06:25,18:53,295.17,2026-03-31,2027-03-31,dated_calendar_applied,data/raw/gtfs/current/tohokutown__tohoku-town-bus__current.zip,f45134d1391f8cdbd480c1f7c4442766fa965ae4dcd688ff8e3c0a0707580a17
8a3c5859abe57af0,十和田市|city.towada.lg.jp,十和田市,2000020022063,https://www.city.towada.lg.jp/kurashi/koutsuu/,十和田市,towadacity,towadacity_communitybus,十和田市コミュニティバス,青森県,4,30,134,2,3,current,409,292,117,24.425,25.317,20.475,20.962,334.486,341.205,07:55,19:36,89.5,2025-11-06,2026-12-31,dated_calendar_applied,data/raw/gtfs/current/towadacity__towadacity_communitybus__current.zip,7b80ce4cd65d1b5dbb6fa8d766c2af9906aeac0a5e891035a1e12e7fe12efa53
adb26ef7e9bdf45c,十和田観光電鉄|toutetsu.co.jp,十和田観光電鉄,3420001012049,https://www.toutetsu.co.jp/jikoku.htm,十和田観光電鉄株式会社,towadakankodentetsu,toutetsu,十和田観光電鉄（一般路線）,青森県,20,187,976,20,3,current,307,219,88,121.014,71.045,123.7,70.486,3266.196,1812.968,05:59,21:29,187.2,2026-05-29,2027-03-31,dated_calendar_applied,data/raw/gtfs/current/towadakankodentetsu__toutetsu__current.zip,4107b0423928d7ae37a0f8de7248355e0eeeca1bcd40e5f8a9a988b1b3f08079
adb26ef7e9bdf45c,十和田観光電鉄|toutetsu.co.jp,十和田観光電鉄,3420001012049,https://www.toutetsu.co.jp/jikoku.htm,十和田観光電鉄株式会社,towadakankodentetsu,toutetsu_airport_line,十和田観光電鉄（八戸～三沢空港線）,青森県,1,10,8,1,3,current,30,22,8,10.0,10.0,9.167,9.167,260.279,260.279,08:05,19:40,71.11,2026-09-01,2026-09-30,dated_calendar_applied,data/raw/gtfs/current/towadakankodentetsu__toutetsu_airport_line__current.zip,b6874809c2547caa21fff47cd8fd530157ede1185dd97a8a108a13350657e922
ae9f8c6992d7582a,つがる市|city.tsugaru.aomori.jp,つがる市,9000020022098,https://www.city.tsugaru.aomori.jp/soshiki/somu/tiikisousei/kikakusinnkou/kokyokotu/index.html,つがる市,tsugarucity,tsugarucity_localtransportation,つがる市地域内交通,青森県,3,16,118,2,3,current,352,290,62,15.016,7.5,5.725,2.892,163.696,82.079,06:42,18:01,146.6,2025-10-25,2026-12-31,dated_calendar_applied,data/raw/gtfs/current/tsugarucity__tsugarucity_localtransportation__current.zip,4c140a410f157a24d5f77863a9e3ad14ff5817da96126d898593b298ab826e0c
e765610193cddfda,鶴田町|town.tsuruta.lg.jp,鶴田町,7000020023841,https://www.town.tsuruta.lg.jp/kurashi/post-1084.html,鶴田町,tsurutatown,tsuruta-townbus,鶴田町地域巡回バス,青森県,3,6,57,1,3,current,225,225,0,5.533,0.0,3.811,0.0,79.526,0.0,08:20,14:54,225.0,2026-04-24,2027-03-31,dated_calendar_applied,data/raw/gtfs/current/tsurutatown__tsuruta-townbus__current.zip,8572b0c8bf4781afe666d12ef05cb6bbda6936d6c2e6e1a22eb0d2347096a3bf
ce53a56d8db7dbb4,蓬田村|vill.yomogita.lg.jp,蓬田村,4000020023043,https://www.vill.yomogita.lg.jp/kurashi/kotsu/bus.html,蓬田村,yomogitavillage,yomogita-communitybus,蓬田村コミュニティバス,青森県,2,7,78,1,3,current,306,253,53,6.511,3.435,4.961,2.617,100.921,53.246,07:30,16:21,183.0,2026-03-17,2027-03-31,dated_calendar_applied,data/raw/gtfs/current/yomogitavillage__yomogita-communitybus__current.zip,cc98f119879aa61ee1a31a601201a58f8eb17dfe7e7e2944662efe2de55059f4
8bf28ba4bb543b2b,花巻市コミュニティバス|city.hanamaki.iwate.jp,花巻市コミュニティバス,5000020032051,https://www.city.hanamaki.iwate.jp/kurashi/douro_kotsu/bus_parking_airport/1001114/1008653/1011460.html,花巻市,hanamakicity,hanamaki,花巻市コミュニティバス,岩手県,5,60,201,4,3,current,361,258,103,42.636,30.346,35.126,24.665,757.429,464.958,06:30,18:20,139.86,2026-04-01,2027-03-31,dated_calendar_applied,data/raw/gtfs/current/hanamakicity__hanamaki__current.zip,45519bd07474be15f5bad5e65f1b5c99a86a6878774b245826a0c9222cd7534b
c31dd4aa8951ed33,一関市市営バス|city.ichinoseki.iwate.jp,一関市市営バス,4000020032093,https://www.city.ichinoseki.iwate.jp/index.cfm/8%2C0%2C100%2Chtml,一関市,ichinosekicity,Ichinosekibus,一関市市営バス,岩手県,24,223,516,18,3,current,365,261,104,143.0,59.163,87.224,31.598,2402.271,889.758,06:25,20:06,144.6,2026-04-01,2027-03-31,dated_calendar_applied,data/raw/gtfs/current/ichinosekicity__Ichinosekibus__current.zip,118381847fbd824c35c45a2a07591e73896e08561feabbea664fd8f584351743
f96b468efd2d1ce6,奥州市|city.oshu.iwate.jp,奥州市,6000020032158,https://www.city.oshu.iwate.jp/site/kanko/40210.html,奥州市,oshucity,bus-oshucity-iwate-jp,奥州市コミュニティバス,岩手県,12,90,368,7,3,current,262,188,74,73.168,9.211,45.028,7.554,1026.496,162.86,07:06,18:59,103.22,2026-07-08,2027-03-31,dated_calendar_applied,data/raw/gtfs/current/oshucity__bus-oshucity-iwate-jp__current.zip,12a6838731b302a4576baf67643237223b34f1dd93828dedbe47342c83e2b73d
fbbe97a63e37e723,七ヶ浜町|shichigahama.com,七ヶ浜町,2000020044041,https://www.shichigahama.com/access/gururinko/,七ヶ浜町,shichigahamatown,Gururinko,七ヶ浜町民バス「ぐるりんこ」,宮城県,8,81,156,2,3,current,359,257,102,79.448,64.731,54.627,44.184,1056.739,856.277,05:45,21:15,86.64,2026-04-03,2027-03-31,dated_calendar_applied,data/raw/gtfs/current/shichigahamatown__Gururinko__current.zip,ec4e5e19dd6187d6835d1385ebcf2a9a0eb20912948985261f99ce8541b6fb4f
1a5927d42a083774,タケヤ交通|takeyakotsu.jp,株式会社タケヤ交通,6370101001598_1,https://www.takeyakotsu.jp,株式会社タケヤ交通,takeyakoutu,takeyakotsu,株式会社タケヤ交通,宮城県,4,75,48,15,3,current,222,161,61,24.959,24.865,29.373,28.418,652.479,628.371,06:27,22:59,69.56,2026-04-29,2027-03-31,dated_calendar_applied,data/raw/gtfs/current/takeyakoutu__takeyakotsu__current.zip,6722ffa452721e206033337bd49b5b5a54332ad73115f141d054771d8abe2c94
4a4e95916eba1efc,秋田県仙北市|city.semboku.akita.jp,秋田県仙北市,3000020052159,https://www.city.semboku.akita.jp/citizens/10_01.html,仙北市,sembokucity,bus-city-semboku,仙北市民バス（たっこちゃんバス・スマイルバス）,秋田県,4,25,108,6,3,current,295,244,51,17.713,5.394,19.64,6.273,347.045,110.707,07:10,17:22,108.06,2026-04-01,2027-03-31,dated_calendar_applied,data/raw/gtfs/current/sembokucity__bus-city-semboku__current.zip,4e0aa0c4eccfef9673492a70d4b397bacfdd3a14dd04f5a6ae0828f83a8aca58
477d250fdc3b4d35,羽後交通|ugokotsu.co.jp,羽後交通株式会社,6410001008788,https://ugokotsu.co.jp/,羽後交通株式会社,ugokotsu,ugokotsu_honjo,羽後交通（本荘地区）,秋田県,20,294,575,5,3,current,91,65,26,89.354,37.846,87.755,44.859,2371.472,1271.721,06:30,19:58,139.75,2026-09-01,2026-11-30,dated_calendar_applied,data/raw/gtfs/current/ugokotsu__ugokotsu_honjo__current.zip,6637b262506f0d020dae925469370e7cbe164fa66677ab763b85b538b9acc585
477d250fdc3b4d35,羽後交通|ugokotsu.co.jp,羽後交通株式会社,6410001008788,https://ugokotsu.co.jp/,羽後交通株式会社,ugokotsu,ugokotsu_tazawako,羽後交通（田沢湖地区）,秋田県,7,188,79,3,3,current,46,33,13,43.091,74.0,41.759,60.183,1073.419,1347.067,05:30,19:01,99.15,2026-08-16,2026-09-30,dated_calendar_applied,data/raw/gtfs/current/ugokotsu__ugokotsu_tazawako__current.zip,4670c631f8bd05510f2426377a627def4857f39490e8ccfea4fcececae21185a
edfc4ff2a0995737,東根市|city.higashine.yamagata.jp,東根市,9000020062111,https://www.city.higashine.yamagata.jp/section_list/section008/shiminbus/196,東根市,higashinecity,HigashineCity,東根市営バス,山形県,8,16,176,3,3,current,243,243,0,13.034,0.0,9.701,0.0,223.479,0.0,07:04,19:05,254.75,2026-04-01,2027-03-31,dated_calendar_applied,data/raw/gtfs/current/higashinecity__HigashineCity__current.zip,965c91a010b7117dc9d941ce0a9a701640cb780fc4969f6c92140fe5fe833a07
abe99c7fabd9bf42,河北町|town.kahoku.yamagata.jp,河北町,2000020063215,https://www.town.kahoku.yamagata.jp/soshiki/machizukurisuishinka/seikatukankyo/index.html,河北町,kahokutown,KahokuTown,河北町営バス,山形県,7,29,74,2,3,current,275,197,78,21.964,6.0,14.854,3.35,265.304,66.261,05:57,20:11,176.14,2026-04-01,2026-12-31,dated_calendar_applied,data/raw/gtfs/current/kahokutown__KahokuTown__current.zip,f9290f56968e3983d504d48de17644db245ceb291ac774ba93c9a91c0b082e49
013a6e64fdfbcce1,上山市|city.kaminoyama.yamagata.jp,上山市,5000020062073,https://www.city.kaminoyama.yamagata.jp/soshiki/3/shieibasu20231002.html,上山市,kaminoyamacity,KaminoyamaCity,上山市営バス,山形県,1,10,33,1,3,current,357,256,101,9.734,9.712,6.814,6.798,115.198,114.934,06:50,18:42,74.44,2025-09-29,2026-09-30,dated_calendar_applied,data/raw/gtfs/current/kaminoyamacity__KaminoyamaCity__current.zip,a69bdd8edb54fcafbac2c24a30e91abadda5ff72e0828914d476ae19deb4d57e
7d64affbc807efc1,真室川町|town.mamurogawa.yamagata.jp,真室川町,6000020063649,https://www.town.mamurogawa.yamagata.jp/kurashi_tetsuzuki/doro_kotsu/1/index.html,真室川町,mamurogawatown,MamurogawaTown,真室川町営バス,山形県,10,50,190,3,3,current,308,254,54,45.59,24.055,21.508,11.307,557.367,293.096,06:03,19:56,173.08,2026-03-14,2027-03-31,dated_calendar_applied,data/raw/gtfs/current/mamurogawatown__MamurogawaTown__current.zip,9027a1b107b6570f221c017773a21ea3ec65bbfb8248d8f6273b5a1353b00c2c
51791e7f967c3094,最上川交通|mogamigawakotsu.jp,最上川交通,3390001008744,https://www.mogamigawakotsu.jp/route_bus,最上川交通,mogamigawakotsu,MOGAMIGAWAKOTSU,最上川交通,山形県,2,10,5,2,3,current,365,261,104,10.0,10.0,1.767,1.767,57.11,57.11,11:30,16:10,67.33,2026-04-01,2027-03-31,dated_calendar_applied,data/raw/gtfs/current/mogamigawakotsu__MOGAMIGAWAKOTSU__current.zip,f6c7fa108470611c677db76e8aabe3b21136f184fe91bcdf905bf9f166fc09c5
5e3e5663935187fc,村山市|city.murayama.lg.jp,村山市,5000020062081,https://www.city.murayama.lg.jp/kurashi/koukyoukoutsuu/index.html,村山市,murayamacity,MurayamaCity,村山市営バス,山形県,4,19,159,1,3,current,241,241,0,17.544,0.0,12.789,0.0,306.703,0.0,06:09,18:38,141.54,2026-04-01,2027-03-31,dated_calendar_applied,data/raw/gtfs/current/murayamacity__MurayamaCity__current.zip,60b3057067f8e8de15aa1b71b35d8cf5060e55f0863535229c811e482cde5156
ca8bd4d54763045a,長井市|city.nagai.yamagata.jp,長井市,4000020062090,https://www.city.nagai.yamagata.jp/kurashi_tetsuzuki/kokyokotsu/1/3088.html,長井市,nagaicity,NagaiCity,長井市営バス,山形県,9,54,302,1,3,current,238,238,0,49.241,0.0,32.22,0.0,704.002,0.0,07:17,18:38,98.89,2025-10-01,2026-09-30,dated_calendar_applied,data/raw/gtfs/current/nagaicity__NagaiCity__current.zip,a5c15c8204af3f03ff3f6c80534fcf291b657dda7771fd2640fa9d9012437c77
b43b3d13a2442768,中山町|town.nakayama.yamagata.jp,中山町,7000020063029,https://www.town.nakayama.yamagata.jp/kurashi/kokyokotsu/bus/771.html,中山町,nakayamatown,NakayamaTown,中山町営バス,山形県,1,8,64,1,3,current,295,244,51,7.479,3.923,8.414,4.413,145.618,76.384,08:05,17:30,71.43,2026-04-01,2027-03-31,dated_calendar_applied,data/raw/gtfs/current/nakayamatown__NakayamaTown__current.zip,e6e79dd34f7cb73004168ef8f62121eb3427fff0cf94d4ab43fc1f1f73c08c48
f24e7858993c921f,南陽市|city.nanyo.yamagata.jp,南陽市,7000020062138,http://www.city.nanyo.yamagata.jp/bus/,南陽市,nanyocity,NanyoCity,南陽市営バス,山形県,4,39,114,4,3,current,241,241,0,25.854,0.0,15.186,0.0,351.999,0.0,07:23,18:48,67.15,2026-04-01,2027-03-31,dated_calendar_applied,data/raw/gtfs/current/nanyocity__NanyoCity__current.zip,df1b06a667007399f01220585c895474627584ab409511d149464bc978ef3760
026ce0a528318120,西川町|town.nishikawa.yamagata.jp,西川町,2000020063223,https://www.town.nishikawa.yamagata.jp/soshiki/chomin/1272.html,西川町,nishikawatown,NishikawaTown,西川町営バス,山形県,7,56,221,18,3,current,362,260,102,31.295,14.327,21.375,10.105,625.213,298.013,06:10,20:59,306.82,2026-04-01,2027-03-31,dated_calendar_applied,data/raw/gtfs/current/nishikawatown__NishikawaTown__current.zip,fa589b10cae589b51ea8f3a37580103e90cb58e8bbb4b1473fb03f9d9a5b990c
fccd5a7da1d9edd9,尾花沢市|city.obanazawa.yamagata.jp,尾花沢市,8000020062120,http://www.city.obanazawa.yamagata.jp/kurashi/kotsu/rosen-bus-service/507,尾花沢市,obanazawacity,ObanazawaCity,尾花沢市営バス,山形県,7,63,273,8,3,current,365,261,104,45.939,26.846,29.352,17.599,751.54,465.548,06:40,18:58,86.95,2025-10-01,2026-09-30,dated_calendar_applied,data/raw/gtfs/current/obanazawacity__ObanazawaCity__current.zip,857b64ff4be4554109f260a3f38e0ecbf9b78cc5025b1d04783d101c749c2419
76fa06b956b05eae,大江町|town.oe.yamagata.jp,大江町,1000020063240,http://www.town.oe.yamagata.jp/government/ooe-overview/koutu/236,大江町,oetown,Oetown,大江町営バス,山形県,1,13,68,2,3,current,362,260,102,12.889,11.769,10.089,9.35,225.845,207.546,05:55,20:33,69.91,2026-04-01,2027-03-31,dated_calendar_applied,data/raw/gtfs/current/oetown__Oetown__current.zip,156e6e589776596cc2753b892a20eac64ce1a59d76d89847666e40762c7f0895
d86098d78d89a20f,大蔵村|vill.ohkura.yamagata.jp,大蔵村,6000020063657,https://www.vill.ohkura.yamagata.jp/kurashi_tetsuzuki/doro_kotsu/kokyokotsu/index.html,大蔵村,ohkuravillage,OhkuraVillage,大蔵村営バス,山形県,5,25,95,3,3,current,364,260,104,16.192,8.0,15.271,8.133,379.882,217.73,06:20,19:30,156.45,2025-10-01,2026-09-30,dated_calendar_applied,data/raw/gtfs/current/ohkuravillage__OhkuraVillage__current.zip,6970e92a96025893c92cf428e5bba3f65232532d0f50cd8dd99023ff658d7dd8
91cf1c46654af62d,寒河江市|city.sagae.yamagata.jp,寒河江市,5000020062065 ,http://www.city.sagae.yamagata.jp/kurashi/koutsu/sinaijyunkanbass1.html,寒河江市,sagaecity,SagaeCity,寒河江市営バス,山形県,4,8,62,1,3,current,228,228,0,7.296,0.0,8.634,0.0,112.918,0.0,07:20,14:34,165.5,2025-11-17,2026-10-31,dated_calendar_applied,data/raw/gtfs/current/sagaecity__SagaeCity__current.zip,7b0c787e2661fdea9ec2986a60062e524c80dae622e2f1597044c01a5c849e4c
ea2d34630cb33a77,酒田市|city.sakata.lg.jp,酒田市,5000020062049 ,http://www.city.sakata.lg.jp/sangyo/kotsu/runrunbas/index.html,酒田市,sakatacity,SakataCity,酒田市営バス,山形県,6,49,252,3,3,current,355,253,102,44.945,33.0,40.989,27.65,731.331,504.445,07:00,20:00,118.32,2026-04-09,2027-03-31,dated_calendar_applied,data/raw/gtfs/current/sakatacity__SakataCity__current.zip,22c2e00e138b3d50792bf8d97b640e18d5ae3ef3e1b724129f3fc435d1725f31
886ef73b2a2b067d,鮭川村|vill.sakegawa.yamagata.jp,鮭川村,6000020063665,https://www.vill.sakegawa.yamagata.jp/seikatsu/traffic/1075,鮭川村,sakegawavillage,SakegawaVillage,鮭川村営バス,山形県,3,28,128,2,3,current,292,241,51,22.161,1.962,14.651,1.471,315.017,33.446,06:50,19:06,96.92,2026-04-17,2027-04-16,dated_calendar_applied,data/raw/gtfs/current/sakegawavillage__SakegawaVillage__current.zip,08fdaaf065e067644f32503259356adae55a9a6f420032b0cecd39712a62fcc0
0043a735b4386dd8,新庄市|city.shinjo.yamagata.jp,新庄市,5000020062057,https://www.city.shinjo.yamagata.jp/g/kurashi/020/080/index.html,新庄市,shinjocity,ShinjoCity,新庄市営バス,山形県,3,24,138,3,3,current,241,241,0,14.682,0.0,11.847,0.0,206.275,0.0,07:20,18:45,121.45,2026-04-01,2027-03-31,dated_calendar_applied,data/raw/gtfs/current/shinjocity__ShinjoCity__current.zip,be8240765caba0b3f910de04e1a0a5e3bb5ad769b4308eb972d7e44ddece3bb2
9c38a582e77d784e,白鷹町|town.shirataka.lg.jp,白鷹町,9000020064025,https://www.town.shirataka.lg.jp/1198.htm,白鷹町,shiratakatown,ShiratakaTown,白鷹町営バス,山形県,2,10,69,2,3,current,261,241,20,4.617,0.962,2.755,0.574,54.441,11.338,07:15,19:20,476.25,2026-04-01,2027-03-31,dated_calendar_applied,data/raw/gtfs/current/shiratakatown__ShiratakaTown__current.zip,15c5768e5e803fd8f9b08c05fa4f87473339b4fb8018e682e02ac71fd4a80d17
b12a41ad27980e85,庄内交通|shonaikotsu.jp,庄内交通,8390001008269,http://www.shonaikotsu.jp/,庄内交通,shonaikotsu,SHONAIKOTSU,庄内交通,山形県,51,294,568,29,3,current,386,280,106,130.073,100.189,98.931,76.042,2112.66,1558.719,05:42,20:24,135.32,2025-12-26,2027-03-31,dated_calendar_applied,data/raw/gtfs/current/shonaikotsu__SHONAIKOTSU__current.zip,a1f7762421d094a43b5aebe97b5958f26ec530b1d92682c43fc111faba9896bc
553be593d3b76cd4,庄内町|town.shonai.lg.jp,庄内町,9000020064289,https://www.town.shonai.lg.jp/kurashi/koutsu/choueibasu/bus_time.html,庄内町,shonaitown,ShonaiTown,庄内町営バス,山形県,8,38,130,19,3,current,349,251,98,20.577,11.76,21.306,12.528,421.13,267.265,06:15,18:00,169.31,2026-04-13,2027-03-31,dated_calendar_applied,data/raw/gtfs/current/shonaitown__ShonaiTown__current.zip,a6fe236a2a1ea686fd8de196f2043eae0fdaed2ceffcd8f9eb0ea945538ce7b2
34eb8c4dbd3a7172,天童市|city.tendo.yamagata.jp,天童市,9000020062103,https://www.city.tendo.yamagata.jp/lifeinfo/shisetsu/siminnbasu.html,天童市,tendocity,TendoCity,天童市営バス,山形県,1,16,66,6,3,current,289,239,50,11.904,5.288,8.852,3.91,183.292,80.901,06:30,19:30,61.69,2026-04-01,2027-03-31,dated_calendar_applied,data/raw/gtfs/current/tendocity__TendoCity__current.zip,ac17ae3cc1053c299f4dbedd2ab15f93dad2ecda2fb7063ba403d4a281144154
5ada3bab740615df,戸沢村|vill.tozawa.yamagata.jp,戸沢村,6000020063673,http://www.vill.tozawa.yamagata.jp/life/seikatsu_kotsu_jutaku/bus/,戸沢村,tozawavillage,tozawavillagebus,戸沢村営バス,山形県,2,31,97,1,3,current,292,241,51,28.625,15.202,14.435,7.666,390.594,207.437,05:50,20:04,54.13,2026-04-01,2027-03-31,dated_calendar_applied,data/raw/gtfs/current/tozawavillage__tozawavillagebus__current.zip,e97a41d296ac5fffb310524456b2d600ae81429f0b0978b754a867cee96b7a47
bd51c429d56fb0fd,鶴岡市|city.tsuruoka.lg.jp,鶴岡市,1234567890123,https://www.city.tsuruoka.lg.jp/seibi/tiikikoukyoukoutu/tiikikoukyoukoutu.html,鶴岡市,tsuruokacity,TsuruokaCity,鶴岡市営バス,山形県,7,34,309,6,3,current,293,242,51,25.847,6.375,17.174,4.716,402.889,103.455,06:20,19:43,325.42,2025-10-01,2026-09-30,dated_calendar_applied,data/raw/gtfs/current/tsuruokacity__TsuruokaCity__current.zip,ce3b2a6f0084fdf7394db3b0c354a35c6ed48bca72e039c8cae30024f9bccdfc
8994c33c4ecb087b,朝日町|town.asahi.yamagata.jp,朝日町,2000020063231,https://www.town.asahi.yamagata.jp/portal/life/sumai_doro_kasen/kokyokotsu/index.html,朝日町,yamagata-asahitown,AsahiTown,朝日町営バス,山形県,3,14,59,6,3,current,294,243,51,4.632,4.337,5.028,2.525,115.951,65.697,06:23,21:39,251.8,2026-04-01,2027-03-31,dated_calendar_applied,data/raw/gtfs/current/yamagata-asahitown__AsahiTown__current.zip,ad0955fd92b9b45e6096cab053f305b5956224457c598efd08074cb91ec0b4e1
899dfba9d7a6b707,金山町|town.kaneyama.yamagata.jp,金山町,8000020063614,https://www.town.kaneyama.yamagata.jp/machinososhiki/chominzeimuka/kurashianzenkakari/2/index.html,山形県金山町,yamagata-kaneyamatown,KaneyamaTown,金山町営バス,山形県,6,23,128,2,3,current,359,257,102,18.651,2.942,9.014,1.406,271.979,47.524,07:20,16:33,233.98,2026-04-01,2027-03-31,dated_calendar_applied,data/raw/gtfs/current/yamagata-kaneyamatown__KaneyamaTown__current.zip,7c4a0287c42ff60930f92553430de8ee815db7c97677b2076e401d773993de13
0a541ac12de88fb2,小国町|town.oguni.yamagata.jp,小国町,9000020064017,https://www.town.oguni.yamagata.jp/life/1/5/22/,山形県小国町,yamagata-ogunitown,OguniTown,小国町営バス,山形県,5,46,133,25,3,current,364,260,104,25.51,20.0,18.993,14.417,433.105,325.636,07:14,18:52,82.94,2026-07-01,2027-06-30,dated_calendar_applied,data/raw/gtfs/current/yamagata-ogunitown__OguniTown__current.zip,9e43ce6f5de17cf1ab86f613ee193a5e36409d9d0f8c1f817fdc27639a993d66
74ea17838d24a47a,山形市|city.yamagata-yamagata.lg.jp,山形市,7000020062014,https://www.city.yamagata-yamagata.lg.jp/kurashi/kotsu/1006588/index.html,山形市,yamagata-yamagatacity,YamagataCity,山形市営バス,山形県,11,89,225,6,3,current,210,150,60,60.51,48.0,51.911,43.583,557.628,420.1,06:50,19:32,67.34,2026-09-02,2027-03-31,dated_calendar_applied,data/raw/gtfs/current/yamagata-yamagatacity__YamagataCity__current.zip,ec89bb4c6e0b6f94278df01ddb510c736d6bc8af748423e826a6b99363e20b37
d0d9f8e2e5cdf7c6,山形交通|yamakobus.jp,山形交通,4390001002259,https://www.yamakobus.jp/,山形交通,yamakobus,YAMAKOBUS,山交バス,山形県,129,1032,1443,13,3,current,184,132,52,724.848,425.981,530.676,338.448,13448.235,9034.458,05:50,23:37,136.89,2026-05-25,2026-11-24,dated_calendar_applied,data/raw/gtfs/current/yamakobus__YAMAKOBUS__current.zip,7ed0aaee2513d31ae0930668906d4a9d23944e21519bc766ca9c580ada0badb2
8ea7e531b8e81347,山辺町|town.yamanobe.yamagata.jp,山辺町,8000020063011,https://www.town.yamanobe.yamagata.jp/life/2/19/90/,山辺町,yamanobetown,YamanobeTown,山辺町営バス,山形県,1,2,34,1,3,current,291,241,50,1.847,0.962,1.293,0.673,28.993,15.096,06:25,18:44,695.0,2026-03-18,2027-03-17,dated_calendar_applied,data/raw/gtfs/current/yamanobetown__YamanobeTown__current.zip,bd84b3acaabb6c77abc9bdf56a820d9eb48d99dc3daed85e3e45fd43275f8dcc
d6ae6c03825b66ef,米沢市|city.yonezawa.yamagata.jp,米沢市,7000020062022,https://www.city.yonezawa.yamagata.jp/category/kurashi_tetsuzuki/12/index.html,米沢市,yonezawacity,Yonezawa,米沢市営バス,山形県,5,69,145,6,3,current,229,163,66,48.54,43.045,39.654,36.093,690.005,601.47,06:50,20:47,67.59,2026-04-16,2026-11-30,dated_calendar_applied,data/raw/gtfs/current/yonezawacity__Yonezawa__current.zip,6e584b975cbda776fa7270da3d5b0cf7e6cfc7111f4cf7c1cca177ba5134837e
9c1327adceb9c2f1,本宮市|city.motomiya.lg.jp,本宮市,2000020072141,https://www.city.motomiya.lg.jp/soshiki/10/combus.html,本宮市,motomiyacity,motomiyashibus,本宮市コミュニティバス,福島県,5,43,108,5,3,current,380,272,108,36.919,17.0,17.12,9.5,338.97,187.184,06:05,19:45,81.55,2026-03-17,2027-03-31,dated_calendar_applied,data/raw/gtfs/current/motomiyacity__motomiyashibus__current.zip,eae1c1b0f41eba786fe088556f17464cc458b3a738c3f1dcb4862cc03b0ac863
30dc09f05ee8c16b,大玉村|vill.otama.fukushima.jp,大玉村,4000020073229,https://www.vill.otama.fukushima.jp/profile/access/otamabus/,大玉村,otamavillage,otamavillage-bus,大玉村通勤通学バス,福島県,4,4,21,1,3,current,259,259,0,3.687,0.0,1.721,0.0,34.78,0.0,06:32,18:43,,2026-03-04,2027-03-31,dated_calendar_applied,data/raw/gtfs/current/otamavillage__otamavillage-bus__current.zip,590af8a95b5ceb8233d1c96fed40e6325076b9d7e070fb4a496390c8de6b2b11
136b39d527cb93de,新常磐交通|joko.co.jp,新常磐交通,2380001013060,https://www.joko.co.jp/,新常磐交通株式会社,shinjobankotsu,SHINJOBANKOTSU,新常磐交通,福島県,65,1536,1416,4,3,current,395,283,112,535.707,212.786,353.52,148.506,6661.79,2643.36,05:15,21:59,152.52,2026-04-01,2027-04-30,dated_calendar_applied,data/raw/gtfs/current/shinjobankotsu__SHINJOBANKOTSU__current.zip,f30e5e21d395f3e2815bac16e7ec034e8832c5398fc3c1e407a73da9622769a9
be9784b9e6658b4d,柳津町|town.yanaizu.fukushima.jp,柳津町,6000020074233,https://www.town.yanaizu.fukushima.jp/docs/2017121200026/,柳津町,yanaizutown,yanaizutown-bus,柳津町町民バス”ふれあい号”,福島県,2,30,32,3,3,current,248,205,43,18.552,5.864,3.958,1.14,91.901,25.757,07:47,18:08,60.32,2026-05-27,2027-03-31,dated_calendar_applied,data/raw/gtfs/current/yanaizutown__yanaizutown-bus__current.zip,f87690844597df8437d0ce682e8227729e424ecec41d4035acff94d1c5514271
f700ce6fed51e2ec,行方市|city.namegata.ibaraki.jp,行方市,8000020082333,https://www.city.namegata.ibaraki.jp/page/page013982.html,行方市,namegatacity,bus-namegata-ibaraki-jp,行方市営路線バス,茨城県,3,13,127,1,3,current,244,244,0,12.153,0.0,11.655,0.0,322.941,0.0,07:17,19:32,203.75,2026-02-26,2027-02-25,dated_calendar_applied,data/raw/gtfs/current/namegatacity__bus-namegata-ibaraki-jp__current.zip,0de9e31bff62285771b3a768a6906fb8276200b35dfb01f0639e7a31f78ac6e2
ba7675187b917f3a,大利根交通バス|otonekotu.com,大利根交通バス,8050001027402,https://otonekotu.com/,大利根交通自動車株式会社,otonekotu,otonekotubus,大利根交通バス,茨城県,12,347,109,4,3,current,365,261,104,123.862,77.567,54.063,32.485,1269.025,801.635,05:41,22:56,90.35,2026-04-09,2027-04-08,dated_calendar_applied,data/raw/gtfs/current/otonekotu__otonekotubus__current.zip,80153ae46867d6c0674dd8feb81e77c394628b130cd35528cfe9ea6d145b8ea4
7a171cb9df8f77cf,龍ケ崎市役所|city.ryugasaki.ibaraki.jp,龍ケ崎市役所,2000020082082,https://www.city.ryugasaki.ibaraki.jp/kurashi/seikatsu/kokyokotsu/community-bus/20190829144557947.html,龍ケ崎市,ryugasakicity,Ryugasakishi-communitybus,龍ケ崎市コミュニティバス,茨城県,6,61,196,1,3,current,459,329,130,61.0,61.0,57.817,57.817,912.16,912.16,07:05,20:05,94.65,2025-09-29,2026-12-31,dated_calendar_applied,data/raw/gtfs/current/ryugasakicity__Ryugasakishi-communitybus__current.zip,1915c873b1622e00d4a6ebc4d1e6fcfb3c55382a3d144edf15ad1345ef3455b9
f089ee74d88672ca,土浦市コミュニティ交通「つちまるバス」|city.tsuchiura.lg.jp,土浦市コミュニティ交通「つちまるバス」,4000020082031,https://www.city.tsuchiura.lg.jp/page/page016452.html,土浦市,tsuchiuracity,tsuchimarubus,つちまるバス,茨城県,3,30,91,1,3,current,390,280,110,29.893,29.464,24.496,24.144,323.017,318.382,08:00,19:00,64.44,2026-03-04,2027-03-31,dated_calendar_applied,data/raw/gtfs/current/tsuchiuracity__tsuchimarubus__current.zip,83d1411840a387598940bda85290e16a77ae7e093d69142323cb678688fda1d5
283d2e777f5a9a56,つくばね号|city.tsukuba.lg.jp,つくばね号,8000020082201,https://www.city.tsukuba.lg.jp/soshikikarasagasu/toshikeikakubusogokotsuseisakuka/gyomuannai/2/1/1018463.html,つくば市,tsukubacity,TSUKUBANEGO,つくばね号,茨城県,1,26,63,5,3,current,457,327,130,16.609,16.685,12.404,12.301,204.157,202.543,07:47,17:58,37.79,2025-10-01,2026-12-31,dated_calendar_applied,data/raw/gtfs/current/tsukubacity__TSUKUBANEGO__current.zip,0624286e512e2b5af17fb674976bc122b99497a59c6ad8583cbc78a934bc0d6c
9ee61b5870c58eb7,つくバス|city.tsukuba.lg.jp,つくバス,8000020082201,https://www.city.tsukuba.lg.jp/soshikikarasagasu/toshikeikakubusogokotsuseisakuka/gyomuannai/2/1/index.html,つくば市,tsukubacity,TSUKUBUS,つくバス,茨城県,11,0,0,0,3,current,0,0,0,0.0,0.0,0.0,0.0,0.0,0.0,,,,2026-04-01,2027-09-29,missing_calendar_or_validity,data/raw/gtfs/current/tsukubacity__TSUKUBUS__current.zip,c27e19d61f2c4843717864e8b10bff2f7150aa6cb22bf800a378ddac6f2d237a
b54bf170ea5d6044,結城市巡回バス|city.yuki.lg.jp,結城市巡回バス,2000020082074,https://www.city.yuki.lg.jp/kurashi-tetsuzuki/kankyou-koutsuu/koutsuu/page003202.html,結城市,yukicity,junkaibus,結城市巡回バス,茨城県,7,42,127,3,3,current,333,276,57,15.832,8.221,11.715,6.084,236.141,119.811,07:20,18:22,113.05,2025-09-29,2027-09-29,dated_calendar_applied,data/raw/gtfs/current/yukicity__junkaibus__current.zip,e6e1d1f5c8b921b6faf8545134f485d0452d66c5726d2cb6ca85902cf5eb49d9
08ba5678e649cd09,足利市|city.ashikaga.tochigi.jp,足利市,6000020092029,https://www.city.ashikaga.tochigi.jp/,足利市,ashikagacity,Ashikaga-route-bus,足利市路線バス,栃木県,17,81,398,4,3,current,446,319,127,74.45,68.472,71.482,66.489,1058.044,986.461,06:45,19:54,148.15,2026-05-11,2027-07-31,dated_calendar_applied,data/raw/gtfs/current/ashikagacity__Ashikaga-route-bus__current.zip,d329d0ba4d94cd11720d1cf00625a5aaa584eb594527696b1a2add1a2cad5660
e5e05eb5ecbb2059,壬生町|town.mibu.tochigi.jp,壬生町,8000020093611,https://www.town.mibu.tochigi.jp/docs/2023012800015/,壬生町,mibutown,mibubu,壬生町コミュニティバス「みぶーぶ」,栃木県,3,17,30,2,3,current,368,264,104,15.164,8.83,14.512,12.951,184.009,167.277,07:35,18:48,125.13,2026-03-23,2027-03-31,dated_calendar_applied,data/raw/gtfs/current/mibutown__mibubu__current.zip,32143c8c3d420119166d867f88e323ac61ae6bb61b6f82820e3d1a9440ceac6c
a2fb3b7547d8b7ed,那須塩原市|city.nasushiobara.tochigi.jp,那須塩原市,8000020092134 ,https://www.city.nasushiobara.tochigi.jp/soshikikarasagasu/kb/doro_kotsu/3/4725.html,那須塩原市,nasushiobaracity,chiikibasu,那須塩原市地域バス,栃木県,26,234,219,4,3,current,365,261,104,75.092,69.885,56.416,53.502,1133.958,1074.859,07:00,21:00,157.16,2026-04-01,2027-03-31,dated_calendar_applied,data/raw/gtfs/current/nasushiobaracity__chiikibasu__current.zip,a9b957547546771cca600ce23458081af0ee1af7eaae825b3dada89fe17da690
91c5ab096dbf9452,那須町|town.nasu.lg.jp,那須町,8000020094072,https://www.town.nasu.lg.jp/0085/info-0000000031-1.html,那須町,nasutown,nasutown,那須町町民バス,栃木県,2,12,116,1,3,current,296,244,52,11.218,6.0,10.284,5.5,291.926,156.133,06:45,17:20,107.3,2026-04-01,2027-03-31,dated_calendar_applied,data/raw/gtfs/current/nasutown__nasutown__current.zip,e53a1aa65caffe19822c4f1298b333e3b9c7730809e9f7a02717ea40d9e04944
aac11cfd88a794f0,日光市|nikko.city.lg.jp,日光市,6000020092061,http://www.nikko.city.lg.jp,日光市,nikkocity,nikkocity,日光市営バス,栃木県,8,405,387,5,3,current,365,261,104,94.946,83.0,64.239,58.809,1441.746,1358.537,06:15,20:03,71.4,2026-04-01,2027-03-31,dated_calendar_applied,data/raw/gtfs/current/nikkocity__nikkocity__current.zip,7e40e39bf707d4df66a3f520ddb259d0f39ec936e631989ce164e04e4a9d5958
c295e79433c4a357,大田原市|city.ohtawara.tochigi.jp,大田原市,9000020092100,https://www.city.ohtawara.tochigi.jp/docs/2024010500020/,大田原市,otawaracity,Ohtawaracitybus,大田原市営バス,栃木県,14,128,508,7,3,current,364,260,104,109.686,75.179,72.951,47.512,1781.833,1153.884,05:50,21:49,264.2,2026-03-27,2027-03-31,dated_calendar_applied,data/raw/gtfs/current/otawaracity__Ohtawaracitybus__current.zip,c79370181325650238e57fcd235d9774531859198b17be11d56fa86050ec0ec4
24449943a5b6b824,矢板市|city.yaita.tochigi.jp,矢板市, 8000020092118 ,https://www.city.yaita.tochigi.jp/soshiki/seikatsukankyou/koutsuu-renewal.html,矢板市,yaitacity,chuuou-junkan,中央部循環路線,栃木県,1,9,15,1,3,current,303,251,52,8.305,4.333,4.568,2.383,60.232,31.427,08:05,16:58,65.12,2026-03-17,2027-03-31,dated_calendar_applied,data/raw/gtfs/current/yaitacity__chuuou-junkan__current.zip,4a13e289ddbcb6156eb1150741381c603c064283bbc23216400fb1e9bbc15a8d
713a5385e559a9d8,安中市|city.annaka.lg.jp,安中市,2000020102113,https://www.city.annaka.lg.jp/page/2441.html,安中市,annakacity,annakashi-rosenbus,安中市路線バス（あんバス）,群馬県,4,60,167,3,3,current,259,214,45,54.201,23.967,36.445,16.565,766.167,348.763,06:31,19:26,66.16,2026-05-15,2027-03-31,dated_calendar_applied,data/raw/gtfs/current/annakacity__annakashi-rosenbus__current.zip,9977c46c8d03c473f584535df103977f6c2ee25daa6abfe84307a45eb6b171a5
40729f8d22d90fef,太田市|city.ota.gunma.jp,太田市,7000020102059,https://www.city.ota.gunma.jp/soshiki/19/,太田市,gunma-otacity,ootacitybus,太田市営バス,群馬県,6,97,207,1,3,current,241,241,0,89.567,0.0,58.403,0.0,1057.498,0.0,06:50,19:35,57.12,2026-06-05,2027-06-04,dated_calendar_applied,data/raw/gtfs/current/gunma-otacity__ootacitybus__current.zip,f81ad7dd299c47fc9dad3b6c97ecf8e5848d19a38b427861e353049c60e58902
6c2a679d71a201a2,永井運輸|nagai-unyu.net,永井運輸株式会社,9070001002328,https://www.nagai-unyu.net/,永井運輸株式会社,nagai-unyu,Nagaibus,永井バス,群馬県,24,520,401,9,3,current,365,261,104,214.038,164.635,142.278,107.994,2224.468,1725.928,06:35,21:24,92.77,2026-04-01,2027-03-31,dated_calendar_applied,data/raw/gtfs/current/nagai-unyu__Nagaibus__current.zip,0a1323615c1b2a2157c1cd9667d8a6eeda480a5d97dca8e509093387f04d4ddc
234d2fea43acd09c,大泉町|town.oizumi.gunma.jp,大泉町,6000020105244,https://www.town.oizumi.gunma.jp/s022/kurashi/020/010/010/020/20200903195915.html,大泉町,oizumitown,kouikikoukyoubasuaozora,広域公共バス「あおぞら」,群馬県,4,10,61,1,3,current,328,234,94,9.957,10.0,9.791,9.833,158.318,158.995,07:15,19:44,325.0,2026-05-07,2027-03-31,dated_calendar_applied,data/raw/gtfs/current/oizumitown__kouikikoukyoubasuaozora__current.zip,250a4eaeefe50d3c3c178d145866575f7c4cecb5ed78ccaa59a3c748c987972b
3a2fe864b6d5b773,飯能市乗合ワゴン|city.hanno.lg.jp,飯能市乗合ワゴン,9000020112097,https://www.city.hanno.lg.jp/kurashi_seikatsukankyo/kotsu/kokyokotsu/7/7926.html,飯能市,hannocity,odekakemuma-minamikoma,飯能市乗合ワゴン　南高麗,埼玉県,3,15,41,2,3,current,334,331,3,9.785,0.156,4.66,0.069,83.98,1.158,07:40,16:36,68.16,2025-09-29,2027-03-22,dated_calendar_applied,data/raw/gtfs/current/hannocity__odekakemuma-minamikoma__current.zip,9977c312e9fa97b1ff9856fb7f3a4ae28ff2e23897de4858f6a929781268f50c
3a2fe864b6d5b773,飯能市乗合ワゴン|city.hanno.lg.jp,飯能市乗合ワゴン,9000020112097,https://www.city.hanno.lg.jp/,飯能市,hannocity,odekakemuma-seimei-kaji,飯能市乗合ワゴン　精明・加治,埼玉県,3,8,57,1,3,current,214,214,0,4.356,0.0,3.44,0.0,52.805,0.0,08:00,16:57,254.44,2025-09-29,2027-03-31,dated_calendar_applied,data/raw/gtfs/current/hannocity__odekakemuma-seimei-kaji__current.zip,fd02c59d911b3d401c059f16d2096f24e81c63ae89ef1596d90e1d3656cfed6d
3a2fe864b6d5b773,飯能市乗合ワゴン|city.hanno.lg.jp,飯能市乗合ワゴン,9000020112097,https://www.city.hanno.lg.jp/kurashi_seikatsukankyo/kotsu/kokyokotsu/7/7923.html,飯能市,hannocity,odekakemuma-haraichiba,飯能市乗合ワゴン　原市場,埼玉県,2,26,54,3,3,current,465,332,133,12.803,6.909,3.018,1.67,76.799,41.4,10:00,20:41,21.36,2025-09-29,2027-03-22,dated_calendar_applied,data/raw/gtfs/current/hannocity__odekakemuma-haraichiba__current.zip,f92cf37e1f0a50e5fd5372041e328a3ab383079277526b5325e50fd62d8cec09
e13154d750430422,熊谷市ゆうゆうバス|city.kumagaya.lg.jp,熊谷市ゆうゆうバス,3000020112020,https://www.city.kumagaya.lg.jp/about/soshiki/sogo/kikaku/koutu/yuuyuubasu.html,熊谷市,kumagayacity,yuuyuubus,熊谷市ゆうゆうバス,埼玉県,11,118,397,4,3,current,544,390,154,106.726,95.756,78.698,70.781,1418.637,1265.134,06:18,20:30,94.96,2026-04-01,2027-09-29,dated_calendar_applied,data/raw/gtfs/current/kumagayacity__yuuyuubus__current.zip,f78b05b9b0d1b27585c8a7f12c420b7aa12e9694b08c6a7d806159dc69ca7f88
4d596b89f5ac3dec,さいたま市乗合タクシー|city.saitama.jp,さいたま市乗合タクシー,2000020111007_14,https://www.city.saitama.jp/index.html,さいたま市,saitamacity,rakurakugou,岩槻区並木・加倉地区乗合タクシーらくらく号,埼玉県,2,40,14,1,3,current,361,361,0,36.743,0.0,8.803,0.0,78.511,0.0,06:25,19:45,30.26,2025-09-29,2027-03-31,dated_calendar_applied,data/raw/gtfs/current/saitamacity__rakurakugou__current.zip,faeb9c73e16a5fe63fcdbb4da3414c550539c701e7f16747a1fb6f16feda3a40
6b60e8acc7d1fc0b,さいたま市コミュニティバス|city.saitama.jp,さいたま市コミュニティバス,2000020111007_6,https://www.city.saitama.jp/index.html,さいたま市,saitamacity,iwatsukikucommunitybus,岩槻区コミュニティバス,埼玉県,2,14,77,1,3,current,361,361,0,12.86,0.0,15.922,0.0,159.663,0.0,07:40,18:55,85.71,2025-09-29,2027-03-31,dated_calendar_applied,data/raw/gtfs/current/saitamacity__iwatsukikucommunitybus__current.zip,5e79bc5d5142557aa5641bd3a9b95f497a03b858dddf433f80c091f3aacd2a8b
4d596b89f5ac3dec,さいたま市乗合タクシー|city.saitama.jp,さいたま市乗合タクシー,2000020111007_8,https://www.city.saitama.jp/index.html,さいたま市,saitamacity,ajisaigou,西区指扇地区乗合タクシーあじさい号,埼玉県,1,6,57,1,3,current,361,361,0,5.511,0.0,9.216,0.0,121.956,0.0,07:30,19:07,117.4,2025-09-29,2027-03-31,dated_calendar_applied,data/raw/gtfs/current/saitamacity__ajisaigou__current.zip,21945306e5a5e5cf03fb7ddab23c77c74f75dc5b47c5c43eaf2040ab4480b09f
4d596b89f5ac3dec,さいたま市乗合タクシー|city.saitama.jp,さいたま市乗合タクシー,2000020111007_11,https://www.city.saitama.jp/index.html,さいたま市,saitamacity,kawasemigou,見沼区片柳西地区乗合タクシーカワセミ号,埼玉県,1,6,32,1,3,current,241,241,0,5.54,0.0,7.387,0.0,76.619,0.0,07:30,18:50,120.0,2026-04-01,2027-03-31,dated_calendar_applied,data/raw/gtfs/current/saitamacity__kawasemigou__current.zip,cd3de6162320575733d3d26d9ad74d7bbe5499831432c303ffd112ee046e5f5c
6b60e8acc7d1fc0b,さいたま市コミュニティバス|city.saitama.jp,さいたま市コミュニティバス,2000020111007_1,https://www.city.saitama.jp/index.html,さいたま市,saitamacity,nisikucommunitybus,西区コミュニティバス,埼玉県,1,20,66,1,3,current,361,361,0,18.372,0.0,14.697,0.0,209.419,0.0,07:46,19:26,34.32,2025-09-29,2027-03-31,dated_calendar_applied,data/raw/gtfs/current/saitamacity__nisikucommunitybus__current.zip,bd4d4f6b84e8f99cdfa1d8b58f0e52a44b6543a2c86a0308fbf51bbe9d27fdf4
4d596b89f5ac3dec,さいたま市乗合タクシー|city.saitama.jp,さいたま市乗合タクシー,2000020111007_9,https://www.city.saitama.jp/index.html,さいたま市,saitamacity,miyaharanakayoshigou,北区吉野町乗合タクシー宮原なかよし号,埼玉県,1,16,40,1,3,current,319,319,0,12.987,0.0,7.359,0.0,89.443,0.0,07:30,19:28,45.6,2025-09-29,2027-03-31,dated_calendar_applied,data/raw/gtfs/current/saitamacity__miyaharanakayoshigou__current.zip,24f4cceff8e5f2845703acf9c8ae4d429fc9b9a31fa6b1e320e6478993796c6e
4d596b89f5ac3dec,さいたま市乗合タクシー|city.saitama.jp,さいたま市乗合タクシー,2000020111007_12,https://www.city.saitama.jp/index.html,さいたま市,saitamacity,musashigou,桜区大久保・中央区西与野地区乗合タクシーむさし号,埼玉県,1,6,52,1,3,current,319,319,0,4.87,0.0,8.117,0.0,99.023,0.0,07:15,18:55,120.0,2025-09-29,2027-03-31,dated_calendar_applied,data/raw/gtfs/current/saitamacity__musashigou__current.zip,f15eccba5b10490663f2d3cfc43885fae41730fecf41e936e5c6e9a24af84560
6b60e8acc7d1fc0b,さいたま市コミュニティバス|city.saitama.jp,さいたま市コミュニティバス,2000020111007_3,https://www.city.saitama.jp/index.html,さいたま市,saitamacity,minamikucommunitybus,南区コミュニティバス,埼玉県,1,22,55,1,3,current,361,361,0,20.209,0.0,14.146,0.0,184.685,0.0,07:55,19:27,30.95,2025-09-29,2027-03-31,dated_calendar_applied,data/raw/gtfs/current/saitamacity__minamikucommunitybus__current.zip,012e29eedad573431accc72f896105d6498a193a0d50ba808c926f7fd689f72c
4d596b89f5ac3dec,さいたま市乗合タクシー|city.saitama.jp,さいたま市乗合タクシー,2000020111007_15,https://www.city.saitama.jp/index.html,さいたま市,saitamacity,orizurugou,岩槻区河合地区乗合タクシーおりづる号,埼玉県,1,20,28,1,3,current,319,319,0,16.234,0.0,5.912,0.0,95.402,0.0,06:00,20:36,45.26,2025-09-29,2027-03-31,dated_calendar_applied,data/raw/gtfs/current/saitamacity__orizurugou__current.zip,38e0c3663152ba10c7bd298188ab4fce8e6ded4d200f3dbdf90a837d85fc2815
6b60e8acc7d1fc0b,さいたま市コミュニティバス|city.saitama.jp,さいたま市コミュニティバス,2000020111007_2,https://www.city.saitama.jp/index.html,さいたま市,saitamacity,sakurakucommunitybus,桜区コミュニティバス,埼玉県,1,22,62,1,3,current,361,361,0,20.209,0.0,18.019,0.0,216.732,0.0,07:30,20:05,70.0,2025-09-29,2027-03-31,dated_calendar_applied,data/raw/gtfs/current/saitamacity__sakurakucommunitybus__current.zip,2ec3ea2c92e4b8b1724eefb4bc9020143dcb6483fed9160a2d5b931eb9a22fba
03442301fcfd8ff0,さいたま市|city.saitama.jp,さいたま市,2000020111007_4,https://www.city.saitama.jp/index.html,さいたま市,saitamacity,minumakucommunitybus,見沼区コミュニティバス,埼玉県,2,24,76,1,3,current,361,361,0,22.046,0.0,16.442,0.0,248.722,0.0,06:50,18:56,56.04,2025-09-29,2027-03-31,dated_calendar_applied,data/raw/gtfs/current/saitamacity__minumakucommunitybus__current.zip,782fba3f4a0cab1f75a432ff04261324e8bafaee7133158b186da6a18741165f
4d596b89f5ac3dec,さいたま市乗合タクシー|city.saitama.jp,さいたま市乗合タクシー,2000020111007_10,https://www.city.saitama.jp/index.html,さいたま市,saitamacity,minumagou,見沼区大砂土東地区乗合タクシーみぬま号,埼玉県,1,16,18,1,3,current,361,361,0,14.697,0.0,6.614,0.0,72.071,0.0,07:30,17:50,39.67,2025-09-29,2027-03-31,dated_calendar_applied,data/raw/gtfs/current/saitamacity__minumagou__current.zip,b2f93279800c125487e28b5485361a17846f190242bb104f9a9733d5e4b8844d
4d596b89f5ac3dec,さいたま市乗合タクシー|city.saitama.jp,さいたま市乗合タクシー,2000020111007_13,https://www.city.saitama.jp/index.html,さいたま市,saitamacity,rainbowgou,岩槻区和土地区乗合タクシーレインボー号,埼玉県,1,16,41,1,3,current,319,319,0,12.987,0.0,8.523,0.0,112.951,0.0,07:13,19:35,47.13,2025-09-29,2027-03-31,dated_calendar_applied,data/raw/gtfs/current/saitamacity__rainbowgou__current.zip,6ceda1fb393e1a385c46d53f53ec7584853b4218d54c959ad9b9f451ed72637f
6b60e8acc7d1fc0b,さいたま市コミュニティバス|city.saitama.jp,さいたま市コミュニティバス,2000020111007_5,https://www.city.saitama.jp/index.html,さいたま市,saitamacity,kitakucommunitybus,北区コミュニティバス,埼玉県,1,22,64,1,3,current,361,361,0,20.209,0.0,15.83,0.0,204.314,0.0,08:05,18:52,60.0,2025-09-29,2027-03-31,dated_calendar_applied,data/raw/gtfs/current/saitamacity__kitakucommunitybus__current.zip,12a4a38e2ba793cbaf4c05ddaa968ccb1565fafe2cfc080d09cbb965aa024765
6e608d3f463c0432,和光市|city.wako.lg.jp,和光市,4000020112291_1,https://www.city.wako.lg.jp/machizukuri/kotsu/1010340/1011000/1005973/index.html,和光市,wakocity,Wako-City-junkanbus,和光市内循環バス（わこば）,埼玉県,5,50,88,2,3,current,359,256,103,48.429,39.615,35.153,31.874,308.253,276.313,07:15,18:58,74.13,2026-01-01,2026-12-31,dated_calendar_applied,data/raw/gtfs/current/wakocity__Wako-City-junkanbus__current.zip,301815e8b19506fa03c9bad211b158aabc76f08043dcee6aaee70cfffc50ab7e
e74250ccd6c6ea4d,大成交通|taiseikoutu.com,有限会社大成交通,1223190000000,https://taiseikoutu.com/,印西市,inzaicity,rosenbus,宗像路線、六合路線,千葉県,2,30,56,1,3,current,456,326,130,30.0,30.0,18.733,18.733,417.71,417.71,06:00,20:24,58.97,2026-07-01,2027-09-29,dated_calendar_applied,data/raw/gtfs/current/inzaicity__rosenbus__current.zip,9c7939101d6f0821bc7382459a8793d4eba3d303297b2ceee11baf0158afa7b9
2dfa9193a233104f,なの花交通バス|nanohanabus.com,なの花交通バス株式会社,5040001047016,https://www.nanohanabus.com/,印西市,inzaicity,rosenbus,宗像路線、六合路線,千葉県,1,72,45,2,3,current,456,326,130,43.344,27.0,22.607,15.117,533.261,362.394,06:30,20:05,21.97,2026-07-01,2027-09-29,dated_calendar_applied,data/raw/gtfs/current/inzaicity__rosenbus__current.zip,9c7939101d6f0821bc7382459a8793d4eba3d303297b2ceee11baf0158afa7b9
de81319065f8ad26,香取市|city.katori.lg.jp,香取市,9000020122360_1,https://www.city.katori.lg.jp/living/kotsu_doro/kokyo_kotsu/bus/community-bus202410/index.html,香取市,katoricity,katori-junkan,香取市循環バス,千葉県,8,88,140,7,3,current,236,170,66,39.391,15.529,17.99,8.282,276.605,125.696,06:45,17:42,67.32,2026-09-01,2027-04-30,dated_calendar_applied,data/raw/gtfs/current/katoricity__katori-junkan__current.zip,a50979539cfab686fbc685157335f0ef17f49ea69110aa4d34e32e24233c976c
808d4e350feb0cc3,京成バス千葉ウエスト塩浜営業所|transitbus.co.jp,京成バス千葉ウエスト株式会社　塩浜営業所,4040001028454,https://www.transitbus.co.jp/web/,京成バス千葉ウエスト株式会社,keisei-transitbus,keiseitransitbus,京成バス千葉ウエスト　塩浜営業所（市川市コミュニティバス　南部ルート　わくわくバス含む）,千葉県,16,802,233,2,3,current,430,274,156,230.275,264.75,107.449,133.088,1380.814,1701.725,05:40,23:24,83.81,2025-09-29,2027-09-29,dated_calendar_applied,data/raw/gtfs/current/keisei-transitbus__keiseitransitbus__current.zip,0b5466a8a6e8eabdd3121b2d854a1a04108e969f920abedf95d243982e539363
6ddc9a59681e7785,君津市|city.kimitsu.lg.jp,君津市,8000020122254_1,https://www.city.kimitsu.lg.jp/soshiki/12/2371.html,君津市,kimitsucity,Kimitsu_City_Community_Bus,君津市コミュニティバス,千葉県,3,100,166,6,3,current,396,283,113,63.269,55.0,37.998,33.495,849.259,746.839,06:05,21:23,50.5,2026-03-01,2027-03-31,dated_calendar_applied,data/raw/gtfs/current/kimitsucity__Kimitsu_City_Community_Bus__current.zip,4521cb97cffec998cacc8ca44d41c2966393708a0ade15367bae55711b938388
458ef8ea983db080,日東交通|nitto-kotsu.co.jp,日東交通（株）,6040001050844_1,https://www.nitto-kotsu.co.jp/rosen/,君津市,kimitsucity,Local_buses_via_Kimitsu_City,君津市経由路線バス,千葉県,15,388,489,18,3,current,405,275,130,194.455,244.244,125.114,145.536,2381.536,2662.143,05:55,22:51,55.78,2025-09-29,2027-03-31,dated_calendar_applied,data/raw/gtfs/current/kimitsucity__Local_buses_via_Kimitsu_City__current.zip,f6ec6d734e4128c9a5cec0991dd13b9727dcf1cc1d184b5fd05d907899ce77a5
f478597598ecb9d9,松戸市|city.matsudo.chiba.jp,松戸市,4000020122076,https://www.city.matsudo.chiba.jp/kurashi/douro/bus_noriba-jikoku/yumeiro_bus/pokettojikokuhyou.html,松戸市,matsudocity,matsudo,松戸市ゆめいろバス,千葉県,2,24,32,1,3,current,158,158,0,21.919,0.0,13.517,0.0,130.869,0.0,07:00,19:02,59.23,2026-08-03,2027-03-31,dated_calendar_applied,data/raw/gtfs/current/matsudocity__matsudo__current.zip,f9bbf43a890f75aedc1d054294277fca8859e49f0b25fc925fb58711e8f2d87d
f478597598ecb9d9,松戸市|city.matsudo.chiba.jp,松戸市,4000020122076,https://www.city.matsudo.chiba.jp/kurashi/douro/bus_noriba-jikoku/yumeiro_bus/pokettojikokuhyou.html,松戸市,matsudocity,matsudo-takatsuka,松戸市ゆめいろワゴンバス,千葉県,1,10,20,1,3,current,158,158,0,9.133,0.0,7.459,0.0,87.419,0.0,08:00,18:49,66.67,2026-08-03,2027-03-31,dated_calendar_applied,data/raw/gtfs/current/matsudocity__matsudo-takatsuka__current.zip,e3777ffb095d3d59368e755cd61a4b291c90e3f7a7c1f8dd9312f17f3d6aa62d
bf41197930009668,流山市|city.nagareyama.chiba.jp,流山市,1000020122203,https://www.city.nagareyama.chiba.jp/life/1002088/1002101/1002103/,流山市,nagareyamacity,nagareyamagreenbus,流山ぐりーんバス,千葉県,6,338,181,2,3,current,465,331,134,191.781,141.0,90.85,67.083,1060.157,783.619,06:15,20:42,29.59,2025-10-01,2027-01-10,dated_calendar_applied,data/raw/gtfs/current/nagareyamacity__nagareyamagreenbus__current.zip,9e4201b7200240aefcca99c0d1b59328ce378930e0f310979ee6940f6fb7a9d1
61761106aa394262,成田市|city.narita.chiba.jp,成田市,8000020122114,https://www.city.narita.chiba.jp/kurashi/page105700.html,成田市,naritacity,narita-community-bus,成田市コミュニティバス,千葉県,7,76,498,9,3,current,274,196,78,71.699,56.0,62.801,52.15,1373.877,1134.83,06:20,20:30,88.18,2026-04-01,2026-12-30,dated_calendar_applied,data/raw/gtfs/current/naritacity__narita-community-bus__current.zip,e328a3ab06c574f2cc9a9aad1b99aca75d9ab79eb8dc8c954e645832fe4ab83b
464f9b87dda32d02,四街道市|city.yotsukaido.chiba.jp,四街道市,6000020122289,https://www.city.yotsukaido.chiba.jp/kurashi/kotsu/koukyokotsu/bus/rosenzu.html,四街道市,yotsukaidocity,yoppii,市内循環バス「ヨッピィ」,千葉県,2,40,62,2,3,current,365,261,104,22.563,17.0,16.784,13.4,232.494,183.188,06:42,19:13,65.32,2026-04-01,2027-03-31,dated_calendar_applied,data/raw/gtfs/current/yotsukaidocity__yoppii__current.zip,0a25dea3749ad56a8a2b6c02d544dc679c506b116777d6929bad96b9fce8844a
0e49f8902f657548,昭島市|city.akishima.lg.jp,昭島市,8000020132071,https://www.city.akishima.lg.jp/kurashi/bus/1002242/1002244.html,昭島市,akishimacity,Abus,Aバス,東京都,4,37,114,1,3,current,365,261,104,37.0,37.0,35.35,35.35,315.911,315.911,06:55,19:59,77.4,2026-08-28,2027-08-27,dated_calendar_applied,data/raw/gtfs/current/akishimacity__Abus__current.zip,0f40062d189d543bd50cb157b2941a043d5127475d81e14c2e01c0f931ed8164
298937318733b304,荒川区|city.arakawa.tokyo.jp,荒川区,7000020131181_1,https://www.city.arakawa.tokyo.jp/a040/koutsuu-bus/komyuniteibasu/sakura.html,荒川区,arakawacity,sakura,コミュニティバスさくら,東京都,4,34,32,3,3,current,366,260,106,26.473,26.739,12.915,12.956,123.758,125.41,06:35,20:04,166.49,2026-03-01,2027-03-21,dated_calendar_applied,data/raw/gtfs/current/arakawacity__sakura__current.zip,9d4336d0d39341f732ab3a70eb4febc38ca82f1c2a62863bfa57770bef9e08b0
f3f44abb672f6f18,日立自動車交通|hitachi-gr.com,日立自動車交通株式会社,6011801011369_1,https://www.hitachi-gr.com/sakura,葛飾区,katsushikacity,sakura,さくら,東京都,1,57,11,4,3,current,368,264,104,35.295,34.846,5.883,5.808,96.834,95.601,06:55,19:40,21.83,2025-12-29,2026-12-31,dated_calendar_applied,data/raw/gtfs/current/katsushikacity__sakura__current.zip,fa07ecd375faf5e424ff67a1a449642c6468d34c1a562bdec0bfb2b27bc4ddc9
0d06c4c294036b59,神津島村|vill.kouzushima.tokyo.jp,神津島村,9000020133647_1,https://www.vill.kouzushima.tokyo.jp/,神津島村,kozushimavillage,kozushimavillagebus,神津島村営バス,東京都,7,192,18,7,3,current,331,261,70,22.054,16.404,5.457,4.161,82.43,61.604,08:20,20:14,76.76,2026-01-29,2027-01-28,dated_calendar_applied,data/raw/gtfs/current/kozushimavillage__kozushimavillagebus__current.zip,84a29423238cdc1513a7d20c82520add0fa1047b8f828381bd8d13cb0ee0789a
bd49162cfd02f2e6,国立市|city.kunitachi.tokyo.jp,国立市,1000020132152,https://www.city.kunitachi.tokyo.jp/kurashi/kotsu/3/1/5273.html,国立市,kunitachicity,kunikko,国立市コミュニティバス「くにっこ」,東京都,2,62,51,2,3,current,365,261,104,48.724,48.308,21.046,20.964,198.29,197.406,06:45,20:38,35.57,2026-09-01,2027-08-31,dated_calendar_applied,data/raw/gtfs/current/kunitachicity__kunikko__current.zip,20ab25803af5711ed5b91c064675a00b2a684146802cacb92c6a77d65e985a91
bd49162cfd02f2e6,国立市|city.kunitachi.tokyo.jp,国立市,1000020132152,https://www.city.kunitachi.tokyo.jp/kurashi/kotsu/3/1/5273.html,国立市,kunitachicity,aoyagikko,国立市コミュニティワゴン「あおやぎっこ」,東京都,2,22,21,1,3,current,310,259,51,21.831,10.788,8.203,4.054,93.305,46.108,07:40,18:19,53.85,2026-01-13,2027-01-12,dated_calendar_applied,data/raw/gtfs/current/kunitachicity__aoyagikko__current.zip,5e856c939fa0a61864d0e456d33841177d9494905c17ea38de48abb7031236c1
3a7d6c0f602ff1d7,瑞穂町|town.mizuho.tokyo.jp,瑞穂町,1000020133035_1,https://www.town.mizuho.tokyo.jp/kankyo/004/010/index.html,瑞穂町,mizuhotown,communitybus,瑞穂町コミュニティバス,東京都,5,94,61,2,3,current,537,384,153,48.504,43.154,29.027,27.707,370.872,359.092,06:38,20:15,101.48,2025-09-29,2027-03-31,dated_calendar_applied,data/raw/gtfs/current/mizuhotown__communitybus__current.zip,72085b3cdb664439d17333f4e65cc7c29f5bdfc251c17578e3ea5a37e23490b1
3a7d6c0f602ff1d7,瑞穂町|town.mizuho.tokyo.jp,瑞穂町,mizuhomachi,https://www.town.mizuho.tokyo.jp/,瑞穂町,mizuhotown,DemandResponsiveTransport,瑞穂町デマンド交通「チョイソコみずほまち」,東京都,1,1,1,1,715,current,386,309,77,0.786,0.494,0.0,0.0,0.0,0.0,,,,2025-09-29,2027-03-31,dated_calendar_applied,data/raw/gtfs/current/mizuhotown__DemandResponsiveTransport__current.zip,a1e036a08e44bbc5f5bee96284ac8d3121e6df0b5d0510a90dcd870454893dc8
1d9063022cf972f3,小笠原村|vill.ogasawara.tokyo.jp,小笠原村,6000020134210,https://www.vill.ogasawara.tokyo.jp/bus/,小笠原村,ogasawaravillage,o,小笠原村営バス,東京都,3,42,29,3,3,current,366,262,104,23.542,18.0,7.45,5.833,139.401,109.489,06:55,18:55,182.5,2026-02-10,2027-02-10,dated_calendar_applied,data/raw/gtfs/current/ogasawaravillage__o__current.zip,e576efcbcdb9688a75b3f6c29d5e6809e07752b90e0355720fea5eaaa8fe5f8c
1600b52697f9029b,立川市|city.tachikawa.lg.jp,立川市,9000020132021,https://www.city.tachikawa.lg.jp/kotsutaisaku/kururinnsaihenn.html,立川市,tachikawacity,kururinbus,くるりんバス,東京都,5,173,90,4,3,current,365,261,104,77.456,32.885,41.556,18.157,447.584,197.887,06:45,21:43,64.61,2026-04-01,2027-03-31,dated_calendar_applied,data/raw/gtfs/current/tachikawacity__kururinbus__current.zip,101a2549fd9276be2fbeb9b2123f901e1f7a196392fc9792075ffa7fcde50de5
1552c3539505721d,茅ヶ崎市|city.chigasaki.kanagawa.jp,茅ヶ崎市,1000020142077_1,https://www.city.chigasaki.kanagawa.jp/road/eboshi_s/index.html,茅ヶ崎市,chigasakicity,eboshigou,コミュニティバスえぼし号,神奈川県,6,61,222,2,3,current,549,393,156,60.573,54.0,53.949,48.817,601.939,535.859,06:55,20:17,107.82,2025-09-29,2027-03-31,dated_calendar_applied,data/raw/gtfs/current/chigasakicity__eboshigou__current.zip,a2f742d9d6e509f90ff21dd168d21bcf20c6a94fd08959385a489126ac5ff5d8
d250a1b76b3f936f,大新東|daishinto.co.jp,大新東株式会社,8012401019180,https://daishinto.co.jp/service/timetable/,大新東株式会社,daishinto,Radiant-City,レイディアントシティ横濱,神奈川県,3,456,9,4,3,current,365,260,105,202.162,123.962,31.056,18.594,379.423,231.802,05:10,23:58,15.2,2026-03-01,2027-02-28,dated_calendar_applied,data/raw/gtfs/current/daishinto__Radiant-City__current.zip,5f8c645b2b76306c40ccfe7b19d9b273d425298ada7c7699c213dd3ce6ec0ffd
98e74cccf1f638f3,二宮町|town.ninomiya.kanagawa.jp,二宮町,2000020143421_1,http://www.town.ninomiya.kanagawa.jp/kurashi_tetsuduki/kurashi/kotsukikan/komyunithibasu/1506474416071.html,二宮町,ninomiyatown,Ninomiyatowncommunitybus,二宮町コミュニティバス,神奈川県,2,10,61,1,3,current,305,304,1,9.212,0.077,5.251,0.044,76.44,0.638,08:00,18:45,145.12,2025-09-29,2027-01-01,dated_calendar_applied,data/raw/gtfs/current/ninomiyatown__Ninomiyatowncommunitybus__current.zip,b130016f507e25605233b47d474f00697a3b04fe30c6673276dd8e52525614e6
69c3a87ab0a5025a,寒川町|town.samukawa.kanagawa.jp,寒川町,7000020143219_１,http://www.town.samukawa.kanagawa.jp/soshiki/toshikensetsu/toshikeikaku/tokei_kaihatsu/info/koukyoukoutsu/bus_mokusei/1443140073151.html,寒川町,samukawatown,mokusei-go_kuramiomuraroute,寒川町コミュニティバス「もくせい号」倉見大村ルート,神奈川県,1,24,26,2,3,current,387,276,111,11.662,11.893,6.803,6.937,94.881,96.764,08:25,17:40,47.27,2025-12-01,2026-12-31,dated_calendar_applied,data/raw/gtfs/current/samukawatown__mokusei-go_kuramiomuraroute__current.zip,dd145e50cb7306160600e8931583cb73222dddb5e7a414693c71ee2d7457f083
69c3a87ab0a5025a,寒川町|town.samukawa.kanagawa.jp,寒川町,7000020143219_3,http://www.town.samukawa.kanagawa.jp/soshiki/toshikensetsu/toshikeikaku/tokei_kaihatsu/info/koukyoukoutsu/bus_mokusei/1443140073151.html,寒川町,samukawatown,mokusei-go_southroute,寒川町コミュニティバス「もくせい号」南ルート,神奈川県,1,4,15,1,3,current,387,276,111,3.887,3.964,1.62,1.652,18.614,18.982,09:40,15:00,98.33,2025-12-01,2026-12-31,dated_calendar_applied,data/raw/gtfs/current/samukawatown__mokusei-go_southroute__current.zip,a929ea903ca86db1b2e8c54a5a9493acf94eff044672eff8e59537e7662ee1da
69c3a87ab0a5025a,寒川町|town.samukawa.kanagawa.jp,寒川町,7000020143219_2,http://www.town.samukawa.kanagawa.jp/soshiki/toshikensetsu/toshikeikaku/tokei_kaihatsu/info/koukyoukoutsu/bus_mokusei/1443140073151.html,寒川町,samukawatown,mokusei-go_eastroute,寒川町コミュニティバス「もくせい号」東ルート,神奈川県,1,11,26,1,3,current,387,276,111,10.69,10.902,5.507,5.616,85.832,87.531,07:45,17:35,56.0,2025-12-01,2026-12-31,dated_calendar_applied,data/raw/gtfs/current/samukawatown__mokusei-go_eastroute__current.zip,25e26ae56a466339b4294eb7c54d8f29146e7ee1b9d81617a763b20ddc559ea7
04976492d7f8e9ff,ハマちゃんバス|city.yokosuka.kanagawa.jp,ハマちゃんバス,3000020142018,https://www.city.yokosuka.kanagawa.jp/4805/hamachanbus.html,横須賀市,yokosukacity,hamachanbus,ハマちゃんバス,神奈川県,3,12,20,1,3,current,488,488,0,11.197,0.0,6.189,0.0,53.864,0.0,08:23,16:29,71.91,2025-09-29,2027-09-29,dated_calendar_applied,data/raw/gtfs/current/yokosukacity__hamachanbus__current.zip,697e90b21415c25181cc58b3168c2751cce1eb6245f7800ccdadac3f8e6dee72
c19f59b01d9c6c8b,糸魚川バス|marukei-g.com,糸魚川バス株式会社,1110001021553,https://www.marukei-g.com/publics/index/25/,糸魚川バス株式会社,itoigawabus,itoigawabus,糸魚川バス,新潟県,16,294,586,9,3,current,242,173,69,136.534,70.343,74.395,38.473,1786.291,904.454,06:22,19:07,90.64,2026-07-31,2027-03-31,dated_calendar_applied,data/raw/gtfs/current/itoigawabus__itoigawabus__current.zip,1c2ddda247c3111c002c0cbaf5cccf2e5d4c794f7a6c796870e525a26dcca347
e7006c28eb52a999,上越市市営バス|city.joetsu.niigata.jp,上越市市営バス,9000020152226_0,https://www.city.joetsu.niigata.jp,上越市,joetsucity,joetsu,上越市市営バス,新潟県,7,50,136,7,3,current,361,260,101,23.702,7.436,11.799,3.412,286.495,89.56,06:35,19:15,247.38,2025-09-29,2027-03-31,dated_calendar_applied,data/raw/gtfs/current/joetsucity__joetsu__current.zip,bf9d668c03cf4f7631817b15695473513b0c2af68b73e75aaa650e2ad40623f7
2f32c8035cbee2f6,加茂市|city.kamo.niigata.jp,加茂市,3000020152099,https://www.city.kamo.niigata.jp/docs/66618.html,加茂市,kamocity,kamonbus,加茂市営バス かもんバス,新潟県,6,50,128,3,3,current,364,260,104,48.966,29.615,31.619,18.371,718.804,429.613,06:34,20:02,50.24,2026-06-01,2027-05-31,dated_calendar_applied,data/raw/gtfs/current/kamocity__kamonbus__current.zip,14b393bf86e25d12be0c53325dd8637cbcd65c674dd7db88ab1af0233ba6f4dd
8df36df6f2a7289b,村上市|city.murakami.lg.jp,村上市,7000020152129,https://www.city.murakami.lg.jp/soshiki/13/,村上市,murakamicity,murakamisicommunitybus,村上市コミュニティバス,新潟県,14,119,314,6,3,current,359,257,102,94.452,42.538,65.328,28.072,1576.173,676.106,06:18,19:42,108.82,2026-07-30,2027-07-29,dated_calendar_applied,data/raw/gtfs/current/murakamicity__murakamisicommunitybus__current.zip,9226b24ab1bd3aeed1f47c2f270d221bc134e7879b1b715c4452db9500836226
650cdabae3687428,燕市|city.tsubame.niigata.jp,燕市,7000020152137,https://www.city.tsubame.niigata.jp/kurashi/kotsu/3/index.html,燕市,tsubamecity,tsubame_bus,燕市コミュニティバス,新潟県,3,32,90,1,3,current,247,247,0,30.284,0.0,38.864,0.0,565.18,0.0,06:58,18:15,63.54,2026-09-01,2027-08-31,dated_calendar_applied,data/raw/gtfs/current/tsubamecity__tsubame_bus__current.zip,7373d4e4b1508b936c52175e4c4ba5134630df1dc73b9a17bdf975d2da10d5c4
1bb76c0c3a4ba092,富山地方鉄道|chitetsu.co.jp,富山地方鉄道株式会社 ,5230001002133,https://www.chitetsu.co.jp/,富山地方鉄道,chitetsu,chitetsushinaidensha,富山地方鉄道市内電車,富山県,17,723,39,2,3,current,365,260,105,376.577,344.0,262.093,236.9,2971.246,2749.56,05:28,23:57,86.57,2026-03-14,2027-03-13,dated_calendar_applied,data/raw/gtfs/current/chitetsu__chitetsushinaidensha__current.zip,f144fe5749ba47078e3f0ee0c8fa53b9dcc1dc3c142676d6c8fd4bd57353669f
1bb76c0c3a4ba092,富山地方鉄道|chitetsu.co.jp,富山地方鉄道株式会社,5230001002133,https://www.chitetsu.co.jp,富山地方鉄道,chitetsu,chitetsubus,富山地方鉄道バス,富山県,172,1354,1034,2,3,current,365,261,104,840.333,503.0,536.278,317.367,9617.228,5982.139,06:00,22:40,118.42,2026-05-26,2027-05-25,dated_calendar_applied,data/raw/gtfs/current/chitetsu__chitetsubus__current.zip,04541ea9dfae1bd92f372bf52b36e12601f22d24ef48cfc21182158838c97801
48cf6f68749469f0,射水市コミュニティバス|city.imizu.toyama.jp,射水市コミュニティバス,2000020162116,https://www.city.imizu.toyama.jp/guide/svGuideDtl.aspx?servno=15,射水市,imizucity,imizushi,きときとバス,富山県,43,124,383,9,3,current,362,259,103,66.257,32.683,40.7,14.063,737.701,244.837,06:34,19:22,93.36,2026-04-01,2027-03-31,dated_calendar_applied,data/raw/gtfs/current/imizucity__imizushi__current.zip,5838a967478fe9a1b0be552cfa16fd23af77b638930866bf271567b628eacd84
1b94936e4378f261,加越能バス|kaetsunou.co.jp,加越能バス株式会社,5230001009830,http://www.kaetsunou.co.jp/,加越能バス,kaetsunou,kaetsunousekaiisan,加越能バス（世界遺産バス）,富山県,4,20,50,2,3,current,365,261,104,10.0,10.0,19.833,19.833,598.027,598.027,07:20,18:10,94.17,2026-04-01,2027-03-31,dated_calendar_applied,data/raw/gtfs/current/kaetsunou__kaetsunousekaiisan__current.zip,8a0ac9ce2c1e365328b561fec78cc237a8727c6c364cb382fa9fc4766d9be83c
1b94936e4378f261,加越能バス|kaetsunou.co.jp,加越能バス株式会社,5230001009830,http://www.kaetsunou.co.jp/,加越能バス,kaetsunou,kaetsunouhimi,加越能バス（氷見市街地周遊バス）,富山県,6,43,28,3,3,current,365,261,104,12.195,15.481,6.241,4.266,69.873,42.051,07:14,17:27,104.4,2026-04-01,2027-03-31,dated_calendar_applied,data/raw/gtfs/current/kaetsunou__kaetsunouhimi__current.zip,ccb2f7e9c854cfddc3296d829faf96fb151b88911a1bf1d48148824b415b2009
1b94936e4378f261,加越能バス|kaetsunou.co.jp,加越能バス株式会社,5230001009830,http://www.kaetsunou.co.jp/,加越能バス,kaetsunou,kaetsunouippan,加越能バス（一般路線）,富山県,71,499,697,2,3,current,259,185,74,278.292,216.0,196.024,146.067,4153.402,3261.341,06:25,21:09,127.0,2026-07-16,2027-03-31,dated_calendar_applied,data/raw/gtfs/current/kaetsunou__kaetsunouippan__current.zip,a223801530fde151c0dcaed3730e133f82eee5b0290a35f10c22c24dd3689cf9
e78303753ededa5f,上市町|town.kamiichi.toyama.jp,上市町,4000020163228,https://www.town.kamiichi.toyama.jp/page/1829.html,上市町,kamiichitown,kamiichi,上市町営バス,富山県,11,38,75,5,3,current,362,259,103,32.87,19.192,17.616,9.583,324.953,180.831,07:00,18:17,122.18,2026-04-01,2027-03-31,dated_calendar_applied,data/raw/gtfs/current/kamiichitown__kamiichi__current.zip,8bea7328a1f014ab85c8bd9a428370ba0310b1a37f44a048a4e0816d9e6c5ff9
51dcaa9323655323,黒部市|kurobe-koukyoukoutsuu.jp,黒部市,7000020162078,https://www.kurobe-koukyoukoutsuu.jp/,黒部市,kurobecity,shinkansenikuji-ishida-aimoto-minibus,新幹線生地、石田三日市、愛本、電動ミニバス,富山県,5,59,112,5,3,current,246,246,0,47.701,0.0,27.163,0.0,415.488,0.0,07:00,18:36,56.92,2026-04-01,2027-03-31,dated_calendar_applied,data/raw/gtfs/current/kurobecity__shinkansenikuji-ishida-aimoto-minibus__current.zip,4f55eddf3d45cb5d0b1983659d97b7ed97667e4cb9961eab8b58967fc2ee82b1
5bd8b1d34c442334,滑川市|city.namerikawa.toyama.jp,滑川市,8000020162060,http://www.city.namerikawa.toyama.jp/,滑川市,namerikawacity,norumycar,コミュニティバス「のるmycar」,富山県,11,57,167,2,3,current,362,258,104,31.203,25.0,31.007,26.583,607.36,522.949,06:40,18:45,168.71,2025-10-01,2026-09-30,dated_calendar_applied,data/raw/gtfs/current/namerikawacity__norumycar__current.zip,068d8c888c19160950168c4f6d747d0eca4dc0b8411500ab87932d8152b56177
6051e7dca681aac3,富山県南砺市|city.nanto.toyama.jp,富山県南砺市,2000020162108,https://www.city.nanto.toyama.jp/cms-sypher/www/info/detail.jsp?id=736,南砺市,nantocity,nanbus,南砺市営バス,富山県,72,123,294,5,3,current,310,222,88,113.392,20.0,79.643,17.7,1907.631,362.284,06:00,20:56,189.34,2026-05-26,2027-03-31,dated_calendar_applied,data/raw/gtfs/current/nantocity__nanbus__current.zip,74f92dfa92a2261a2b5b18d001698b1244892e916f9112d196d5439d1696e248
22f0ac1cacc5e405,入善町|town.nyuzen.toyama.jp,入善町,8000020163422,https://www.town.nyuzen.toyama.jp/gyosei/machizukuri/doro_kotsu/2/2/1916.html,入善町,nyuzentown,noranmaicar,のらんマイ・カー,富山県,2,15,44,2,3,current,395,283,112,14.843,13.754,8.757,8.204,202.57,188.765,06:10,20:10,111.0,2026-02-25,2027-03-31,dated_calendar_applied,data/raw/gtfs/current/nyuzentown__noranmaicar__current.zip,7487c9aaaa6c69a7052d8752b6a6c987c30f3645b309f416d24b55327f9a7db3
ee767fcd64f1e298,小矢部市|city.oyabe.toyama.jp,小矢部市,7000020162094,http://www.city.oyabe.toyama.jp/,小矢部市,oyabecity,oyabecitybus,小矢部市営バス,富山県,22,27,105,1,3,current,243,243,0,25.138,0.0,12.212,0.0,247.534,0.0,06:53,19:50,372.6,2026-04-01,2027-03-31,dated_calendar_applied,data/raw/gtfs/current/oyabecity__oyabecitybus__current.zip,4d03d25069debed27517705b92d53b3059fd344c3b9ca9a813201c2cc7449f2d
cfd50c2d36fe78fc,高岡市|city.takaoka.toyama.jp,高岡市,9000020162027,https://www.city.takaoka.toyama.jp/gyosei/kurashi_tetsuzuki/doro_kotsuu/1/5581.html,高岡市,takaokacity,koueibus,高岡市公営バス,富山県,5,35,96,3,3,current,362,260,102,33.456,15.692,23.318,13.526,442.642,247.975,06:50,19:04,109.42,2026-04-01,2027-03-31,dated_calendar_applied,data/raw/gtfs/current/takaokacity__koueibus__current.zip,3ed0ee5bc168d8f3d987214d974758e20395840daea6f35814164802402e7257
61dc5a121b4c9997,富山県立山町|town.tateyama.toyama.jp,富山県立山町,4000020163236,https://www.town.tateyama.toyama.jp/soshikikarasagasu/juminka/kankyo_anzenkakari/7/1/756.html,立山町,tateyamatown,tateyama,立山町営バス,富山県,26,93,121,8,3,current,145,119,26,60.672,16.588,25.037,5.001,567.37,113.243,06:13,19:27,170.95,2026-04-15,2026-10-10,dated_calendar_applied,data/raw/gtfs/current/tateyamatown__tateyama__current.zip,218e56e7c2499f614917aa5948367927e264313f56054b30932dff5013f99588
91dd73b55ded9189,砺波市|city.tonami.lg.jp,砺波市,7000020162086,https://www.city.tonami.lg.jp,砺波市,tonamicity,tonamishieibasu,砺波市営バス,富山県,5,13,135,1,3,current,245,245,0,12.019,0.0,12.681,0.0,214.521,0.0,06:26,18:47,472.87,2026-03-26,2027-03-31,dated_calendar_applied,data/raw/gtfs/current/tonamicity__tonamishieibasu__current.zip,4b3078bdb8a77e2ea8452bf4f8c78223000352574a4ed486707fb52668e4b064
fce462b6ac9604f4,富山県朝日町|town.asahi.toyama.jp,富山県朝日町,7000020163431,https://www.town.asahi.toyama.jp/soshiki/shokokanko/kotsu/2566.html,富山県朝日町,toyama-asahitown,asahimachibus,あさひまちバス,富山県,9,51,102,3,3,current,254,254,0,33.495,0.0,28.028,0.0,641.807,0.0,06:40,20:20,184.31,2026-03-16,2027-03-31,dated_calendar_applied,data/raw/gtfs/current/toyama-asahitown__asahimachibus__current.zip,22101b5fbb1abd41dffba4db72ae21fdf6a0a7a6a542c5f3155430b15790a413
1df912b2bac6ca04,富山市|city.toyama.lg.jp,富山市,9000020162019,https://www.city.toyama.lg.jp/shisei/machizukuri/1015396/1010291/1015788/1010292/1006265.html,富山市,toyamacity,yamadacommunitybus,山田コミュニティバス,富山県,9,48,44,5,3,current,356,257,99,31.54,13.5,10.022,5.627,238.087,128.603,06:15,19:23,236.54,2026-04-01,2027-03-31,dated_calendar_applied,data/raw/gtfs/current/toyamacity__yamadacommunitybus__current.zip,fe623ed5fa2937d1381ddbfcc86d939908f820f6ba0478aa42cfa861a58ba546
f5cb610e34e6525b,婦中コミュニティバス運営委員会|city.toyama.lg.jp,婦中コミュニティバス運営委員会,9000020162019,https://www.city.toyama.lg.jp/shisei/machizukuri/1015396/1010291/1015788/1010292/1006317.html,富山市,toyamacity,fuchucommunitybus,婦中コミュニティバス,富山県,8,14,118,1,3,current,241,241,0,12.927,0.0,14.928,0.0,265.569,0.0,07:00,18:35,315.83,2026-04-01,2027-03-31,dated_calendar_applied,data/raw/gtfs/current/toyamacity__fuchucommunitybus__current.zip,dea887e59742eda60211bd66f8cb372ed751831730e10253b85a658e12c10654
1df912b2bac6ca04,富山市|city.toyama.lg.jp,富山市,4230001000047,https://www.city.toyama.lg.jp/shisei/machizukuri/1015396/1010291/1015788/1010292/1006264.html,富山市,toyamacity,oyamacommunitybus,大山コミュニティバス,富山県,8,53,68,2,3,current,293,242,51,30.598,9.808,12.146,4.038,251.574,81.135,06:53,18:33,309.64,2026-04-01,2027-03-31,dated_calendar_applied,data/raw/gtfs/current/toyamacity__oyamacommunitybus__current.zip,cca0661f8f39d867308233d37844a798eecb63a2b7eebadf753bd8db5f01633e
ff18d3979a4fc5f2,富山市|siminplaza.co.jp,富山市,7230001002032,http://www.siminplaza.co.jp/maidohaya,富山市,toyamacity,maidohayabus,まいどはやバス,富山県,2,42,70,1,3,current,365,261,104,42.0,42.0,42.0,42.0,403.952,403.952,09:00,20:00,30.0,2026-04-01,2027-03-31,dated_calendar_applied,data/raw/gtfs/current/toyamacity__maidohayabus__current.zip,5d273f956ac110249909e9c01dc1cb51ac63e8577f76f64db7fc11e036749b82
3020e137d1fbebb7,堀川南地域コミュニティバス運行事業推進協議会|city.toyama.lg.jp,堀川南地域コミュニティバス運行事業推進協議会,9000020162019,https://www.city.toyama.lg.jp/kurashi/road/1010282/1010291/1015788/1010292/1006319.html,富山市,toyamacity,horikawaminamicommunitybus,堀川南地域コミュニティバス,富山県,2,8,30,1,3,current,245,245,0,7.51,0.0,4.521,0.0,53.299,0.0,06:50,17:31,183.0,2026-04-01,2027-03-31,dated_calendar_applied,data/raw/gtfs/current/toyamacity__horikawaminamicommunitybus__current.zip,f43c00f69f3504bbf64cbf8ee682c1437e6e45e975f4a6deb54d4738b6c45f7d
1df912b2bac6ca04,富山市|city.toyama.lg.jp,富山市,9000020162019,https://www.city.toyama.lg.jp/shisei/machizukuri/1015396/1010291/1015788/1010292/1016993.html,富山市,toyamacity,yatsuocommunitybus,八尾コミュニティバス,富山県,26,87,153,5,3,current,340,244,96,78.387,42.122,34.111,19.371,749.066,427.739,06:38,19:09,168.6,2026-04-20,2027-03-31,dated_calendar_applied,data/raw/gtfs/current/toyamacity__yatsuocommunitybus__current.zip,36f420d7ebdd7cb24873170cf4776137a4b2c4a393a147581c19f0a92d90bdc1
965a5a0626110439,まちづくり公社呉羽|shokoren-toyama.or.jp,有限会社まちづくり公社呉羽,8230002005561,https://www.shokoren-toyama.or.jp/~kureha/bus/,富山市,toyamacity,kurehaikiikibus,呉羽いきいきバス,富山県,7,22,83,3,3,current,297,245,52,20.651,7.0,21.308,7.475,387.64,135.037,07:12,19:55,111.85,2026-04-01,2027-03-31,dated_calendar_applied,data/raw/gtfs/current/toyamacity__kurehaikiikibus__current.zip,3e85dbe28c85fbd6d066e060a435acab7f09dc8c910f528ee42b384da97ff243
9b32b843b06b34c2,魚津市|city.uozu.toyama.jp,魚津市,90000020162043,https://www.city.uozu.toyama.jp/guide/svGuideDtl.aspx?servno=23285,魚津市,uozucity,junkai,魚津市民バス,富山県,10,94,315,6,3,current,343,242,101,80.046,49.865,52.96,34.346,933.807,587.058,06:45,18:59,101.41,2026-04-02,2027-03-31,dated_calendar_applied,data/raw/gtfs/current/uozucity__junkai__current.zip,6c2444a261a8c4f415344ab1c404335d1f2ddac80cd72b68b5cc2664b0a08a0c
a58bddec65d6e101,白山市コミュニティバス「めぐーる」|city.hakusan.lg.jp,白山市コミュニティバス「めぐーる」,6000020172103,https://www.city.hakusan.lg.jp/machi/kotsu/1007749/index.html,白山市,hakusancity,hakusan_bus_meguru,白山市コミュニティバス「めぐーる」,石川県,21,208,335,10,3,current,296,245,51,116.621,35.817,67.225,26.204,1200.211,419.328,06:48,19:20,119.21,2026-03-16,2027-03-15,dated_calendar_applied,data/raw/gtfs/current/hakusancity__hakusan_bus_meguru__current.zip,ea1a0108c4a7f24215aa1b3811a267d85abf9777a356b8c7b3ff857edbcae740
3307aa9f49e73586,小松市|city.komatsu.lg.jp,小松市,3000020172031,https://www.city.komatsu.lg.jp/soshiki/1985/rosenbasu/2/index.html,小松市,komatsucity,kibagatasen,木場潟線,石川県,1,6,27,2,3,current,365,261,104,5.935,5.01,4.143,3.573,97.764,86.991,09:00,16:42,89.78,2025-10-01,2026-09-30,dated_calendar_applied,data/raw/gtfs/current/komatsucity__kibagatasen__current.zip,a2b341b379692b8002eb29168420742a1ee197fb621ebd87ee57dd7e22027851
3307aa9f49e73586,小松市|city.komatsu.lg.jp,小松市,3000020172031,https://www.city.komatsu.lg.jp/soshiki/1985/rosenbasu/2/index.html,小松市,komatsucity,blue,市内循環線北コース,石川県,1,8,48,1,3,current,379,273,106,5.557,5.436,5.314,5.198,73.189,71.591,07:40,19:00,89.29,2025-09-29,2027-03-31,dated_calendar_applied,data/raw/gtfs/current/komatsucity__blue__current.zip,badbd6c4c50dd66f10368e9cedb830b60d8ac2a0e9f8a0dfd0ab71a977bd50a0
3307aa9f49e73586,小松市|city.komatsu.lg.jp,小松市,3000020172031,https://www.city.komatsu.lg.jp/soshiki/1985/rosenbasu/2/index.html,小松市,komatsucity,orange,市内循環線南コース,石川県,1,8,52,1,3,current,379,273,106,5.557,5.436,4.92,4.813,81.113,79.342,07:35,18:15,85.0,2025-09-29,2027-03-31,dated_calendar_applied,data/raw/gtfs/current/komatsucity__orange__current.zip,8ab98cde5a74133cf25a097d02f664d8d3deb5af6f2e5bf19807ab56f6c9dd35
e7db52639c0167c9,野々市市|city.nonoichi.lg.jp,野々市市,5000020172120,https://www.city.nonoichi.lg.jp/site/bus/268.html,野々市市,nonoichicity,communitybus,コミュニティバス,石川県,5,155,147,4,3,current,419,299,120,70.38,66.417,56.945,53.659,687.441,649.489,06:30,20:45,59.22,2026-02-05,2027-03-31,dated_calendar_applied,data/raw/gtfs/current/nonoichicity__communitybus__current.zip,4ca295c9d10804f7503dbb42b28070ac707aabe0e7a5639824249dfe0acd0e40
3d6dd8baa0da646c,内灘町|town.uchinada.lg.jp,内灘町,3000020173657,https://www.town.uchinada.lg.jp/soshiki/kikaku/2079.html,内灘町,uchinadatown,communitybus,コミュニティバス,石川県,6,38,125,2,3,current,407,291,116,36.714,26.0,31.078,28.117,479.736,408.717,06:10,20:12,98.51,2025-11-17,2026-12-31,dated_calendar_applied,data/raw/gtfs/current/uchinadatown__communitybus__current.zip,ba0350985310823d0821dcccd793b337e3280809bcbfb537d67e176cff49f392
e60f9a53892db2a8,市川三郷町|town.ichikawamisato.yamanashi.jp,市川三郷町,7000020193461_1,https://www.town.ichikawamisato.yamanashi.jp/,市川三郷町,ichikawamisatotown,ichikawamisatobus,市川三郷町コミュニティバス,山梨県,3,21,59,5,3,current,241,241,0,12.41,0.0,6.717,0.0,111.544,0.0,07:06,17:37,69.55,2026-04-01,2027-03-31,dated_calendar_applied,data/raw/gtfs/current/ichikawamisatotown__ichikawamisatobus__current.zip,cd5e9ce28567b56312f71d3abb4f705bc6d487ccdbf074f0436bfe4fb972de0b
71278f569f06a48b,甲斐市|city.kai.yamanashi.jp,甲斐市,3000020192104_1,https://www.city.kai.yamanashi.jp/kurashi_tetsuduki/kotsu/3345.html,甲斐市,kaicity,kaicitybus,甲斐市民バス,山梨県,7,25,166,7,3,current,537,384,153,7.188,7.821,5.728,5.627,92.822,88.077,07:25,17:28,137.66,2025-09-29,2027-03-31,dated_calendar_applied,data/raw/gtfs/current/kaicity__kaicitybus__current.zip,86109cdd3921172f89508eab18752bbc95ad593ab1cf9c5e4cbb24376f72df98
586577078076c7e7,小菅村役場|vill.kosuge.yamanashi.jp,小菅村役場,194425,http://www.vill.kosuge.yamanashi.jp/,小菅村,kosugevillage,kosugesoneibus,小菅村営バス,山梨県,4,4,26,1,3,current,241,241,0,3.693,0.0,2.262,0.0,44.893,0.0,07:35,10:11,,2026-04-01,2027-03-31,dated_calendar_applied,data/raw/gtfs/current/kosugevillage__kosugesoneibus__current.zip,3b867c4dc71a2443341420a46f5d976f131e4c5e6d0ab04e2abeea063dc4bb08
e7de62023c0f0d35,北杜市|city.hokuto.yamanashi.jp,北杜市,7000020192091_1,https://www.city.hokuto.yamanashi.jp/,北杜市,yamanashi-hokutocity,hokuto-bus,北杜市民バス,山梨県,11,78,205,5,3,current,362,260,102,69.333,32.365,52.958,26.644,1170.663,604.494,06:20,19:31,172.73,2026-04-01,2027-03-31,dated_calendar_applied,data/raw/gtfs/current/yamanashi-hokutocity__hokuto-bus__current.zip,70412fde4330d66e0f65748ae1b83d8153296a89e1c0864870d227e6ebc12892
4306c8f8c24de225,南部町|town.nanbu.yamanashi.jp,南部町,9000020193666_1,https://www.town.nanbu.yamanashi.jp/,南部町,yamanashi-nanbutown,nanbucyoueibasu,南部町営バス,山梨県,7,47,117,2,3,current,145,120,25,14.351,6.25,8.59,3.635,185.45,79.545,06:00,18:41,117.36,2025-09-29,2027-03-31,dated_calendar_applied,data/raw/gtfs/current/yamanashi-nanbutown__nanbucyoueibasu__current.zip,91eb3db841460386b69447d0230b1fcb2da005e94dd7351e369672a18a95fa09
456dc643b0d57b15,上松町|town.agematsu.nagano.jp,上松町,8000020204226,https://www.town.agematsu.nagano.jp/kurashi/sumai_seikatsu/koukyoukoutu/communitybus.html,上松町,agematsutown,agematu,上松町公共交通,長野県,3,16,40,6,3,current,289,251,38,6.659,2.923,3.309,2.192,68.991,50.478,07:00,17:10,183.15,2026-07-02,2027-07-01,dated_calendar_applied,data/raw/gtfs/current/agematsutown__agematu__current.zip,99734b8dba4206c54ae4803c1aa8f85f16093d7029721faa9d97b003a914e73c
33c6ae00789f0c3f,青木村|vill.aoki.nagano.jp,青木村,8000020203491,https://www.vill.aoki.nagano.jp/buss.html,青木村,aokivillage,aokisoneibus,青木村営バス,長野県,6,15,99,1,3,current,241,241,0,13.851,0.0,6.925,0.0,154.816,0.0,07:15,20:47,179.11,2026-08-20,2027-08-19,dated_calendar_applied,data/raw/gtfs/current/aokivillage__aokisoneibus__current.zip,ab91419c85abc5573076d91ce938e20a9255d9d4f642042209c193109c52d79d
19e4ec09ca0d3855,千曲バス|chikuma-bus.com,千曲バス株式会社,6100001007813,https://chikuma-bus.com,千曲バス株式会社,chikuma-bus,rosenbus,路線バス,長野県,11,310,407,10,3,current,365,261,104,94.487,47.077,90.602,51.315,1744.522,1027.354,06:21,20:42,132.46,2026-04-01,2027-03-31,dated_calendar_applied,data/raw/gtfs/current/chikuma-bus__rosenbus__current.zip,f535a627a7ec92023b468e69c4e6e4c5193c6533f50957aee299932db541ceff
d6788b7763d30b47,千曲市|city.chikuma.lg.jp,千曲市,2000020202185,https://www.city.chikuma.lg.jp/soshiki/sogoseisaku/doro_kotsu/1/9427.html,千曲市,chikumacity,chikumajunkanbus,千曲市循環バス,長野県,9,130,270,10,3,current,197,153,44,57.739,17.29,46.075,16.046,851.619,293.947,06:18,19:00,109.93,2026-08-25,2027-03-31,dated_calendar_applied,data/raw/gtfs/current/chikumacity__chikumajunkanbus__current.zip,b62f2b581e5c4eaf34f7490384b53bbb8ac7a58ee43126c3f63cb2692ba9ed91
f21366995d3e06ad,飯山市|city.iiyama.nagano.jp,飯山市,4000020202134,https://www.city.iiyama.nagano.jp/soshiki/kikakuzaisei/54359/public_traffic/bus-all.htm,飯山市,iiyamacity,nanohanabus,菜の花バス市街地循環線,長野県,1,6,39,1,3,current,226,226,0,5.512,0.0,4.716,0.0,68.084,0.0,08:20,15:31,74.0,2026-04-22,2027-03-31,dated_calendar_applied,data/raw/gtfs/current/iiyamacity__nanohanabus__current.zip,1de05bb2f87aebfc5458ef469f1542cadbb11a25842e7412d0c505a2d15bd56f
7e2c638ff98684bf,軽井沢町|town.karuizawa.lg.jp,軽井沢町,8000020203211,https://www.town.karuizawa.lg.jp/page/16121.html,軽井沢町,karuizawatown,junkan-bus,軽井沢町町内循環バス,長野県,3,59,133,7,3,current,239,171,68,34.602,32.0,26.688,25.05,497.365,470.458,07:03,19:15,63.1,2026-08-05,2027-03-31,dated_calendar_applied,data/raw/gtfs/current/karuizawatown__junkan-bus__current.zip,b86b6ab058c0acc5286971447a1c3318b375ba32d79f6986ed66e08f7cd6aa2f
280868a7f60dfdeb,木曽広域連合|kisoji.com,木曽広域連合,3000020209279,https://www.kisoji.com/chiikishinko/kiso-bus/index.html,木曽広域連合,kisokoikirengo,kiso-bus,きそバス,長野県,7,87,295,4,3,current,365,261,104,81.019,50.0,66.611,42.2,1783.883,1129.822,06:24,20:34,70.29,2026-08-19,2027-08-18,dated_calendar_applied,data/raw/gtfs/current/kisokoikirengo__kiso-bus__current.zip,4370bbd9a7c1b9472e018c662bc33eca2821372bf1aa4fe07c5564ab0cb273a2
c948f6cd0c1f0606,木曽町|town-kiso.com,木曽町,1000020204323,https://www.town-kiso.com/kurashi/douro/100071/101231/,木曽町,kisotown,kisotown,木曽町公共交通,長野県,2,22,172,5,3,current,365,261,104,9.249,6.423,8.322,6.095,150.607,120.259,08:00,18:05,81.13,2026-07-01,2027-06-30,dated_calendar_applied,data/raw/gtfs/current/kisotown__kisotown__current.zip,450bb99f1454a96a9249a20034fe93cf14b2024aee7c9183740c26e1b0d912c8
4135578df6b610d2,木祖村|vill.kiso.nagano.jp,木祖村,7000020204251,https://www.vill.kiso.nagano.jp/kurashi_joho/doro_kotsu/himawari_tanpopo_zikokuhyou.html,木祖村,kisovillage,kisovill,木祖村公共交通,長野県,1,40,42,7,3,current,401,287,114,24.916,8.105,10.986,4.037,204.283,78.803,06:15,18:59,59.68,2026-08-25,2027-09-29,dated_calendar_applied,data/raw/gtfs/current/kisovillage__kisovill__current.zip,fa0755987085fff869749186f6a0270f8b1ace6966dee13c4e51108903371dde
325beb17f5c6088f,草軽交通|kkkg.co.jp,草軽交通株式会社,1100001008411,http://www.kkkg.co.jp/,草軽交通株式会社,kusakarukotsu,kusakarubus,軽井沢草津長野原草津口バス,長野県,11,138,111,3,3,current,365,260,105,46.0,46.0,43.35,43.35,1162.808,1162.808,07:40,18:11,127.56,2026-08-01,2027-07-31,dated_calendar_applied,data/raw/gtfs/current/kusakarukotsu__kusakarubus__current.zip,371e18dedbf98b6aa2f8f41474a97821508232424b533ee11ccae78f2ab4ddb3
a0536955309b648e,松本市|city.matsumoto.nagano.jp,松本市,2000020202029	,https://www.city.matsumoto.nagano.jp/soshiki/222/3237.html,松本市,matsumotocity,guruttomatsumotobus2,地域連携バス,長野県,17,360,561,23,3,current,425,303,122,241.254,118.434,129.051,61.089,2163.824,765.369,06:10,20:36,84.26,2026-08-01,2027-09-29,dated_calendar_applied,data/raw/gtfs/current/matsumotocity__guruttomatsumotobus2__current.zip,c62b5a620919cf7c8f09bfa2da24b76c10f4106e184cbd5d641be03e2c241042
a0536955309b648e,松本市|city.matsumoto.nagano.jp,松本市,2000020202029,https://www.city.matsumoto.nagano.jp/soshiki/222/3237.html,松本市,matsumotocity,guruttomatsumotobus1,松本駅・バスターミナル発着バス,長野県,17,588,462,5,3,current,425,303,122,348.65,247.0,211.035,147.75,2945.842,2044.381,05:40,22:45,66.08,2026-08-01,2027-09-29,dated_calendar_applied,data/raw/gtfs/current/matsumotocity__guruttomatsumotobus1__current.zip,99f883aa7e1ca31835c10d8f30e493943594954869ded11484813bbed1dfce07
ec1254a3f6354514,飯田市|city.iida.lg.jp,飯田市,2000020202053,https://www.city.iida.lg.jp/soshiki/10/p0182.html,南信州地域交通問題協議会（南信州広域連合）,minamishinshu,Minamishinshu-Iidacity-1, 【飯田市】L1市民バス循環線/C2市民バス久堅線/C3市民バス千代線/C4市民バス三穂線/C5市民バス大休線/E2平岡線,長野県,7,44,284,4,3,current,220,157,63,30.266,10.952,22.994,8.766,377.498,131.101,07:05,18:54,288.9,2026-08-23,2027-03-31,dated_calendar_applied,data/raw/gtfs/current/minamishinshu__Minamishinshu-Iidacity-1__current.zip,900c02ba0c1f29d946f4bced8c629bc1b52d4779c50837af8fdc4ccdf5ec1f60
84f8236a11792f03,豊丘村|vill.nagano-toyooka.lg.jp,豊丘村,6000020204161,https://www.vill.nagano-toyooka.lg.jp/06bousai/04soneibus/index.html,南信州地域交通問題協議会（南信州広域連合）,minamishinshu,Minamishinshu-toyooka-1,【豊丘村】T3豊丘村村営バス堀越線/T4豊丘村村営バス佐原線/T5豊丘村村営バス福島線/T6豊丘村村営バス壬生沢福島線/T7豊丘村村営バス壬生沢線/T2豊丘村村営バス滝川阿島北県道線,長野県,6,30,114,1,3,current,242,242,0,27.816,0.0,13.027,0.0,227.756,0.0,06:41,16:49,106.69,2026-04-01,2027-03-31,dated_calendar_applied,data/raw/gtfs/current/minamishinshu__Minamishinshu-toyooka-1__current.zip,cddbdae6459f066b626a68e2aef489c3b653c5f106f511ec614dd218edb90bee
7dff30484d5d20c6,根羽村|nebamura.jp,根羽村,8000020204102,http://www.nebamura.jp/access/bus/,南信州地域交通問題協議会（南信州広域連合）,minamishinshu,Minamishinshu-seibu-1,【阿智村・根羽村・平谷村】W1　西部コミュニティバス,長野県,1,16,87,3,3,current,258,186,72,9.0,5.838,7.257,4.865,279.547,181.273,06:10,20:10,91.03,2026-07-15,2027-04-02,dated_calendar_applied,data/raw/gtfs/current/minamishinshu__Minamishinshu-seibu-1__current.zip,b07a3c74842ee96e57ab7436e1a1ee348351fe46a9825a9c4fc0bb5960d36e75
ec1254a3f6354514,飯田市|city.iida.lg.jp,飯田市,2000020202053,https://www.city.iida.lg.jp/soshiki/175/01412222.html,南信州地域交通問題協議会（南信州広域連合）,minamishinshu,Minamishinshu-iidacity-3,【飯田市】飯田☆中津川線,長野県,1,4,8,1,3,current,103,73,30,1.921,2.0,2.834,2.95,71.78,74.73,09:00,17:15,133.33,2026-09-01,2027-03-31,dated_calendar_applied,data/raw/gtfs/current/minamishinshu__Minamishinshu-iidacity-3__current.zip,125d00e6d32ac65fe88675acc7dd467a8fb719cca630ec7d78cebaf8b5deb22e
6d6497ac0a257cc6,伊那バス|ibgr.jp,伊那バス,7100001020617,https://www.ibgr.jp/general-route/,南信州地域交通問題協議会（南信州広域連合）,minamishinshu,Minamishinshu-Ooshika-1,【大鹿村】M1　大鹿線,長野県,1,11,34,4,3,current,364,260,104,8.659,5.481,7.354,4.751,183.652,118.001,06:10,20:50,120.4,2026-04-01,2027-03-31,dated_calendar_applied,data/raw/gtfs/current/minamishinshu__Minamishinshu-Ooshika-1__current.zip,ab4c606347e202ee9ae356b3ae5c3da505f24354928ac248966dbe6fafa8336b
ab0b0a7ec0089794,阿智村|vill.achi.lg.jp,阿智村,4000020204072,https://www.vill.achi.lg.jp/life/1/1/30/,南信州地域交通問題協議会（南信州広域連合）,minamishinshu,Minamishinshu-achi-1,【阿智村】W2巡回バス伍和線/W3巡回バス春日・智里線/W4巡回バス浪合線/W5巡回バス清内路線/W6巡回バス智里東線,長野県,5,35,162,7,3,current,292,241,51,24.931,13.212,21.231,11.195,465.663,247.104,06:55,18:14,159.61,2026-04-01,2027-03-31,dated_calendar_applied,data/raw/gtfs/current/minamishinshu__Minamishinshu-achi-1__current.zip,5040f76130607d8f2f44b9fd6cf1890e6bbda86fb8396b7cd7f9e7b6883ff7d3
5277faacc2db1403,松川町|town.matsukawa.lg.jp,松川町,6000020204021,https://www.town.matsukawa.lg.jp/soshikikarasagasu/machizukuriseisakuka/kikakutyouseikakari/linear_kokyokotsukakari/communitybus/657.html,南信州地域交通問題協議会（南信州広域連合）,minamishinshu,Minamishinshu-Matsukawa-1,【松川町】M3まつかわフルーツバス部奈線/M6 まつかわフルーツバス 上片桐・大島通学便/M7 まつかわフルーツバス 生田線,長野県,3,22,53,2,3,current,250,250,0,17.839,0.0,7.783,0.0,149.084,0.0,06:27,19:37,162.06,2026-03-16,2027-03-31,dated_calendar_applied,data/raw/gtfs/current/minamishinshu__Minamishinshu-Matsukawa-1__current.zip,2257e2f5c9a88f72e6ea319da8af69d86210c9b8a47cd3a5af7d4fd2f0daedfc
03b4a68a30e7783d,下伊那南部地域公共交通対策協議会|town.anan.nagano.jp,下伊那南部地域公共交通対策協議会,4000020204048,http://www.town.anan.nagano.jp/no_information/nanbu-bus/664/,南信州地域交通問題協議会（南信州広域連合）,minamishinshu,Minamishinshu-Nanbu-1,S0南部公共バス阿南線/S1南部公共バス温田線,長野県,3,32,145,3,3,current,241,241,0,28.625,0.0,19.602,0.0,551.344,0.0,05:59,20:15,92.62,2026-04-01,2027-03-31,dated_calendar_applied,data/raw/gtfs/current/minamishinshu__Minamishinshu-Nanbu-1__current.zip,def89d5dac2fa0d6cb71f07256277fdaaed04780e4bc8f2b7135e91c41539fd1
29d55dd7c1d68dde,高森町|town.nagano-takamori.lg.jp,高森町,5000020204030,https://www.town.nagano-takamori.lg.jp/docs/13287.html,南信州地域交通問題協議会（南信州広域連合）,minamishinshu,Minamishinshu-takamori-1,【高森町】K1 柿丸あったかバス山吹エリア/K2柿丸あったかバス市田エリア/K3おはようバス山吹回り/K4おはようバス市田回り,長野県,4,15,72,1,3,current,237,237,0,13.887,0.0,12.344,0.0,249.893,0.0,06:40,16:40,73.73,2026-04-08,2027-03-31,dated_calendar_applied,data/raw/gtfs/current/minamishinshu__Minamishinshu-takamori-1__current.zip,e664d4a5e7e83ac60f222d7726c7847d47277e1be360f4baa46a3dcb8053bef1
ec1254a3f6354514,飯田市|city.iida.lg.jp,飯田市,2000020202053,https://www.city.iida.lg.jp/soshiki/25/putti2025.html,南信州地域交通問題協議会（南信州広域連合）,minamishinshu,Minamishinshu-iida-2,電気小型バス「プッチー」（飯田市内）,長野県,1,24,9,2,3,current,93,19,74,1.687,16.278,0.379,3.663,2.328,22.469,09:00,17:28,21.42,2026-03-21,2027-03-31,dated_calendar_applied,data/raw/gtfs/current/minamishinshu__Minamishinshu-iida-2__current.zip,12c59c1ec0d17420422cea39a3a6b6a75e2727b8d3f2fc3d3e1c03b9c9b5ecc8
f06bc82ae6008e16,信南交通|shinnan.co.jp,信南交通,2100001022519,https://www.shinnan.co.jp/sb/index.html,南信州地域交通問題協議会（南信州広域連合）,minamishinshu,Minamishinshu-Shinnan-1,【信南交通㈱】W0駒場線/E0 阿島線/E1遠山郷線,長野県,8,94,288,4,3,current,364,260,104,51.264,21.308,43.276,17.449,987.485,416.486,06:30,20:40,211.69,2026-04-01,2027-03-31,dated_calendar_applied,data/raw/gtfs/current/minamishinshu__Minamishinshu-Shinnan-1__current.zip,38243860baebb53b729c616d728d1e7fdeb540eaed92a02bb99588301dadeaff
cc301ad9d1e06a3f,喬木村|vill.takagi.lg.jp,喬木村,600020204153,https://www.vill.takagi.lg.jp/doc/2023030700106/,南信州地域交通問題協議会（南信州広域連合）,minamishinshu,Minamishinshu-takagi-1,【喬木村】E3喬木大島線せせらぎ/E4氏乗線そよかぜ/E5 たかぎコミュニティバス阿島線/E6 たかぎコミュニティバス伊久間線/E7たかぎコミュニティバス厚生病院線/E8上平線/E9富田線,長野県,7,41,197,9,3,current,156,156,0,24.355,0.0,12.985,0.0,239.121,0.0,06:40,18:30,72.6,2026-04-23,2026-12-15,dated_calendar_applied,data/raw/gtfs/current/minamishinshu__Minamishinshu-takagi-1__current.zip,d25be324c80947aa112af9a1eb00f3ea5acb05ffc16726e758b3173f5908a1c9
4c768d4530768edc,長電バス|nagadenbus.co.jp,長電バス株式会社,5100001002583,https://www.nagadenbus.co.jp/,長電バス株式会社,nagadenbus,nagadenbus-iizuna,長電バス飯綱営業所管内,長野県,4,20,65,1,3,current,261,261,0,20.0,0.0,10.717,0.0,200.555,0.0,06:15,18:53,126.29,2026-04-15,2027-04-14,dated_calendar_applied,data/raw/gtfs/current/nagadenbus__nagadenbus-iizuna__current.zip,3d09f263025b6689707f21b924a1535d823a9fb18e121928db6386559a0ee9dd
4c768d4530768edc,長電バス|nagadenbus.co.jp,長電バス,5100001002583,https://www.nagadenbus.co.jp/,長電バス株式会社,nagadenbus,nagadenbus-exp,長電バス急行,長野県,6,75,135,10,3,current,242,174,68,57.828,54.618,50.576,49.38,1014.552,982.878,06:36,19:30,55.33,2026-04-07,2026-12-04,dated_calendar_applied,data/raw/gtfs/current/nagadenbus__nagadenbus-exp__current.zip,f52136a751da3be35b64ae282d462b5331d6c18b1afe4a02849733835689dc70
4c768d4530768edc,長電バス|nagadenbus.co.jp,長電バス株式会社,5100001002583,https://www.nagadenbus.co.jp/,長電バス株式会社,nagadenbus,nagadenbus-nakano,長電バス中野３路線,長野県,2,22,90,2,3,current,241,241,0,20.253,0.0,14.613,0.0,275.378,0.0,06:20,19:55,75.4,2026-04-15,2027-04-14,dated_calendar_applied,data/raw/gtfs/current/nagadenbus__nagadenbus-nakano__current.zip,63a49f7b1a399f1cf0a80ad8cbe15780fe8127b76d9fddcd400d8ba3f76b9bbf
4c768d4530768edc,長電バス|nagadenbus.co.jp,長電バス株式会社,5100001002583,https://www.nagadenbus.co.jp/,長電バス株式会社,nagadenbus,nagadenbus-nagano,長電バス長野営業所管内,長野県,13,752,420,5,3,current,365,261,104,346.851,198.721,225.109,118.11,3097.155,1693.1,05:50,22:57,48.5,2026-03-30,2027-03-29,dated_calendar_applied,data/raw/gtfs/current/nagadenbus__nagadenbus-nagano__current.zip,0d178e412fe652a507d4745163e88b44b221fe3f20e9d18340d3616306090584
4c768d4530768edc,長電バス|nagadenbus.co.jp,長電バス株式会社,5100001002583,https://www.nagadenbus.co.jp/,長電バス株式会社,nagadenbus,obuse-romango,おぶせロマン号,長野県,1,38,7,5,3,current,149,87,62,6.252,21.21,5.596,16.372,36.34,125.505,09:00,16:44,39.82,2026-04-25,2026-11-23,dated_calendar_applied,data/raw/gtfs/current/nagadenbus__obuse-romango__current.zip,473832db72e3eb95bb72f194e7713bf33e81faf81a3af6e81cb03338330edf3f
f9da7e40b6de3c85,池田町|ikedamachi.net,池田町,9000020204811,https://www.ikedamachi.net/0000000294.html,池田町,nagano-ikedatown,IkedaTownBus,池田町営バス,長野県,5,66,118,5,3,current,295,243,52,54.513,14.226,24.65,4.742,682.166,145.261,06:40,19:08,65.61,2026-03-14,2027-03-17,dated_calendar_applied,data/raw/gtfs/current/nagano-ikedatown__IkedaTownBus__current.zip,fc84d2f56c221ba4ac000a3763835c6d558e8ff2e3e6debb4f9b856ec80035f5
316fca9973bd4cc2,川上村|vill.kawakami.nagano.jp,川上村,4000020203041,http://www.vill.kawakami.nagano.jp/www/contents/1001000000010/index.html,川上村,nagano-kawakamivillage,kawakamibus,川上村営バス,長野県,1,40,44,9,3,current,373,267,106,16.843,14.906,9.803,8.121,287.035,243.548,06:10,21:27,57.49,2026-03-24,2027-03-31,dated_calendar_applied,data/raw/gtfs/current/nagano-kawakamivillage__kawakamibus__current.zip,f8348d1e4c0ade3615e51bd9368939735e530f2371b62ddbf9f3deea760ea8a7
4a30fed82cad514c,長野市|city.nagano.nagano.jp,長野市,3000020202011,https://www.city.nagano.nagano.jp/kotsu/menu/2/1/index.html,長野市,naganocity,shiei_noriaibus,長野市営バス・乗合タクシー,長野県,24,261,931,7,3,current,365,261,104,220.234,15.0,138.96,7.083,2691.38,59.649,06:30,21:10,65.12,2026-04-01,2027-03-31,dated_calendar_applied,data/raw/gtfs/current/naganocity__shiei_noriaibus__current.zip,2ef3073eb1e9a0fe9eff78db8144ce4441131bcb7496eb389810099096f7da38
f26bbc90dee92ad3,南木曽町|town.nagiso.nagano.jp,南木曽町,8000020204234,http://www.town.nagiso.nagano.jp/gennkinamatidukuri/tiikisinnkoukyougikai/busdia.html,南木曽町,nagisotown,communitybus,南木曽町地域バス,長野県,3,32,60,5,3,current,365,261,104,29.199,29.231,12.195,12.136,243.701,243.492,07:15,18:43,55.97,2026-04-01,2027-03-31,dated_calendar_applied,data/raw/gtfs/current/nagisotown__communitybus__current.zip,63277e3e6df742b51184c828e6e0efd0bd172d91ebca2aa91970eea1e0766112
f6aa534fe33840cb,大桑村|vill.okuwa.lg.jp,大桑村,1000020204307,https://www.vill.okuwa.lg.jp/kurashi/kotsu/kuwachanbus-taxi.html,大桑村,okuwavillage,kuwachan-bus,くわちゃんバス,長野県,2,5,71,1,3,current,244,244,0,4.674,0.0,4.674,0.0,102.153,0.0,07:15,16:40,306.75,2026-01-23,2027-01-22,dated_calendar_applied,data/raw/gtfs/current/okuwavillage__kuwachan-bus__current.zip,0c3e81a9d1c8437ab8dbd5812bc4119473ba2f3489c949e79c3380626e6cb35d
6213f4c061a2ae7f,大町市|city.omachi.nagano.jp,大町市,4000020202126,https://www.city.omachi.nagano.jp/00003000/00042000/tokkyuubasutouki_3.html,大町市,omachicity,omachiraicholiner,特急バス「雷鳥ライナー」,長野県,1,6,15,1,3,current,23,17,6,0.564,0.5,0.786,0.697,25.184,22.345,09:15,20:59,127.0,2026-03-23,2026-11-30,dated_calendar_applied,data/raw/gtfs/current/omachicity__omachiraicholiner__current.zip,c7caf8166d91b70582ea037a96e349b21d38f07f8d776bc6befc275092542932
6213f4c061a2ae7f,大町市|city.omachi.nagano.jp,大町市,4000020202126,https://www.city.omachi.nagano.jp/00003000/00042000/fureai_2.html,大町市,omachicity,omachisiminbus,大町市民バス,長野県,11,98,469,5,3,current,241,241,0,84.027,0.0,63.988,0.0,1398.613,0.0,06:20,19:53,99.98,2026-04-01,2027-03-31,dated_calendar_applied,data/raw/gtfs/current/omachicity__omachisiminbus__current.zip,e0f81bddf9491f818d358fc631810d1d4c0d08717ad4ca60400ceaca8fce4912
94ad68ce99c4b0c6,王滝村|vill.otaki.nagano.jp,王滝村,6000020204293,https://www.vill.otaki.nagano.jp/kurashi/basu_tanohara.html,王滝村,otakivillage,otaki-village,王滝村,長野県,1,4,29,1,3,current,44,12,32,0.216,1.455,0.27,1.818,5.591,37.61,08:40,17:05,143.33,2026-05-26,2027-03-31,dated_calendar_applied,data/raw/gtfs/current/otakivillage__otaki-village__current.zip,8a4d0cc93e13002ca00867ad0c0a44c15ca5371eb4df65c72ab8dbc86f4aaec7
098ab9bf279f9094,塩尻市|city.shiojiri.lg.jp,塩尻市,3000020202151,https://www.city.shiojiri.lg.jp/soshiki/33/3119.html,塩尻市,shiojiricity,suteppukunn,塩尻市地域振興バス「すてっぷくん」,長野県,8,75,363,8,3,current,542,388,154,38.844,27.641,33.394,26.613,691.786,551.053,06:49,18:54,192.27,2026-04-01,2027-09-29,dated_calendar_applied,data/raw/gtfs/current/shiojiricity__suteppukunn__current.zip,9a0eeb6321c7ec9067975c46a0c3c0254f1861a6bbc90425377bab402f4749c6
07a038f861ab47c9,諏訪市|city.suwa.lg.jp,諏訪市,2000020202061,https://www.city.suwa.lg.jp/site/bus/38613.html#sp_headline_0,諏訪市,suwacity,karinchanbas,かりんちゃんバス,長野県,5,25,169,2,3,current,363,261,102,23.989,13.731,27.044,16.461,420.436,238.581,06:26,20:11,213.06,2026-04-01,2027-03-31,dated_calendar_applied,data/raw/gtfs/current/suwacity__karinchanbas__current.zip,098df2d5291084e78acd2830623571d2db7c93eb688c6185e45879d4681c8f10
dd48f912e29313b2,須坂市|city.suzaka.nagano.jp,須坂市,1000020202070,https://www.city.suzaka.nagano.jp/kurashi_tetsuzuki/kotsu_doro_kasen/2/2549.html,須坂市,suzakicity,suzakashiminbus,すざか市民バス,長野県,29,71,172,6,3,current,270,194,76,61.887,41.421,33.593,22.29,531.532,365.949,06:25,20:42,119.36,2026-08-04,2027-04-30,dated_calendar_applied,data/raw/gtfs/current/suzakicity__suzakashiminbus__current.zip,4c6fb03c8d16dac820de44df7bedd631c5c19a50f59b3cb5a6620085ed22926c
f49d08bde3350dcc,東信観光バス|t-k-bus.com,東信観光バス,3100001007485,https://t-k-bus.com/,東信観光バス株式会社,toshinkanko-bus,rosenbus,路線バス,長野県,2,41,79,4,3,current,365,261,104,25.736,12.0,12.264,5.9,302.088,154.348,06:42,19:10,56.39,2026-04-01,2027-03-31,dated_calendar_applied,data/raw/gtfs/current/toshinkanko-bus__rosenbus__current.zip,6458917a7f54b55ab6f80561936066556c4e563153bc22c7de29f14549745ea0
b2627c72a60b05d5,上田市|city.ueda.nagano.jp,上田市,2000020202037,https://www.city.ueda.nagano.jp/soshiki/kotu/1837.html,上田市,uedacity,uedashigaitizyunkanbus,上田市街地循環バス・オレンジバス,長野県,8,35,324,8,3,current,220,182,38,20.482,9.342,16.192,7.59,237.59,114.178,07:40,18:00,205.45,2026-07-06,2027-03-31,dated_calendar_applied,data/raw/gtfs/current/uedacity__uedashigaitizyunkanbus__current.zip,9c63d8bf176a090122ee8d40fd6577c46e7590c3a9799f5c9bb428d8a1646c6b
25ec70a07da2e36f,恵那市|city.ena.lg.jp,恵那市,8000020212105,https://www.city.ena.lg.jp/kurashi_tetsuzuki/kotsu_chushajo/kokyokotsukikan/index.html,恵那市,enacity,communitybus,恵那市自主運行バス（コミュニティバス）,岐阜県,23,222,363,9,3,current,261,187,74,154.798,40.486,79.264,23.132,1756.357,507.417,05:48,20:46,139.74,2026-07-13,2027-03-31,dated_calendar_applied,data/raw/gtfs/current/enacity__communitybus__current.zip,f705e2d8983bf83a7f6cb2a37f69c80ed5711d821a965b95407b7bce02e29869
96168af835554220,下呂市|city.gero.lg.jp,下呂市,1000020212202,https://www.city.gero.lg.jp/soshiki/8/21022.html,下呂市,gerocity,gerobus,下呂市　げろバス,岐阜県,7,70,188,7,3,current,234,168,66,45.213,19.412,30.474,15.66,784.368,401.549,06:40,19:35,161.32,2026-08-07,2027-03-31,dated_calendar_applied,data/raw/gtfs/current/gerocity__gerobus__current.zip,8c306cad39da27331a08e68144868777afa5468ff685975eae532b9d48de3797
cd9a63cb830d4a60,山県市|city.yamagata.gifu.jp,山県市,6000020212156,https://www.city.yamagata.gifu.jp/soshiki/kikaku/22812.html,山県市,gifu-yamagatacity,communitybus,山県市自主運行バス,岐阜県,3,46,136,7,3,current,365,261,104,19.985,14.0,14.649,3.983,277.037,90.198,06:10,19:07,74.32,2026-04-01,2027-03-31,dated_calendar_applied,data/raw/gtfs/current/gifu-yamagatacity__communitybus__current.zip,0f55602b6ed4f93ba769774c51ca0f661c4abb84551daea252c8c9fb9def04b7
b5c001fa617bb737,岐阜市|city.gifu.lg.jp,岐阜市,6000020212016,https://www.city.gifu.lg.jp/kurashi/douro/1002587/1002595/1002598.html,岐阜市,gifucity,communitybus,岐阜市コミュニティバス,岐阜県,20,201,1032,7,3,current,365,261,104,190.352,145.0,142.107,104.742,1887.524,1346.384,07:13,19:48,62.62,2026-09-01,2027-08-31,dated_calendar_applied,data/raw/gtfs/current/gifucity__communitybus__current.zip,f6a5ff80a38fe6cbd8c35da424719f665d40bde5b50956dd2c2a417b9d710ad9
d8463c7ceeb20f70,郡上市|city.gujo.gifu.jp,郡上市,4000020212199,https://www.city.gujo.gifu.jp/life/servicebus/,郡上市,gujocity,citybus,郡上市自主運行バス,岐阜県,18,115,500,18,3,current,228,164,64,63.488,16.485,40.287,13.737,802.789,178.29,06:54,18:24,151.98,2026-08-12,2027-03-31,dated_calendar_applied,data/raw/gtfs/current/gujocity__citybus__current.zip,35d3530d46661af55e0ab81835bbaddb1fa2ee3097b9c536173695b0c2c83882
c6458b2b6be0d781,八幡観光バス|8kan.net,八幡観光バス,3200002027935,https://8kan.net/bus/index.html,八幡観光バス,hachikanbus,hachimanbus,八幡バス,岐阜県,2,59,132,5,3,current,254,182,72,25.484,14.833,21.034,11.711,577.677,326.846,05:45,21:07,89.27,2026-07-21,2027-03-31,dated_calendar_applied,data/raw/gtfs/current/hachikanbus__hachimanbus__current.zip,67dc5be730d925cc4cd634b6bf9db5a62aa8faf37f68bbb921acdbe05106826b
439663fbdf09ee90,羽島市|city.hashima.lg.jp,羽島市,4000020212091,https://www.city.hashima.lg.jp/4043.html,羽島市,hashimacity,HashimaCityCommunityBus,羽島市コミュニティバス,岐阜県,5,136,102,4,3,current,383,273,110,70.484,42.764,42.549,24.707,808.503,472.501,05:40,23:27,70.93,2026-03-14,2027-03-31,dated_calendar_applied,data/raw/gtfs/current/hashimacity__HashimaCityCommunityBus__current.zip,d8f4959596ff57c814a31887fa8bf92db8130699dd03853514d15d4e58fe9851
d23803d6d1fe6f62,七宗町|hichiso.jp,七宗町,9000020215040,https://www.hichiso.jp/top/life/kurasi/bus/,七宗町,hichisotown,choeibus,七宗町営バス,岐阜県,3,46,62,3,3,current,292,241,51,36.011,9.808,16.821,5.255,413.115,128.751,05:45,20:04,54.89,2026-04-01,2027-03-31,dated_calendar_applied,data/raw/gtfs/current/hichisotown__choeibus__current.zip,2047e7b3c4c7e5072bf06339ce76ae629d40cffaab7a5e250e3b779d8ba8aaea
b962df4999d8f8dc,飛騨市|city.hida.gifu.jp,飛騨市,6000020212172,https://www.city.hida.gifu.jp/site/koukyoukoutsuu/,飛騨市,hidacity,communitybus,飛騨市営バス「ひだまる」,岐阜県,16,109,211,9,3,current,183,131,52,83.916,15.0,62.759,14.783,1295.603,278.019,06:04,19:19,140.68,2026-04-01,2026-09-30,dated_calendar_applied,data/raw/gtfs/current/hidacity__communitybus__current.zip,b3433f4256115f3c529d7d293746ec2dbc26949a3c92ff87fa5dae4b65e45f00
f9f3684ad7886330,揖斐川町|town.ibigawa.lg.jp,揖斐川町,8000020214019,https://www.town.ibigawa.lg.jp/page/2080.html,揖斐川町,ibigawatown,communitybus,揖斐川町ふれあいバス,岐阜県,17,121,174,8,3,current,436,312,124,65.176,35.0,29.683,18.983,664.551,447.52,06:24,19:19,106.72,2026-07-21,2027-09-29,dated_calendar_applied,data/raw/gtfs/current/ibigawatown__communitybus__current.zip,0287792f4d1f75a470314cdb903ad7c8762a5a5dc9a14902cac2ea7623248a80
f1395a6ac8895127,海津市|city.kaizu.lg.jp,海津市,9000020212211,https://www.city.kaizu.lg.jp/kurashi/category/1-5-5-1-0-0-0-0-0-0.html,海津市,kaizucity,communitybus,海津市コミュニティバス,岐阜県,5,146,55,5,3,current,365,261,104,87.042,50.308,43.517,32.872,967.553,740.527,05:45,22:35,50.31,2026-04-01,2027-03-31,dated_calendar_applied,data/raw/gtfs/current/kaizucity__communitybus__current.zip,d924f688cd9c7a6e53c8d1ebd5acf0af871fe26748b3f409a71789277a48dc3d
830174a793bbacbc,可児市|city.kani.lg.jp,可児市,6000020212148,https://www.city.kani.lg.jp/4736.htm,可児市,kanicity,satsukibus,さつきバス,岐阜県,9,98,114,2,3,current,325,268,57,45.283,24.078,25.629,13.628,376.917,200.413,07:35,19:08,119.83,2026-02-19,2027-03-31,dated_calendar_applied,data/raw/gtfs/current/kanicity__satsukibus__current.zip,36d651cb1e905d06f88c0657762895513bc872d4f411895135173be5adbc7b7b
d9fd5b3e31a7f46a,笠松町|town.kasamatsu.gifu.jp,笠松町,6000020213039,https://www.town.kasamatsu.gifu.jp/docs/2013022800051/,笠松町,kasamatsutown,communitybus,笠松町公共施設巡回町民バス,岐阜県,1,32,71,2,3,current,365,261,104,20.989,9.811,19.396,9.566,304.769,150.236,06:35,19:20,71.42,2026-09-24,2027-09-29,dated_calendar_applied,data/raw/gtfs/current/kasamatsutown__communitybus__current.zip,e83aa1b9feefb7707d80877c118c28664b2d64759cde7e75f9b7ae74a5879e2c
3b1f66c6c0289772,北恵那交通|kitaena.co.jp,北恵那交通株式会社,3200001023316,https://www.kitaena.co.jp/,北恵那交通,kitaena,kitaena,北恵那交通,岐阜県,15,357,315,6,3,current,181,130,51,175.138,121.431,86.521,61.432,2131.366,1569.239,06:05,21:45,85.7,2026-09-14,2027-03-13,dated_calendar_applied,data/raw/gtfs/current/kitaena__kitaena__current.zip,e8d73cd9c3ab48866325f1949e887507455e7a97a4498f4c0bfd550651944637
5b34520d555eef80,岐阜県美濃加茂市|aiai-bus.com,岐阜県美濃加茂市,8000020212113,https://aiai-bus.com/,美濃加茂市,minokamocity,communitybus,美濃加茂市コミュニティバス「あい愛バス」,岐阜県,9,127,244,7,3,current,183,131,52,104.0,104.0,81.837,82.167,1434.093,1438.473,05:56,21:10,82.92,2026-04-01,2026-09-30,dated_calendar_applied,data/raw/gtfs/current/minokamocity__communitybus__current.zip,64e4034dc955a988387636f91dcb31e9820778e66d2b7c3bc4e56932eb9737af
955fab470fe82245,御嵩町|town.mitake.lg.jp,御嵩町,4000020215210,https://www.town.mitake.lg.jp/portal/life-process/land-park-road-traffic/traffic/post0009749/,御嵩町,mitaketown,communitybus,御嵩町コミュニティバス「ふれあいバス」,岐阜県,2,17,31,1,3,current,239,239,0,15.748,0.0,8.013,0.0,124.513,0.0,06:31,20:09,77.65,2026-05-20,2027-05-14,dated_calendar_applied,data/raw/gtfs/current/mitaketown__communitybus__current.zip,42afa8f791359f388ae77e784169801cf8fd3af41407c9c7a83e75ee30d5012a
a2c87d36f392ed2f,瑞浪市|city.mizunami.lg.jp,瑞浪市,4000020212083,https://www.city.mizunami.lg.jp/kurashi/koutsu/1004598/1001556.html,瑞浪市,mizunamicity,communitybus,瑞浪市コミュニティバス,岐阜県,9,33,202,3,3,current,257,185,72,29.537,7.784,18.611,4.768,378.314,86.124,07:00,18:30,200.13,2026-07-13,2027-03-31,dated_calendar_applied,data/raw/gtfs/current/mizunamicity__communitybus__current.zip,1609e8e5ee5b7ed8fade4040a2c94829b3d5429f845d3cebab3e9989b1784250
7d95ed75e48600d3,岐阜県本巣市|city.motosu.lg.jp,岐阜県本巣市,5000020212181,https://www.city.motosu.lg.jp/category/1-11-1-0-0-0-0-0-0-0.html,本巣市,motosucity,shieibus,本巣市営バス,岐阜県,7,53,158,6,3,current,308,257,51,31.291,12.75,22.931,9.636,426.951,162.647,06:45,18:01,109.13,2026-04-01,2027-03-31,dated_calendar_applied,data/raw/gtfs/current/motosucity__shieibus__current.zip,6136ef40cf03125ada307523e2a86f2262559eb2fbb913a7aac6e50684bac811
5105e5bb31873e22,中津川市|city.nakatsugawa.lg.jp,中津川市,4000020212067,https://www.city.nakatsugawa.lg.jp/life/rt/1/3295.html,中津川市,nakatsugawacity,communitybus,中津川市コミュニティバス,岐阜県,13,27,193,6,3,current,383,316,67,15.656,0.985,11.135,1.306,200.363,23.265,06:40,18:25,135.72,2026-06-11,2027-09-29,dated_calendar_applied,data/raw/gtfs/current/nakatsugawacity__communitybus__current.zip,fabb73740787cf57f9b79c7cba2d22522c9b20728f7f2accecc48ff043c7dd09
14edb104d1c03bd1,濃飛乗合自動車(濃飛バス)|nouhibus.co.jp,濃飛乗合自動車（濃飛バス）,1200001025066_2,https://www.nouhibus.co.jp/,濃飛乗合自動車（濃飛バス）,nouhibus,nouhibus_kanko,濃飛バス（観光路線）,岐阜県,3,82,20,7,3,current,244,174,70,35.241,37.904,24.775,26.585,471.014,496.997,04:50,18:00,180.61,2026-04-01,2027-03-31,dated_calendar_applied,data/raw/gtfs/current/nouhibus__nouhibus_kanko__current.zip,48dccfc6960de066fefb7fd32143fd8a90d76c7fcfbb76c256e5a1a426483768
14edb104d1c03bd1,濃飛乗合自動車(濃飛バス)|nouhibus.co.jp,濃飛乗合自動車（濃飛バス）,1200001025066,https://www.nouhibus.co.jp/,濃飛乗合自動車（濃飛バス）,nouhibus,nouhibus,濃飛バス（一般路線）,岐阜県,50,402,889,8,3,current,368,264,104,212.084,128.932,178.085,124.103,4974.043,3531.185,05:45,24:40,188.93,2026-02-11,2027-03-31,dated_calendar_applied,data/raw/gtfs/current/nouhibus__nouhibus__current.zip,3f9973804ce98b2447b52db49e1dfb30bc43e9c675d0d9ba68e85033f66f9679
14edb104d1c03bd1,濃飛乗合自動車(濃飛バス)|nouhibus.co.jp,濃飛乗合自動車（濃飛バス）,1200001025066_3,https://www.nouhibus.co.jp/,濃飛乗合自動車（濃飛バス）,nouhibus,takayama_shuyu,飛騨高山周遊バス,岐阜県,6,134,76,4,3,current,365,261,104,67.87,66.0,30.313,29.067,335.13,321.755,07:30,17:41,52.79,2026-04-01,2027-03-31,dated_calendar_applied,data/raw/gtfs/current/nouhibus__takayama_shuyu__current.zip,d058eeeae58b7e89adc5655c960248914ed0f03b95061b55b82b805e9870e96a
418d43df59fd3080,名阪近鉄バス|mkb.co.jp,名阪近鉄バス,7180001033082,https://www.mkb.co.jp/,大垣市,ogakicity,meihankintetsubus,名阪近鉄バス,岐阜県,31,1017,459,14,3,current,274,196,78,543.342,355.436,262.134,169.8,4616.754,3111.798,06:14,22:29,73.28,2026-07-01,2027-03-31,dated_calendar_applied,data/raw/gtfs/current/ogakicity__meihankintetsubus__current.zip,a07f52bd054cfe98f246613204e8b7f5c7090f0efd8fd296909a79c0a4c06cf6
c0b360a1c5ff93b2,関市|city.seki.lg.jp,関市,4000020212059,https://www.city.seki.lg.jp/0000018500.html,関市,sekicity,itadorifureaibus,板取ふれあいバス,岐阜県,1,47,49,2,3,current,365,261,104,27.241,19.0,23.619,16.4,614.02,426.276,05:30,20:45,37.28,2026-04-01,2027-03-31,dated_calendar_applied,data/raw/gtfs/current/sekicity__itadorifureaibus__current.zip,2999dfaf94dec85d11da1f75ad58e251ec894a668b825f988c30ff171acd171c
240be61e9bac238b,白鳥交通|shirotori-kotsu.com,白鳥交通,7200001026703,https://www.shirotori-kotsu.com/,白鳥交通,shirotori-kotsu,shirotorikotsu,白鳥交通,岐阜県,3,64,166,2,3,current,365,261,104,36.989,26.0,26.511,18.667,774.264,545.026,06:35,19:40,93.73,2026-04-01,2027-03-31,dated_calendar_applied,data/raw/gtfs/current/shirotori-kotsu__shirotorikotsu__current.zip,70688c650f014e6a9a3ecaf55e79bfd363f9c6a5aa7cb485e3f2be1525178dce
de1fd04691fc82a0,多治見市|city.tajimi.lg.jp,多治見市,5000020212041,https://www.city.tajimi.lg.jp/kurashi/toshikekaku/kotsu/kikyobus/index.html,多治見市,tajimicity,kikyobus,ききょうバス,岐阜県,4,40,60,2,3,current,365,261,104,34.237,39.942,22.32,27.283,210.53,263.467,07:29,18:37,58.69,2025-10-01,2026-10-01,dated_calendar_applied,data/raw/gtfs/current/tajimicity__kikyobus__current.zip,4e83cff69f9daf7c51f4003f764948a66bf5e6e71394cda738cfbfcbe2bd3afd
1b46428c40996e26,高山市|city.takayama.lg.jp,高山市,6000020212032,https://www.city.takayama.lg.jp/kurashi/1000023/1000126/1001162.html,高山市,takayamacity,noramaicar,のらマイカー,岐阜県,19,117,655,4,3,current,212,152,60,78.599,35.0,74.951,33.733,1642.115,768.984,06:00,19:51,225.38,2026-09-01,2027-03-31,dated_calendar_applied,data/raw/gtfs/current/takayamacity__noramaicar__current.zip,f825b53104dc206af72c4c2b8c30f97a3078bf692764679828481cf16dcd3b00
1b46428c40996e26,高山市|city.takayama.lg.jp,高山市,6000020212032_T,https://www.city.takayama.lg.jp/kurashi/1000023/1000126/1001162.html,高山市,takayamacity,takanego,たかね号,岐阜県,6,24,41,7,3,current,365,261,104,12.307,4.0,11.544,4.05,312.227,115.02,05:45,19:35,150.17,2026-04-01,2027-03-31,dated_calendar_applied,data/raw/gtfs/current/takayamacity__takanego__current.zip,757e081e97584d9682f42ec9642c3c76a727e3e0ea1f05e6182b5a2c337b3adf
04afcd6e81f821eb,東濃鉄道|tohtetsu.co.jp,東濃鉄道株式会社,5200001020872_1,https://tohtetsu.co.jp/,東濃鉄道,tohtetsu,tohtetsu_ena,東濃鉄道（東鉄バス）恵那営業所管内,岐阜県,3,24,32,2,3,current,364,259,105,12.796,11.0,4.444,4.0,82.433,73.395,07:00,17:15,154.64,2026-09-05,2027-09-04,dated_calendar_applied,data/raw/gtfs/current/tohtetsu__tohtetsu_ena__current.zip,a0c400050de1848913f08248bb3390785c67b6797f05b85013bbedc26778739b
04afcd6e81f821eb,東濃鉄道|tohtetsu.co.jp,東濃鉄道株式会社,5200001020872_1,https://tohtetsu.co.jp/,東濃鉄道,tohtetsu,tohtetsu_tajimi,東濃鉄道（東鉄バス）多治見営業所管内,岐阜県,22,412,275,3,3,current,275,197,78,257.477,144.0,118.263,66.817,2134.27,1170.038,05:40,22:47,91.26,2026-04-01,2026-12-31,dated_calendar_applied,data/raw/gtfs/current/tohtetsu__tohtetsu_tajimi__current.zip,cacd3e234b00f8895b6f6c746ab9517f76b3957ff9117ea05e79da665330909a
04afcd6e81f821eb,東濃鉄道|tohtetsu.co.jp,東濃鉄道株式会社,5200001020872_1,https://tohtetsu.co.jp/,東濃鉄道,tohtetsu,tohtetsu_kani,東濃鉄道（東鉄バス）可児営業所管内,岐阜県,12,232,190,4,3,current,335,239,96,129.113,86.354,82.745,49.899,1850.225,1138.032,05:21,23:13,113.25,2026-05-01,2027-03-31,dated_calendar_applied,data/raw/gtfs/current/tohtetsu__tohtetsu_kani__current.zip,6f1fa4d2b9e2b2025e043b1c89ec1f036ed8d2a81f3a1ee3f0a3b76c5b05e7c6
b015442b14fc089a,土岐市|city.toki.lg.jp,土岐市,8000020212121,https://www.city.toki.lg.jp/docs/copy-6av6e0hmvkgfm.html,土岐市,tokicity,communitybus,土岐市民バス,岐阜県,8,71,173,5,3,current,334,239,95,44.448,24.979,20.497,11.17,396.949,194.511,06:28,20:35,195.61,2026-02-01,2026-12-31,dated_calendar_applied,data/raw/gtfs/current/tokicity__communitybus__current.zip,c9a8fa4fa66d9b54eba85e9837cdf6068c34945e4a6beeb892c00e0ffa3af16f
ab65c7c9dff9f6db,八百津町|town.yaotsu.lg.jp,八百津町,8000020215058,https://www.town.yaotsu.lg.jp/1049.htm,八百津町,yaotsutown,communitybus,八百津町コミュニティバス,岐阜県,6,12,59,2,3,current,359,257,102,4.184,7.846,7.591,4.74,122.39,40.482,07:41,17:46,125.0,2026-04-01,2027-03-31,dated_calendar_applied,data/raw/gtfs/current/yaotsutown__communitybus__current.zip,701a72fb409658e8e41e82c27054fa70e96b20955ec8ac60d2239568a99a1bd0
ab65c7c9dff9f6db,八百津町|town.yaotsu.lg.jp,八百津町,8000020215058,https://www.town.yaotsu.lg.jp/1457.htm,八百津町,yaotsutown,yaobus,YAOバス,岐阜県,1,134,37,4,3,current,364,260,104,41.046,33.712,17.332,14.046,345.424,287.877,06:10,21:51,25.15,2026-07-22,2027-07-21,dated_calendar_applied,data/raw/gtfs/current/yaotsutown__yaobus__current.zip,c42f509a542180123f144f9adb9a37a8a678d5ddf5a74badf7486a444b5c2132
bf2a0bd7316bea0b,藤枝市|city.fujieda.shizuoka.jp,藤枝市,1000020222143,https://www.city.fujieda.shizuoka.jp/benri/bus/bustimetable.html,藤枝市,fujiedacity,gtfsfjed,藤枝市自主運行バス（駅南循環+アクセスバス）,静岡県,7,154,201,4,3,current,210,150,60,92.12,59.0,44.078,29.45,840.217,574.391,06:05,20:22,51.08,2026-03-29,2026-10-24,dated_calendar_applied,data/raw/gtfs/current/fujiedacity__gtfsfjed__current.zip,1a2b9c0d64bcbb11834f345e0835ba44bfa3c3e5282f0a5d1b391f2e32b12129
a2b53f0452fbce52,掛川バスサービス|kakegawabus.co.jp,掛川バスサービス株式会社,3080401014282,http://www.kakegawabus.co.jp/,掛川市,kakegawacity,kakegawa6,桜木、居尻、倉真、東山、粟本線、市街地循環線南回り、市街地循環線北回り,静岡県,37,172,317,2,3,current,365,261,104,100.828,68.0,57.518,40.117,1043.933,716.288,06:20,20:42,206.64,2026-07-01,2027-06-30,dated_calendar_applied,data/raw/gtfs/current/kakegawacity__kakegawa6__current.zip,326bd14b6a2548829de532b3d54fcd7d1ea86bd4325cfa9c42c2f633e6503aca
a7fccbf6903c1db4,掛川市|city.kakegawa.shizuoka.jp,掛川市,1000020222135,https://www.city.kakegawa.shizuoka.jp/gyosei/kurashi/kotsu/bus/,掛川市,kakegawacity,kakegawaosuka,掛川大須賀線,静岡県,1,14,26,1,3,current,242,242,0,12.981,0.0,7.696,0.0,196.262,0.0,06:08,22:00,76.58,2026-04-01,2027-03-31,dated_calendar_applied,data/raw/gtfs/current/kakegawacity__kakegawaosuka__current.zip,21eb01d25b53f581f151ffa630b6cdfc632012349c27f3deeab4df101203efd3
2a7012120d7bf2f9,島田市コミュニティバス|city.shimada.shizuoka.jp,島田市コミュニティバス,6000020222097_1,https://www.city.shimada.shizuoka.jp/kurashi/tetuduki/kotu-kuko/kotu/bus/,島田市,shimadacity,shimada_combus,島田市コミュニティバス,静岡県,13,136,455,5,3,current,365,261,104,128.333,58.173,73.603,36.269,1378.315,684.035,06:00,20:57,103.66,2026-04-01,2027-03-31,dated_calendar_applied,data/raw/gtfs/current/shimadacity__shimada_combus__current.zip,dba55074fa30e52960e0edcd48aafa56cccaf50e2971b64167b9fd48cdbab1f9
76724c61520c60c4,静岡市自主運行バス|city.shizuoka.lg.jp,静岡市自主運行バス,8000020221007_5,https://www.city.shizuoka.lg.jp/p008613.html,静岡市,shizuokacity,ikawa,葵区井川地区：井川地区自主運行バス,静岡県,2,25,20,3,3,current,456,326,130,12.693,9.108,11.784,9.879,164.524,129.4,07:07,17:47,99.28,2026-04-01,2027-06-30,dated_calendar_applied,data/raw/gtfs/current/shizuokacity__ikawa__current.zip,5a4c9160a6ee6da566ba8184d2800bb041150abb88887ad46fe3b87050a586fb
76724c61520c60c4,静岡市自主運行バス|city.shizuoka.lg.jp,静岡市自主運行バス,8000020221007_7,https://www.city.shizuoka.lg.jp/p008613.html,静岡市,shizuokacity,iryo-fukushi,葵区中心市街地：医療・福祉施設路線,静岡県,2,12,15,1,3,current,122,122,0,11.176,0.0,4.656,0.0,46.828,0.0,09:00,16:56,84.0,2026-04-01,2026-09-30,dated_calendar_applied,data/raw/gtfs/current/shizuokacity__iryo-fukushi__current.zip,be87a353d2803623075b519907c53433594113da3484a2c0c274d63737d31d02
76724c61520c60c4,静岡市自主運行バス|city.shizuoka.lg.jp,静岡市自主運行バス,8000020221007_4,https://www.city.shizuoka.lg.jp/p008613.html,静岡市,shizuokacity,ryougouchi,清水区両河内地区：両河内線但沼系統、大平系統、板井沢系統（ココバス）,静岡県,3,146,39,2,3,current,370,306,64,68.521,35.938,19.164,10.913,410.473,231.528,06:15,18:50,45.31,2026-04-01,2027-06-30,dated_calendar_applied,data/raw/gtfs/current/shizuokacity__ryougouchi__current.zip,c81852298e7ff86f1e9ea281e25148997ac1402f5cbb7ac730c83c3ae60c035c
76724c61520c60c4,静岡市自主運行バス|city.shizuoka.lg.jp,静岡市自主運行バス,8000020221007_1,https://www.city.shizuoka.lg.jp/p008613.html,静岡市,shizuokacity,yui,清水区由比地区：ゆいばす,静岡県,7,40,48,2,3,current,302,302,0,18.718,0.0,6.78,0.0,110.898,0.0,06:50,18:56,113.65,2026-04-01,2027-06-30,dated_calendar_applied,data/raw/gtfs/current/shizuokacity__yui__current.zip,a308ae3be1725e5c5123fef3299c69056ed7812d1a4b8f3deacd974f13283071
76724c61520c60c4,静岡市自主運行バス|city.shizuoka.lg.jp,静岡市自主運行バス,8000020221007_2,https://www.city.shizuoka.lg.jp/p008613.html,静岡市,shizuokacity,yui-kanbara,清水区由比・蒲原地区：由比・蒲原病院線,静岡県,2,17,42,2,3,current,450,322,128,12.288,3.938,3.876,1.247,94.988,30.466,08:05,16:18,149.39,2026-04-01,2027-06-30,dated_calendar_applied,data/raw/gtfs/current/shizuokacity__yui-kanbara__current.zip,c9d588a371b26813ee31e74eeae9f3763d086ffc21e0609b3777a66359d05cf5
1674aafdd72afabb,みよし市|city.aichi-miyoshi.lg.jp,みよし市,6000020232360_0,https://www.city.aichi-miyoshi.lg.jp/soshiki/keieikikaku/kikaku/koukyoukoutu/sansanbusu/1685.html,みよし市,aichi-miyoshicity,sansanbus,みよし市さんさんバス,愛知県,3,92,137,1,3,current,365,261,104,92.0,92.0,89.367,89.367,1313.697,1313.697,06:10,22:05,29.23,2026-04-01,2027-03-31,dated_calendar_applied,data/raw/gtfs/current/aichi-miyoshicity__sansanbus__current.zip,55584d24d737c1cadb1f1fed6d54bea51869cab5803a4d1bf72382b62073af94
ad24427aaf7dfc35,あま市|city.ama.aichi.jp,あま市,5000020232378,https://www.city.ama.aichi.jp/kurashi/kotsu/koutuu/1002512.html,あま市,amacity,amashijunkaibasu,あま市巡回バス,愛知県,3,15,154,1,3,current,236,236,0,9.008,0.0,9.308,0.0,153.813,0.0,09:00,16:25,95.0,2025-09-29,2027-03-31,dated_calendar_applied,data/raw/gtfs/current/amacity__amashijunkaibasu__current.zip,dc121f9f328ea2a27f20d31c28c341b07f73af6ce5a0c838acaba625cb0e5428
10644de5cbc62e2c,安城市|city.anjo.aichi.jp,安城市,5000020232122,https://www.city.anjo.aichi.jp/kurasu/dorokotsu/ankurubus/ankuru4.html,安城市,anjocity,AnkuruBus,あんくるバス,愛知県,11,126,282,1,3,current,360,258,102,124.552,123.577,93.2,92.47,1305.372,1295.155,06:00,20:08,70.41,2026-06-01,2027-05-31,dated_calendar_applied,data/raw/gtfs/current/anjocity__AnkuruBus__current.zip,13e78b21c63ff9fc25c4a16f0caea2dd051fc3c0c0f4085591f7699f0b1b3482
f0a62b949c81c008,あおい交通|aoi-komaki.jp,あおい交通,1180001075460,https://aoi-komaki.jp/bus,あおい交通,aoi-komaki,aoikotsu,あおい交通,愛知県,5,190,87,4,3,current,345,247,98,145.13,127.918,90.057,75.385,1758.011,1542.146,05:42,22:56,40.73,2026-04-21,2027-03-31,dated_calendar_applied,data/raw/gtfs/current/aoi-komaki__aoikotsu__current.zip,1534c30bc16a1b3de04cf13d7b96126a801a414e1fe3f53510d937f08f0cba25
367f26a9cc1d545e,知立市|city.chiryu.aichi.jp,知立市,5000020232254,https://www.city.chiryu.aichi.jp/soshiki/toshiseibi/machizukuri/gyomu/1/1445358636807.html,知立市,chiryucity,communitybus,知立市「ミニバス」（コミュニティバス）,愛知県,6,111,106,7,3,current,371,266,105,49.243,49.528,46.374,46.639,551.711,555.897,06:30,20:20,84.31,2025-12-23,2026-12-31,dated_calendar_applied,data/raw/gtfs/current/chiryucity__communitybus__current.zip,a1c360a35e79a2220ea12223cbf2fddc1b2129866c9806b77d1b0f5d5197330b
b25ab01212f4416c,知多乗合|chitabus.co.jp,知多乗合株式会社,8180001091831,https://www.chitabus.co.jp/,知多乗合（知多バス）,chitabus,chitabus,知多バス,愛知県,17,450,293,2,3,current,365,261,104,252.437,192.0,114.304,91.35,1655.694,1316.797,05:58,22:15,130.33,2026-08-11,2027-08-10,dated_calendar_applied,data/raw/gtfs/current/chitabus__chitabus__current.zip,979cc76a7fc6603d63f8364dc8ad569ba51a44793b61111a9dfee1e07ee8992e
51902e0a7db29e64,知多市|city.chita.lg.jp,知多市,5000020232246,https://www.city.chita.lg.jp/docs/2013122600193/,知多市,chitacity,chita-aiaibus,知多市コミュニティバス「あいあいバス」,愛知県,4,41,119,2,3,current,388,278,110,21.507,18.661,22.796,20.56,368.721,332.47,07:00,18:45,118.42,2026-03-03,2027-03-31,dated_calendar_applied,data/raw/gtfs/current/chitacity__chita-aiaibus__current.zip,9165070ac46a04bd8aadca27ba06001a0b4eacb28634f306ebe7d1d8a10b3e45
5ef02203d47d9267,愛知県蒲郡市|city.gamagori.lg.jp,愛知県蒲郡市,3000020232149,https://www.city.gamagori.lg.jp/unit/kotsu/communitybus.html,蒲郡市,gamagoricity,communitybus,蒲郡市コミュニティバス,愛知県,16,61,228,7,3,current,207,156,51,36.249,29.846,24.093,19.822,288.222,237.229,07:20,16:44,146.24,2026-09-01,2027-08-31,dated_calendar_applied,data/raw/gtfs/current/gamagoricity__communitybus__current.zip,f3616edf93a8981843e6843bb9a9cb924979218a9c2388968a98e65649a62a28
b2dbc8959ae05bcf,碧南市|city.hekinan.lg.jp,碧南市,1000020232092,https://www.city.hekinan.lg.jp/soshiki/keizai_kankyo/shoko/1_6/index.html,碧南市,hekinancity,kurukuru-bus,くるくるバス,愛知県,4,22,227,1,3,current,361,258,103,21.582,21.788,44.292,44.716,608.684,614.514,06:45,19:26,151.52,2025-09-29,2026-09-30,dated_calendar_applied,data/raw/gtfs/current/hekinancity__kurukuru-bus__current.zip,4b44ec52f275a9dbbe753bc1a928b47d11eb633da8b23fe9653f2bee1a57db31
d501390145ea892f,東浦町|town.aichi-higashiura.lg.jp,東浦町,2000020234427,https://www.town.aichi-higashiura.lg.jp/kurashi/doro_kotsu/urara/,東浦町,higashiuratown,communitybus,東浦町運行バス　う・ら・ら,愛知県,5,75,156,4,3,current,396,282,114,73.623,64.035,44.878,38.936,629.474,552.126,07:25,19:55,59.72,2026-02-27,2027-03-31,dated_calendar_applied,data/raw/gtfs/current/higashiuratown__communitybus__current.zip,23983c7dfc3a9db7b2fb3e5d717509087132f4ad02892a6acde275076c0798d4
d6738de4e4c40faf,刈谷市|city.kariya.lg.jp,刈谷市,5000020232106,https://www.city.kariya.lg.jp/kurashi/road_park/kotsu/1021258/index.html,刈谷市,kariyacity,communitybus,刈谷市コミュニティバス「かりまる」,愛知県,15,276,227,3,3,current,359,257,102,143.762,143.192,140.956,133.646,1689.042,1682.47,06:00,21:28,87.39,2026-06-16,2027-06-15,dated_calendar_applied,data/raw/gtfs/current/kariyacity__communitybus__current.zip,40596be019fb826bcfd26a8f3c7c1aa6d7d5b2118c1dc4a1c25b6cdb573a4e67
f206fa6dcc9c7844,北名古屋市|city.kitanagoya.lg.jp,北名古屋市,7000020232343,https://www.city.kitanagoya.lg.jp/kurashi/1005922/1001884/index.html,北名古屋市,kitanagoyacity,communitybus,北名古屋市　市内循環バス「きたバス」,愛知県,10,67,145,1,3,current,197,163,34,61.354,32.543,39.682,21.048,493.986,262.016,06:33,19:38,120.38,2026-07-27,2027-03-31,dated_calendar_applied,data/raw/gtfs/current/kitanagoyacity__communitybus__current.zip,47c397a2cc92dc5af3397d550db792fbadb84af9fc810eaddb2df4b831aa623e
c9f164492de5be85,北設楽郡公共交通活性化協議会|odekake-hokusetsu.jp,北設楽郡公共交通活性化協議会,2700150044427,https://www.odekake-hokusetsu.jp/,北設楽郡公共交通活性化協議会,kitashitara,odekakehokusetsu,おでかけ北設（設楽町・東栄町・豊根村）,愛知県,10,130,180,6,3,current,211,151,60,93.632,20.7,44.915,11.224,1095.876,280.337,05:30,20:09,73.77,2026-09-01,2027-03-31,dated_calendar_applied,data/raw/gtfs/current/kitashitara__odekakehokusetsu__current.zip,81c582fc0592baa624835c6ae615fc1b55eea459125b496361bb7e3a4c01a9df
17795a231de33cea,南知多町役場|town.minamichita.lg.jp,南知多町役場,2000020234451,http://www.town.minamichita.lg.jp/kurashi/bus/index.html,南知多町,minamichitatown,communitybus,南知多町海っ子バス,愛知県,2,33,105,2,3,current,276,198,78,32.209,31.2,59.553,58.581,1198.965,1176.558,05:40,22:14,57.46,2025-12-24,2026-09-30,dated_calendar_applied,data/raw/gtfs/current/minamichitatown__communitybus__current.zip,63179a7955ac0e40dee66854662180ed4d4dbeca4f1a1966ae89315ed0ab7379
a150614825d4fd08,長久手市|city.nagakute.lg.jp,長久手市,5000020232386,https://www.city.nagakute.lg.jp/kurashi_tetsuzuki/kokyokotsu/1/21391.html,長久手市,nagakutecity,communitybus,長久手市N-バス,愛知県,8,74,164,2,3,current,388,278,110,41.093,31.429,46.785,36.307,504.507,383.154,06:30,20:31,168.21,2026-03-05,2027-03-31,dated_calendar_applied,data/raw/gtfs/current/nagakutecity__communitybus__current.zip,8d1aa0eeb80d0ec263d9015ae7470fca1f643e0fd47c300cc97c4195c63e833f
3d3498f745c2eec9,名鉄東部交通|meitetsu-toubukoutsu.com,名鉄東部交通株式会社,3180301019438,https://www.meitetsu-toubukoutsu.com/bus/timetable.php,西尾市,nishiocity,meitestu_tobu,名鉄東部交通バス,愛知県,5,172,144,3,3,current,378,270,108,100.126,80.0,60.285,47.6,1285.091,1043.265,06:14,22:09,51.66,2026-09-17,2027-09-29,dated_calendar_applied,data/raw/gtfs/current/nishiocity__meitestu_tobu__current.zip,884cbd13adee80395e4125bdb8028daf0e66140e96c068a4d30f9dc90bbfc574
4c4bda4e9aa57808,愛知県西尾市|city.nishio.aichi.jp,愛知県西尾市,4000020232131,https://www.city.nishio.aichi.jp/kurashi/kotsu/1001410/1002009.html,西尾市,nishiocity,rokumangokukururinbus,六万石くるりんバス,愛知県,8,77,227,2,3,current,363,259,104,76.019,76.019,53.587,53.628,860.093,860.764,05:40,20:32,85.73,2026-04-01,2027-03-31,dated_calendar_applied,data/raw/gtfs/current/nishiocity__rokumangokukururinbus__current.zip,213ade228e033cecd0c25c8eef3008b44d164b3c8d7c582135d74578970a329d
45d288ab46a15919,日進市|city.nisshin.lg.jp,日進市,8000020232301,https://www.city.nisshin.lg.jp/department/seikatu/ido/1/,日進市,nisshincity,communitybus,くるりんばす（日進市巡回バス）,愛知県,9,180,256,4,3,current,452,323,129,84.189,73.409,70.448,61.489,899.68,769.52,06:45,20:28,70.02,2025-10-08,2027-01-10,dated_calendar_applied,data/raw/gtfs/current/nisshincity__communitybus__current.zip,98f012cf54dacbded154ae54239c8704e33b31319fcb36b3ec616be8869c19ab
08b0195bfe9286b4,大口町|town.oguchi.lg.jp,大口町,4000020233617,https://www.town.oguchi.lg.jp/3079.htm,大口町,oguchitown,communitybus,大口町コミュニティバス,愛知県,14,74,151,2,3,current,355,253,102,70.794,40.212,28.943,19.158,419.225,277.089,06:30,20:33,43.75,2026-06-05,2027-05-31,dated_calendar_applied,data/raw/gtfs/current/oguchitown__communitybus__current.zip,27d474d51e9af6e89d4a7c8533398c7a75189ed0a26d0aaac86d4fc3505ec183
e9f46e5051432948,尾張旭市|city.owariasahi.lg.jp,尾張旭市,5000020232262,https://www.city.owariasahi.lg.jp/site/asapy-bus/,尾張旭市,owariasahicity,communitybus,尾張旭市あさぴー号,愛知県,4,76,169,3,3,current,244,174,70,34.897,20.0,52.547,30.0,653.586,375.079,08:10,19:10,80.1,2026-04-01,2026-11-30,dated_calendar_applied,data/raw/gtfs/current/owariasahicity__communitybus__current.zip,05c8a694adc6288f63de23c0a8e5d69f4625ca09f56aa2274fbbca2939c338a0
1ed9276944e13cdb,瀬戸市コミュニティバス|city.seto.aichi.jp,瀬戸市コミュニティバス,3000020232041,http://www.city.seto.aichi.jp/bunya/koukyoukoutuu/,瀬戸市,setocity,setocitybus,瀬戸市コミュニティバス,愛知県,19,104,231,7,3,current,359,257,102,87.004,44.096,36.209,23.207,558.817,381.946,07:13,18:48,88.2,2026-04-01,2027-03-31,dated_calendar_applied,data/raw/gtfs/current/setocity__setocitybus__current.zip,c5dfa569b15f9d6963b4543303c7f350b5116dd737a0766aa5a2795aeda07eba
dc3fe2de808edf45,新城市|city.shinshiro.lg.jp,新城市,7000020232211,https://www.city.shinshiro.lg.jp/kurashi/kokyo-kotsu/index.html,新城市,shinshirocity,sbus,新城市Ｓバス,愛知県,10,56,156,6,3,current,174,140,34,45.401,14.033,39.091,13.468,730.37,279.199,06:44,19:33,174.29,2026-09-01,2027-03-31,dated_calendar_applied,data/raw/gtfs/current/shinshirocity__sbus__current.zip,a06fc2a914154605db24dc1e70a5b6ef3749f33906ae64d47f0250cde11ab176
0ab39fb6e94f7c25,武豊町|town.taketoyo.lg.jp,武豊町,9000020234478,http://www.town.taketoyo.lg.jp/contents_detail.php?co=kak&frmId=517,武豊町,taketoyotown,communitybus,武豊町コミュニティバス「ゆめころん」,愛知県,2,18,47,1,3,current,369,263,106,18.0,18.0,15.0,15.0,218.73,218.73,08:15,17:45,65.0,2026-03-28,2027-03-31,dated_calendar_applied,data/raw/gtfs/current/taketoyotown__communitybus__current.zip,1030ee56cabaec66e22098cff32503c3bcf28fc65aa28387523f9753c421df55
99d4d7f296d88b89,東海市|city.tokai.aichi.jp,東海市,6000020232220,http://www.city.tokai.aichi.jp/7118.htm,東海市,tokaicity,tokai-ranranbus,東海市らんらんバス,愛知県,21,140,250,2,3,current,365,262,103,85.627,50.029,68.734,44.372,786.837,505.522,06:30,19:34,102.64,2026-03-29,2027-03-31,dated_calendar_applied,data/raw/gtfs/current/tokaicity__tokai-ranranbus__current.zip,bdf0e68d929423d824a78730fa1c83367c9937eb87aa60e897db4232427b4827
a04bcadaf5b59f24,コミュニティバスGruun|city.tokoname.aichi.jp,コミュニティバス Gruun,3000020232165,https://www.city.tokoname.aichi.jp/kurashi/1006388/1006546.html,常滑市,tokonamecity,Gruun,コミュニティバスグルーン,愛知県,6,118,90,1,3,current,365,261,104,118.0,118.0,42.4,42.4,672.692,672.692,06:25,21:00,80.62,2026-01-01,2026-12-31,dated_calendar_applied,data/raw/gtfs/current/tokonamecity__Gruun__current.zip,b0a8c77bb3008743be95ce0d103cdf1fd6a7d2e4e868cb5b87cb314e7e2368b0
3992d10d620b08e1,豊明市ひまわりバス|city.toyoake.lg.jp,豊明市ひまわりバス,3000020232297_0,https://www.city.toyoake.lg.jp/3650.htm,豊明市,toyoakecity,himawaribus,豊明市ひまわりバス,愛知県,13,30,78,1,3,current,359,257,102,29.54,29.423,28.752,28.638,281.371,280.255,06:45,20:00,141.97,2026-04-01,2027-03-31,dated_calendar_applied,data/raw/gtfs/current/toyoakecity__himawaribus__current.zip,6f93896517fa6a3917bf033e56e57417f427875c556a54d8253060103a33b1ce
668049f405f19758,豊田市|city.toyota.aichi.jp,豊田市,5000020232114_2,https://www.city.toyota.aichi.jp/kurashi/koutsu/bus/,豊田市,toyotacity,chiikibus,豊田市　地域バス,愛知県,31,264,499,17,3,current,365,261,104,140.751,62.0,95.325,51.65,1863.72,976.055,05:47,22:43,134.09,2026-04-01,2027-03-31,dated_calendar_applied,data/raw/gtfs/current/toyotacity__chiikibus__current.zip,a24f57976f5b1885bf28d26c0308aee7aa931102a6584279afff803b62dc950e
668049f405f19758,豊田市|city.toyota.aichi.jp,豊田市,5000020232114_1,https://www.city.toyota.aichi.jp/kurashi/koutsu/bus/index.html,豊田市,toyotacity,kikanbus,とよたおいでんバス,愛知県,13,802,498,4,3,current,212,152,60,440.868,351.867,363.162,271.777,6481.768,5035.709,05:33,23:28,45.32,2026-09-01,2027-03-31,dated_calendar_applied,data/raw/gtfs/current/toyotacity__kikanbus__current.zip,b1006c1aba77923d7bc505de0984cdf5a66d47b007872003d2e2d7f54a463fa4
534900febdcbb0cf,豊山町|town.toyoyama.lg.jp,豊山町,1000020233421,https://www.town.toyoyama.lg.jp/kurashi/koutu/,豊山町,toyoyamatown,communitybus,とよやまタウンバス,愛知県,2,54,49,2,3,current,411,294,117,32.651,19.664,29.232,18.877,422.879,267.579,06:40,22:02,74.54,2026-02-08,2027-03-31,dated_calendar_applied,data/raw/gtfs/current/toyoyamatown__communitybus__current.zip,9ae0a32a6c1ee286fa8db0233e6555c72747796fe7f80e5eda272cb8b78473ea
7dd07348305faca9,バスネット津|sites.google.com,バスネット津,6190005003049,https://sites.google.com/view/busnettsu/,バスネット津,busnet-tsu,guruttotsubus,ぐるっと・つーバス,三重県,1,8,25,1,3,current,303,303,0,7.301,0.0,5.233,0.0,59.577,0.0,08:00,16:43,68.57,2025-09-29,2027-01-05,dated_calendar_applied,data/raw/gtfs/current/busnet-tsu__guruttotsubus__current.zip,fd82378c46cf0ad7b397c2df1ef42ebce43aef9c9323747dfdc1e18d872a2e2c
2a56784094b70e97,伊賀市|city.iga.lg.jp,伊賀市,6000020242161,https://www.city.iga.lg.jp/category/10-15-2-0-0-0-0-0-0-0.html,伊賀市,igacity,communitybus,伊賀市行政バス・コミュニティバス,三重県,17,112,354,5,3,current,365,261,104,89.517,24.885,62.781,19.314,1289.925,279.117,06:10,20:35,128.82,2026-04-01,2027-03-31,dated_calendar_applied,data/raw/gtfs/current/igacity__communitybus__current.zip,a69cb711d35753f303451496ade1cdb0fd8f58af84ad23349cdfab08001ab778
e8fc60bafb8c0468,いなべ市|city.inabe.mie.jp,いなべ市,7000020242144,https://www.city.inabe.mie.jp/kurashi/kotsu/kotsu/1000821.html,いなべ市,inabecity,fukushibus,いなべ市福祉バス,三重県,13,115,438,1,3,current,241,241,0,106.188,0.0,69.438,0.0,1326.134,0.0,06:30,18:22,78.37,2026-04-01,2027-03-31,dated_calendar_applied,data/raw/gtfs/current/inabecity__fukushibus__current.zip,4a660c5ce32b4db18d3828c0db9c0c4fd9cf12bae74a3a941df58b586a423912
37252b9e42c44ca2,伊勢市|city.ise.mie.jp,伊勢市,5000020242039,https://www.city.ise.mie.jp/kurashi/koutsu/index.html,伊勢市,isecity,numakibus,伊勢市沼木地区自主運行バス「沼木バス」,三重県,4,11,42,1,3,current,397,332,65,10.901,5.336,5.715,2.797,124.861,61.114,07:18,16:37,150.7,2025-09-29,2027-01-10,dated_calendar_applied,data/raw/gtfs/current/isecity__numakibus__current.zip,c4c66fd67a53af162a1bf80a645e4e425d4a80836f9715761000efc35c7c41ac
37252b9e42c44ca2,伊勢市|city.ise.mie.jp,伊勢市,5000020242039,https://www.city.ise.mie.jp/kurashi/koutsu/index.html,伊勢市,isecity,communitybus,伊勢市コミュニティバス「おかげバス」,三重県,7,150,205,3,3,current,244,174,70,50.0,50.0,64.133,64.133,789.745,789.745,06:48,19:19,78.31,2026-04-01,2026-11-30,dated_calendar_applied,data/raw/gtfs/current/isecity__communitybus__current.zip,3f5cc9eadcb9f051457011510d16bd5319c14461483024d6c4a9a70154077afb
bbad295b99d028e4,亀山市|city.kameyama.mie.jp,亀山市,9000020242101,http://www.city.kameyama.mie.jp/soshiki/sanken/sansin/shokogyo/docs/2014112305289/,亀山市,kameyamacity,communitybus,亀山市コミュニティバス,三重県,8,70,200,5,3,current,398,285,113,63.861,34.379,36.451,20.883,678.889,374.488,06:50,20:10,93.61,2025-12-24,2027-01-31,dated_calendar_applied,data/raw/gtfs/current/kameyamacity__communitybus__current.zip,f9827b8180942ad9a6f776f95c4ffa3007fb1e9426072dd9d567873b29de2916
065989f3242db4d2,川越町|town.kawagoe.mie.jp,川越町,4000020243442,https://www.town.kawagoe.mie.jp,川越町,kawagoetown,fureaibus,川越町ふれあいバス,三重県,3,24,32,1,3,current,292,241,51,22.161,11.769,14.866,7.895,172.855,91.8,07:40,18:10,56.06,2026-04-01,2027-03-31,dated_calendar_applied,data/raw/gtfs/current/kawagoetown__fureaibus__current.zip,5061e5739cc379a440f67389c371593068ba407217d0a2ad9b1fae65304e5345
3b200490340155b7,紀宝町|town.kiho.lg.jp,紀宝町,1000020245623,https://www.town.kiho.lg.jp/life/handbook/convenience/bus/schedule/,紀宝町,kihotown,chominbus,紀宝町民バス,三重県,3,25,168,2,3,current,382,272,110,24.853,23.0,21.131,20.05,447.568,424.53,06:40,18:30,94.86,2026-01-15,2027-01-31,dated_calendar_applied,data/raw/gtfs/current/kihotown__chominbus__current.zip,2dfd89c46145c0bdb189923464c60ca2a13e2b30e550ce47f270846157c684cf
7affe91f4fb66236,木曽岬町|town.kisosaki.lg.jp,木曽岬町,7000020243035,https://www.town.kisosaki.lg.jp/contents_detail.php?frmId=921,木曽岬町,kisosakitown,communitybus,木曽岬町自主運行バス,三重県,2,46,69,1,3,current,547,391,156,46.0,46.0,27.717,27.717,482.675,482.675,06:00,21:37,43.87,2025-10-01,2027-03-31,dated_calendar_applied,data/raw/gtfs/current/kisosakitown__communitybus__current.zip,74d7d7eb5a772a9f4d80fc2b82c4b22232a5c7539d37744a5ff36f591176c703
b94724e1e11c8584,菰野町|www2.town.komono.mie.jp,菰野町,4000020243418,https://www2.town.komono.mie.jp/www/contents/1568974531589/index.html,菰野町,komonotown,communitybus,菰野町「かもしか号」,三重県,6,61,98,3,3,current,210,174,36,30.759,7.7,23.721,6.789,405.849,110.662,06:21,19:47,153.01,2026-04-01,2026-11-30,dated_calendar_applied,data/raw/gtfs/current/komonotown__communitybus__current.zip,4229badfa52aa27f6d2d6bd8bd204a2f6d9bf9ca0a40a81b53f76dbef432e8d6
3bab256709f41106,熊野市|city.kumano.lg.jp,熊野市,7000020242128_2,https://www.city.kumano.lg.jp/public_transport/Japanese/04City_bus_tour/04Ja.htm,熊野市,kumanocity,shuyubus,熊野市市街地周遊バス,三重県,1,7,10,1,3,current,141,19,122,0.44,7.0,0.301,4.783,5.716,90.862,08:00,17:11,85.0,2025-12-04,2027-01-31,dated_calendar_applied,data/raw/gtfs/current/kumanocity__shuyubus__current.zip,885477a928c03406948e8d726ff85fddfc0f595e9b320f0ae78ce00eb80c6980
3bab256709f41106,熊野市|city.kumano.lg.jp,熊野市,7000020242128,https://www.city.kumano.lg.jp/life/?category=116,熊野市,kumanocity,communitybus,熊野市バス、御浜町自主運行バス,三重県,6,52,236,6,3,current,370,264,106,44.0,43.981,35.869,35.721,844.927,842.299,07:10,20:04,90.14,2026-09-25,2027-09-29,dated_calendar_applied,data/raw/gtfs/current/kumanocity__communitybus__current.zip,92579275bd318bb932c7f96646d67e85c3cd13b8ccce1c67af907e98b9438e20
755f78334a0101f7,桑名市|city.kuwana.lg.jp,桑名市,5000020242055,https://www.city.kuwana.lg.jp/maas/kurashi/koutsuu/24-57172-225-351.html,桑名市,kuwanacity,communitybus,桑名市コミュニティバス「Ｋ－バス」,三重県,15,54,312,1,3,current,332,277,55,53.231,26.518,48.549,24.185,745.255,371.258,06:40,19:32,194.57,2026-06-03,2027-06-30,dated_calendar_applied,data/raw/gtfs/current/kuwanacity__communitybus__current.zip,1f5ffa2c34f4b72f984b38ea93e974c7c21da898f15bbbaf3aedf861221747cb
77a2bd43ffba906e,松阪市|city.matsusaka.mie.jp,松阪市,5000020242047,https://www.city.matsusaka.mie.jp/site/community-koutu/,松阪市,matsusakacity,communitybus,松阪市コミュニティ交通,三重県,10,134,228,5,3,current,365,261,104,87.782,52.433,64.733,32.774,946.166,425.89,06:24,20:13,76.44,2026-04-01,2027-03-31,dated_calendar_applied,data/raw/gtfs/current/matsusakacity__communitybus__current.zip,eec9c1d770a30dffc1fc6a9c3a85143a992adfa95b3de0da628ce828709e9358
9c331ed26ad3d24f,三重交通(南紀営業所)|sanco.co.jp,三重交通(南紀営業所),7190001001047_9,https://www.sanco.co.jp/,三重交通,mie-kotsu,sancoinanki,南紀営業所,三重県,4,121,254,2,3,current,278,200,78,54.706,46.468,41.675,34.92,1125.941,952.892,06:35,19:20,58.41,2026-04-01,2027-02-23,dated_calendar_applied,data/raw/gtfs/current/mie-kotsu__sancoinanki__current.zip,b43eeb99b70b2bdc81ebe32b52a92223c529ff3407be184b35694745e8f94b79
7b5323b91d158bfc,三重交通(中勢営業所)|sanco.co.jp,三重交通(中勢営業所),7190001001047_2,https://www.sanco.co.jp/,三重交通,mie-kotsu,sancochusei,中勢営業所,三重県,29,1877,924,6,3,current,114,82,32,730.512,568.5,455.991,354.917,8111.435,6521.882,05:49,22:23,49.98,2026-09-08,2026-12-30,dated_calendar_applied,data/raw/gtfs/current/mie-kotsu__sancochusei__current.zip,d88002586983eaca95d2429447c64da69b42f670c6d39e4b304f32eadbdb9df5
9054866ac42da288,三重交通(伊賀営業所)|sanco.co.jp,三重交通(伊賀営業所),7190001001047_4,https://www.sanco.co.jp/,三重交通,mie-kotsu,sancoiga,伊賀営業所,三重県,19,820,579,3,3,current,274,196,78,327.332,243.205,174.176,128.166,4306.217,3299.628,05:23,22:26,55.34,2026-04-01,2026-12-30,dated_calendar_applied,data/raw/gtfs/current/mie-kotsu__sancoiga__current.zip,64fd57320aff4c94f3a429c9067753dbf9bb1ae53ecf4387a9eb846ccdc22baa
df33cf01f1a42b00,三重交通(志摩営業所)|sanco.co.jp,三重交通(志摩営業所),7190001001047_7,https://www.sanco.co.jp/,三重交通,mie-kotsu,sancoshima,志摩営業所,三重県,16,311,367,2,3,current,23,17,6,32.06,27.455,29.51,22.182,651.224,482.42,05:30,21:19,68.05,2026-09-08,2027-01-02,dated_calendar_applied,data/raw/gtfs/current/mie-kotsu__sancoshima__current.zip,d01f09a44ecc940fa8804ca23c4d2c058bad00746c55e83d484518ea73c19459
4804a0391bd4610d,三重交通(松阪営業所)|sanco.co.jp,三重交通(松阪営業所),7190001001047_5,https://www.sanco.co.jp/,三重交通,mie-kotsu,sancomatsusaka,松阪営業所,三重県,11,355,369,3,3,current,213,153,60,152.484,100.0,102.105,70.583,2502.947,1761.873,06:00,21:54,136.96,2026-06-01,2026-12-30,dated_calendar_applied,data/raw/gtfs/current/mie-kotsu__sancomatsusaka__current.zip,776fc7d6d50124200e882a3644c7ea9041ba599485df90d614cb65148d9a558b
d7ffba0c9b9c74fa,三重交通(四日市営業所)|sanco.co.jp,三重交通(四日市営業所),7190001001047_1,https://www.sanco.co.jp/,三重交通,mie-kotsu,sancoyokkaichi,四日市営業所,三重県,17,1374,603,3,3,current,114,82,32,570.683,397.0,395.768,264.767,7618.634,5403.56,05:43,23:14,39.12,2026-09-08,2026-12-30,dated_calendar_applied,data/raw/gtfs/current/mie-kotsu__sancoyokkaichi__current.zip,ed611464940ceaf2e1d558352026af97249dcb0ae07f918fd8240256dd9e1be6
fde5953a8ba11f07,三重交通(桑名営業所)|sanco.co.jp,三重交通(桑名営業所),7190001001047_3,https://www.sanco.co.jp/,三重交通,mie-kotsu,sancokuwana,桑名営業所,三重県,14,1429,438,3,3,current,114,82,32,547.39,438.0,419.188,320.15,10616.97,7971.641,05:30,23:44,35.72,2026-09-08,2026-12-30,dated_calendar_applied,data/raw/gtfs/current/mie-kotsu__sancokuwana__current.zip,f96dfe91fd5e1fe2a708d5dd21d7f25b5015422363df9bc275b1d4e22a593b84
46403a81ab310685,三重交通(伊勢営業所)|sanco.co.jp,三重交通(伊勢営業所),7190001001047_6,https://www.sanco.co.jp/,三重交通,mie-kotsu,sancoise,伊勢営業所,三重県,15,782,442,3,3,current,121,87,34,274.414,253.0,183.179,167.367,3585.466,3290.273,05:28,21:16,47.79,2026-09-01,2026-12-30,dated_calendar_applied,data/raw/gtfs/current/mie-kotsu__sancoise__current.zip,2ecf98acf7781e186585179ab97290f671cf6130d82027e3cc982ffbc9ea677f
c506b762db2225ed,明和町|town.meiwa.mie.jp,明和町,6000020244422,https://www.town.meiwa.mie.jp/kurashi/doro_kotsu/chomin_bus/index.html,明和町,mie-meiwatown,chominbus,明和町町民バス,三重県,2,15,36,1,3,current,363,259,104,14.885,15.0,13.893,14.0,205.389,206.975,07:00,17:19,87.38,2026-04-01,2027-03-31,dated_calendar_applied,data/raw/gtfs/current/mie-meiwatown__chominbus__current.zip,3044131c0cc5f90bc96bce7411943952efa715f49a1b4d8a0c850c5decc33fae
d3284d2ef4f58b7a,南伊勢町|town.minamiise.lg.jp,南伊勢町,1000020244724,https://www.town.minamiise.lg.jp/admin/shoshiki/kankyou/seikatsu/bus/512.html,南伊勢町,minamiisetown,choeibus,南伊勢町営バス,三重県,10,139,163,4,3,current,375,268,107,113.683,91.0,66.743,51.217,1398.826,1128.256,05:45,21:14,76.2,2026-09-20,2027-09-29,dated_calendar_applied,data/raw/gtfs/current/minamiisetown__choeibus__current.zip,cf598c4c2c6f51981aa047931d3c61b10244bce2c901fea5251f9cd13e3509e5
c4de497042e3a761,三重県名張市|city.nabari.lg.jp,三重県名張市,4000020242080,https://www.city.nabari.lg.jp/020/085/100/index.html,名張市,nabaricity,communitybus,名張市コミュニティバス,三重県,10,56,183,4,3,current,241,241,0,49.142,0.0,24.345,0.0,389.025,0.0,07:32,18:30,120.33,2026-04-01,2027-03-31,dated_calendar_applied,data/raw/gtfs/current/nabaricity__communitybus__current.zip,0fc3a293a3ed321f1e13be742f15e961cd254014d3c17f7f353c3a2e7e3b354a
65d4d24224b4a518,大台町|odaitown.jp,大台町,5000020244431,https://www.odaitown.jp/soshiki/yakuba/8/4/7_2/2294.html,大台町,odaitown,choeibus,大台町営バス,三重県,3,26,103,4,3,current,415,297,118,21.475,16.0,17.964,15.95,486.84,440.499,06:13,19:10,111.54,2026-08-11,2027-09-29,dated_calendar_applied,data/raw/gtfs/current/odaitown__choeibus__current.zip,6d147cf14d60f6d1e5dd2236f50cfaa7daa0905c87942c8269bc29819edf668a
46a618bc4afa3021,尾鷲市|city.owase.lg.jp,尾鷲市,3000020242098,https://www.city.owase.lg.jp/category/7-3-10-2-0-0-0-0-0-0.html,尾鷲市,owasecity,fureaibus,尾鷲市ふれあいバス,三重県,6,63,146,4,3,current,364,260,104,61.0,54.5,34.283,32.067,711.985,678.051,06:49,19:31,74.77,2026-02-02,2027-01-31,dated_calendar_applied,data/raw/gtfs/current/owasecity__fureaibus__current.zip,8d4d8ebe5138c206d795f39db3569b0b6d046b325c4a0e01c0a660a1bc78ec21
3cc877fe3acb2648,生活バス四日市|rosenzu.com,生活バス四日市,5190005009369,https://www.rosenzu.com/sbus/,生活バス四日市,seikatsubus-yokkaichi,sbusyokkaichi,生活バスよっかいち,三重県,1,8,40,1,3,current,391,391,0,8.0,0.0,5.867,0.0,74.723,0.0,08:00,18:04,80.0,2026-04-01,2027-09-29,dated_calendar_applied,data/raw/gtfs/current/seikatsubus-yokkaichi__sbusyokkaichi__current.zip,4a280187d79295427a7eb97477ff6a37e92ee3086129664e2001784ffa2eb26b
6b32abc949aac89f,志摩市|city.shima.mie.jp,志摩市,7000020242152,https://www.city.shima.mie.jp/kurashi_tetsuzuki/kokyokotu/index.html,志摩市,shimacity,anori,安乗線代替バス,三重県,1,6,27,1,3,current,63,18,45,0.514,3.176,0.317,1.959,5.883,36.333,08:26,15:27,76.8,2026-06-07,2027-03-28,dated_calendar_applied,data/raw/gtfs/current/shimacity__anori__current.zip,3c5f4e507b1539d95de28aabf818f8f267cf67208a07a2ddf37a7336382121c9
dc45d9f674c7eb29,鈴鹿市|city.suzuka.lg.jp,鈴鹿市,5000020242071,https://www.city.suzuka.lg.jp/shisei/cityprofile/1004196/1009619.html,鈴鹿市,suzukacity,communitybus,鈴鹿市コミュニティバスC-BUS,三重県,4,72,248,5,3,current,198,142,56,54.845,53.0,70.711,69.55,1355.432,1323.429,06:08,20:44,64.1,2026-09-15,2027-03-31,dated_calendar_applied,data/raw/gtfs/current/suzukacity__communitybus__current.zip,74cf7a75d1309d226d3071719699ee47263906d80ccaebf024904e4e15edb8ae
82f8e2a322296fbd,多気町|town.taki.mie.jp,多気町,6000020244414,https://www.town.taki.mie.jp/life/soshiki/kankyo/1/index.html,多気町,takitown,choeibus,多気町営バス,三重県,1,9,51,1,3,current,273,273,0,8.245,0.0,6.871,0.0,162.892,0.0,06:40,18:54,86.25,2025-12-10,2027-01-31,dated_calendar_applied,data/raw/gtfs/current/takitown__choeibus__current.zip,f6566471214bd07f40e206e4cc04568fede7075725abfda337ce942766efc1c6
86632681cd96861c,鳥羽市|city.toba.mie.jp,鳥羽市,8000020242110,https://www.city.toba.mie.jp/soshiki/t_kanri/gyomu/doro_kotsu/kokyo_kotsu/1910.html,鳥羽市,tobacity,communitybus,鳥羽市　かもめバス,三重県,5,134,135,3,3,current,212,152,60,78.355,72.0,55.7,52.25,946.614,898.346,06:00,21:10,65.22,2026-09-01,2027-03-31,dated_calendar_applied,data/raw/gtfs/current/tobacity__communitybus__current.zip,8786994b6a0c05eb2f8f4d7eabab87123249939a678fd566bd64e0af03c20670
0df2f44283a5f464,東員町|town.toin.lg.jp,東員町,9000020243248,https://www.town.toin.lg.jp/kurashi_tetsuzuki/kokyokotsu/1/index.html,東員町,tointown,communitybus,東員町「オレンジバス」,三重県,4,31,159,1,3,current,439,315,124,30.804,30.508,31.053,30.754,470.888,466.356,06:25,20:21,147.59,2026-07-14,2027-09-29,dated_calendar_applied,data/raw/gtfs/current/tointown__communitybus__current.zip,90099fc084f53c1903866a75f733177681807460c2f74297db220f892a6779e8
b231d467c29dfdb0,津市|info.city.tsu.mie.jp,津市,7000020242012,https://www.info.city.tsu.mie.jp/kurashi/douro_koutsuu/1002291/1011566.html,津市,tsucity,communitybus,津市コミュニティバス,三重県,19,159,373,17,3,current,359,257,102,39.356,14.221,36.13,10.045,681.516,184.12,06:55,19:29,89.7,2026-04-01,2027-03-31,dated_calendar_applied,data/raw/gtfs/current/tsucity__communitybus__current.zip,02fdb0d5476340488a168bafac5879b2d666dfd6074f6e3987738f18cb72bc9d
25725638edbeda10,度会町|town.watarai.lg.jp,度会町,1000020244708,https://www.town.watarai.lg.jp/category_list.php?frmCd=1-10-1-0-0,度会町,wataraitown,choeibus,度会町営バス,三重県,3,12,91,3,3,current,154,154,0,2.36,0.0,1.669,0.0,41.876,0.0,09:10,13:54,68.33,2026-04-01,2027-03-31,dated_calendar_applied,data/raw/gtfs/current/wataraitown__choeibus__current.zip,c466a404dfd4f9e2e76b70e682af6277b7959b61ea50b2376ab90d7af08164af
2e24efa74037fa6f,四日市市|city.yokkaichi.lg.jp,四日市市,6000020242021,https://www.city.yokkaichi.lg.jp/www/contents/1001000001840/index.html,四日市市,yokkaichicity,communitybus,四日市市自主運行バス,三重県,2,17,37,2,3,current,396,284,112,8.38,8.321,7.66,7.64,126.389,126.329,07:30,18:07,81.51,2025-12-01,2026-12-31,dated_calendar_applied,data/raw/gtfs/current/yokkaichicity__communitybus__current.zip,1e9de1eb6225716c06cf7413bb5abb2ac076e1b496932a26aa661261d8dece1b
f8c028722fa3ee00,東近江市|city.higashiomi.shiga.jp,東近江市,2000020252131,https://www.city.higashiomi.shiga.jp/0000007636.html,東近江市,higashiomicity,higasiohmisicommunitybus,東近江市ちょこっとバス,滋賀県,12,115,271,6,3,current,364,261,103,103.951,78.24,69.274,53.151,1292.952,1009.391,06:50,19:35,95.32,2025-09-29,2026-09-30,dated_calendar_applied,data/raw/gtfs/current/higashiomicity__higasiohmisicommunitybus__current.zip,31fbe8f69adf7ab11770e403f71201bdd4bbecb438d4abe0c59865e601c9a0e8
25f5a95f365d2379,甲賀市コミュニティバス|city.koka.lg.jp,甲賀市コミュニティバス,7000020252093,http://www.city.koka.lg.jp/1981.htm,甲賀市,kokacity,sinaicommunitybus,甲賀市コミュニティバス,滋賀県,15,271,436,30,3,current,362,260,102,213.418,95.135,121.598,56.853,2764.805,1323.805,06:05,21:09,95.03,2026-04-01,2027-03-31,dated_calendar_applied,data/raw/gtfs/current/kokacity__sinaicommunitybus__current.zip,33db4bcdad67819498aa551c628ae49ab73367d9264291d5f0de09c437aa0144
78b9257d94ba14e6,草津市|city.kusatsu.shiga.jp,草津市,7000020252069,https://www.city.kusatsu.shiga.jp/kurashi/kotsudorokasen/mamebus/jikokuhyou.html,草津市,kusatsucity,kusatsusimamebus,草津市コミュニティバス　まめバス,滋賀県,5,82,138,3,3,current,317,262,55,50.919,18.496,37.479,13.077,470.357,171.643,06:30,20:16,83.64,2026-03-01,2027-03-31,dated_calendar_applied,data/raw/gtfs/current/kusatsucity__kusatsusimamebus__current.zip,57650d2853a2f9cae3f9b6b7de09a29b438547dbbeffdaad2504a694b0689840
378ab4f2c75eff26,近江鉄道|ohmitetudo.co.jp,近江鉄道,1160001008109,https://www.ohmitetudo.co.jp/bus/,守山市,moriyamacity,kuruttobus,草津市、守山市、栗東市　くるっとバス,滋賀県,2,20,135,2,3,current,241,199,42,18.512,4.884,15.581,4.233,209.438,59.248,07:00,19:57,77.79,2026-06-04,2027-03-31,dated_calendar_applied,data/raw/gtfs/current/moriyamacity__kuruttobus__current.zip,17f220be47bddfb83a5c528f7add84dcb12acb71ef1724fc642d40c100d3b594
aef4e3ecacfed9e0,長浜市|city.nagahama.lg.jp,長浜市,9000020252034,https://www.city.nagahama.lg.jp/0000002296.html,長浜市,nagahamacity,nishiazaiodekakewagon,長浜市コミュニティバス　西浅井おでかけワゴン　,滋賀県,3,15,35,1,3,current,265,221,44,14.733,7.333,13.555,6.747,260.126,129.475,06:40,19:09,88.83,2026-05-21,2027-03-31,dated_calendar_applied,data/raw/gtfs/current/nagahamacity__nishiazaiodekakewagon__current.zip,28c88fa54e38bda2c8c2c3a8de957a22088bb6e021ad037b23a2cc527f9c06f3
4b30648412728a98,近江八幡市(あかこんバス)|city.omihachiman.lg.jp,近江八幡市（あかこんバス）,9000020252042,https://www.city.omihachiman.lg.jp/soshiki/kotsu/1/1/index.html,近江八幡市,omihachimancity,akakonbus,近江八幡市　あかこんバス　,滋賀県,12,133,449,1,3,current,514,428,86,130.56,65.736,98.591,49.639,1685.005,848.385,07:25,18:53,61.03,2025-09-29,2027-05-31,dated_calendar_applied,data/raw/gtfs/current/omihachimancity__akakonbus__current.zip,8b92013eebe25e8a46c1e95de3bff2b7c2959a7bf1aa2e4df2fcdec268624161
9863f74a3e136ce4,日野町|town.shiga-hino.lg.jp,日野町,3000020253839 ,https://www.town.shiga-hino.lg.jp/0000003577.html,日野町,shiga-hinotown,choueibus,日野町営バス,滋賀県,3,56,106,3,3,current,293,243,50,39.874,10.577,20.353,5.321,391.366,100.016,07:18,18:08,51.85,2026-04-01,2027-03-31,dated_calendar_applied,data/raw/gtfs/current/shiga-hinotown__choueibus__current.zip,76d3e460a0946336c480f984e052112fd3b56005fa1c257bac131c6381a65af8
108518c2f65ca1ea,湖南市|city.shiga-konan.lg.jp,湖南市,2000020252115,https://www.city.shiga-konan.lg.jp/kurashi/doro/2/2/index.html,湖南市,shiga-konancity,konansimegurukun,湖南市コミバスめぐるくん,滋賀県,13,106,224,4,3,current,362,260,102,95.571,44.135,53.061,26.742,922.196,466.551,06:33,21:09,138.24,2026-04-01,2027-03-31,dated_calendar_applied,data/raw/gtfs/current/shiga-konancity__konansimegurukun__current.zip,97513edef8729b94d1d94843505e87ae677aea91d36e321fef299635ee069080
794bb9caf6c41de1,高島市|city.takashima.lg.jp,高島市,2000020252123,http://www.city.takashima.lg.jp/www/contents/1615879446143/index.html,高島市,takashimacity,takasimasicommunitybus,高島市コミュニティバス,滋賀県,18,181,305,11,3,current,367,263,104,169.452,107.24,87.099,57.988,1925.287,1352.975,06:24,19:36,98.94,2026-03-30,2027-03-31,dated_calendar_applied,data/raw/gtfs/current/takashimacity__takasimasicommunitybus__current.zip,b2486e88f2458e888810f19ebfa52e708259254c19dff7cf0798fb3f2355e54b
f024f25c51707d57,野洲市|city.yasu.lg.jp,野洲市,2000020252107,https://www.city.yasu.lg.jp/soshiki/tosi/komibasu/1450767151108.html,野洲市,yasucity,onoriyasu,野洲市コミバスおのりやす,滋賀県,12,49,160,1,3,current,292,241,51,45.245,24.029,40.751,21.642,759.255,403.225,07:57,18:01,170.17,2026-04-01,2027-03-31,dated_calendar_applied,data/raw/gtfs/current/yasucity__onoriyasu__current.zip,bd3bb67d370ea70ecfcadf0f3c475ce0eeebe2cfaac67146c4d5baa041935578
4334858809a92bbf,神姫観光|limonbus.com,神姫観光株式会社,2140001059268,https://www.limonbus.com/en/,神姫観光,shinkikanko,limonbus,Limon Bus,大阪府,4,4,11,1,3,current,365,261,104,4.0,4.0,40.083,40.083,1156.627,1156.627,07:20,18:45,,2026-04-01,2027-03-31,dated_calendar_applied,data/raw/gtfs/current/shinkikanko__limonbus__current.zip,d99a283ad71fac5a4520e7f0ef3e7291766e1e8ed4b39343d6b349dd4f1a0249
381f9d34c5253639,明石市|city.akashi.lg.jp,明石市,9000020282031_1,https://www.city.akashi.lg.jp/doboku/kousei_ka/machizukuri/kotsu/kokyo/taco-bus/rosenzu/index.html#rosenzu,明石市,akashicity,tacobustacobusmini,たこバス/たこバスミニ,兵庫県,15,446,260,2,3,current,395,283,112,228.025,217.0,118.207,110.567,1393.448,1288.367,06:42,21:23,56.56,2026-04-01,2027-04-30,dated_calendar_applied,data/raw/gtfs/current/akashicity__tacobustacobusmini__current.zip,6d1e609a802e8a23958c1954f9c3f492779184136b1c3e6f29fc3e1015b1fecf
a84f1780d62f6711,東備西播定住自立圏形成推進協議会|city.ako.lg.jp,東備西播定住自立圏形成推進協議会,2000020282120_1,https://www.city.ako.lg.jp/koushitsu/kikaku/areabus.html,赤穂市,akocity,teijuurou,ていじゅうろう,兵庫県,2,8,154,1,3,current,334,279,55,7.887,3.929,9.793,4.878,220.424,109.796,07:40,16:45,150.83,2026-04-01,2027-04-30,dated_calendar_applied,data/raw/gtfs/current/akocity__teijuurou__current.zip,b6eac36b62885de54724887047ce21a5231373f5d0deed032287047c9a790743
da2690b82cb9e143,赤穂市|city.ako.lg.jp,赤穂市,2000020282120_1,https://www.city.ako.lg.jp/koushitsu/kikaku/yuranosuke.html,赤穂市,akocity,yuranosuke,ゆらのすけ,兵庫県,6,32,254,3,3,current,334,279,55,16.095,6.384,15.862,5.492,290.523,102.325,07:30,17:46,140.18,2026-04-01,2027-04-30,dated_calendar_applied,data/raw/gtfs/current/akocity__yuranosuke__current.zip,99ac8610273f13dc27ff5c54b3ef71def298b2a293c1f0ab3ab892814bf93117
78cfe51698f6c2f7,淡路市|city.awaji.lg.jp,淡路市,2000020282260,http://www.city.awaji.lg.jp/soshiki/toshisoumu/26263.html,淡路市,awajicity,awajinawahimebus,あわ神あわ姫バス,兵庫県,6,124,223,3,3,current,365,261,104,57.287,61.75,97.351,98.246,11989.938,151095.933,05:47,22:15,61.93,2026-03-12,2027-03-11,dated_calendar_applied,data/raw/gtfs/current/awajicity__awajinawahimebus__current.zip,2a92c9e2ccea77e93b5171e48298c8360ff5f96826c209035c717e14ace439ea
af67b0c25c3ecdbf,福崎町|town.fukusaki.hyogo.jp,福崎町,9000020284432_1,http://www.town.fukusaki.hyogo.jp/0000000924.html,福崎町,fukusakitown,junkai-fukuhime-fukusakikasairenkei,巡回バス/ふくひめ号/福崎町・加西市連携コミュニティバス,兵庫県,7,42,196,5,3,current,294,244,50,29.433,7.692,22.657,6.282,408.9,97.823,07:11,19:44,203.85,2026-04-01,2027-03-31,dated_calendar_applied,data/raw/gtfs/current/fukusakitown__junkai-fukuhime-fukusakikasairenkei__current.zip,d3e421b12a352f99f67cbf9b6fa1a23f1098d4ec15854d5dfa78481093109834
c0ec2abe4d5fae40,姫路市|city.himeji.lg.jp,姫路市,1000020282014,https://www.city.himeji.lg.jp/sangyo/0000004453.html,姫路市,himejicity,ieshima-boze-yukihiko,家島コミュニティバス/坊勢コミュニティバス/コミュニティバス雪彦,兵庫県,5,74,108,6,3,current,291,241,50,33.535,3.487,14.889,1.638,165.429,11.612,07:30,17:48,43.31,2025-10-13,2027-03-31,dated_calendar_applied,data/raw/gtfs/current/himejicity__ieshima-boze-yukihiko__current.zip,8148bcfeac89ae3b23958ea4aaa924f505c9fc0076576d0980fb43a914a4789a
509bb0712b56ee5e,神河町|town.kamikawa.hyogo.jp,神河町,7000020284467_1,https://www.town.kamikawa.hyogo.jp/0000003001.html,神河町,hyogo-kamikawatown,communitybus,コミュニティバス,兵庫県,5,118,241,3,3,current,275,196,79,58.39,35.417,31.724,22.007,811.307,538.069,06:07,18:47,54.23,2026-04-29,2027-03-31,dated_calendar_applied,data/raw/gtfs/current/hyogo-kamikawatown__communitybus__current.zip,240b2261f8b3c51dfbef9ee147a30b24e1800ed7ebad48640337dc0544167e35
15fca94b47bc0706,小野市|city.ono.hyogo.jp,小野市,8000020282189_1,https://www.city.ono.hyogo.jp/soshikikarasagasu/sogoseisakubu_kotsuseisakugroup/gyomuannai/3/1/1831.html,小野市,hyogo-ono,ranranbus,らんらんバス,兵庫県,12,99,309,17,3,current,363,259,104,46.26,23.667,28.026,17.233,520.992,298.326,06:29,20:50,143.61,2025-09-29,2027-03-31,dated_calendar_applied,data/raw/gtfs/current/hyogo-ono__ranranbus__current.zip,f2a3a987a8afc31218a5a783fe942d40bd3e274653e2db837cafc5a8119dcef3
0d56b56bd66de99d,市川町|town.ichikawa.lg.jp,市川町,9000020284424_1,https://www.town.ichikawa.lg.jp/info/628,市川町,ichikawatown,communitybus,コミュニティバス,兵庫県,2,13,114,1,3,current,259,259,0,12.9,0.0,15.183,0.0,356.301,0.0,06:33,18:50,121.7,2026-05-01,2027-04-30,dated_calendar_applied,data/raw/gtfs/current/ichikawatown__communitybus__current.zip,d0d051e47916d607d6abcffd7b381e3e6918c3199f5fcc99303b256355737679
84a055b672744d86,猪名川町|town.inagawa.lg.jp,猪名川町,2000020283011_1,https://www.town.inagawa.lg.jp/soshiki/1024/koukyoukotsu/hureaibus/jikoku_rosen_untin.html,猪名川町,inagawatown,fureaibus,ふれあいバス,兵庫県,2,8,136,1,3,current,257,257,0,7.877,0.0,10.667,0.0,169.288,0.0,08:30,18:49,149.33,2025-10-01,2026-09-30,dated_calendar_applied,data/raw/gtfs/current/inagawatown__fureaibus__current.zip,f9c24f3341945b67e136f8a0ab73b0ba1c90c6b00c5fc80fd38d678aa8718238
1d24791b4d7eba25,加古川市|city.kakogawa.lg.jp,加古川市,3000020282103_1,https://www.city.kakogawa.lg.jp/soshikikarasagasu/tosi_kekaku/tosikekakuka/kotsuseisaku/communitykoutuu/index.html,加古川市,kakogawacity,kakobuskakobusmini,かこバス/かこバスミニ,兵庫県,13,500,404,8,3,current,380,272,108,271.518,137.741,138.743,75.286,1996.873,1081.314,05:53,22:09,41.26,2026-09-15,2027-09-29,dated_calendar_applied,data/raw/gtfs/current/kakogawacity__kakobuskakobusmini__current.zip,d5f9117b551ad634241339a66b93decb40ba9870c147347a0e2c1e2cbcba67c5
b4a54f2399be6b66,上郡町|town.kamigori.hyogo.jp,上郡町,6000020284815_1,https://www.town.kamigori.hyogo.jp/soshiki/chiiki/gyomuannai/16/2_1/6140.html,上郡町,kamigoritown,ainorigo,愛のり号,兵庫県,8,65,133,1,3,current,291,239,52,59.75,32.19,17.435,9.393,468.185,252.236,06:13,20:51,89.85,2025-11-01,2026-10-31,dated_calendar_applied,data/raw/gtfs/current/kamigoritown__ainorigo__current.zip,b7180ebe27d1d2b23d9b8df7e9dcde928bb3637cf510c607558cdde3e7b0f391
f511057c68f76932,加西市|city.kasai.hyogo.jp,加西市,4000020282201_1,http://www.city.kasai.hyogo.jp/01kura/12jiko/01jiko.htm#20,加西市,kasaicity,kasaineppihappybus,KASAIねっぴー号/はっぴーバス,兵庫県,9,76,199,4,3,current,359,257,102,52.475,11.769,24.994,3.923,469.766,75.679,07:30,19:27,105.38,2026-04-01,2027-03-31,dated_calendar_applied,data/raw/gtfs/current/kasaicity__kasaineppihappybus__current.zip,3c18e43f30b923b80b192136cd0d2265db9fc02062bee5c3ba5841dead54150b
f511057c68f76932,加西市|city.kasai.hyogo.jp,加西市,4000020282201,https://www.city.kasai.hyogo.jp/site/koukyoukoutuu-kyougikai/2584.html,加西市,kasaicity,unifureaitomi,宇仁ふれあいバス/とみバス,兵庫県,4,30,125,4,3,current,241,241,0,9.253,0.0,6.163,0.0,100.486,0.0,08:00,16:31,96.6,2026-04-01,2027-03-31,dated_calendar_applied,data/raw/gtfs/current/kasaicity__unifureaitomi__current.zip,f6c4ac48b2cafdef7f37a7a3eb503a3eada0fe1a962a37733185a95ded25f179
f2f3b6f31df3de7d,神鉄タクシー|shintetsu.co.jp,神鉄タクシー株式会社,2140001015080,https://www.shintetsu.co.jp/taxi/,神戸市,kobecity,kobe-satoyama,北区青葉台・柏尾台地区「さとやま」,兵庫県,1,15,16,2,3,current,317,262,55,13.703,6.875,5.87,2.963,61.806,31.132,07:50,17:34,38.93,2026-03-02,2027-03-31,dated_calendar_applied,data/raw/gtfs/current/kobecity__kobe-satoyama__current.zip,db0a5c58f989ad01ad8090ef334348f3b0681384edbea14c6e3a3883b651f51e
a8fd65c38715d60a,山陽タクシー|sanyo-taxi.jp,山陽タクシー株式会社,9000020281000_1,https://sanyo-taxi.jp/community-bus/,神戸市,kobecity,kobe-shiokaze,神戸市コミュニティバス,兵庫県,3,19,41,2,3,current,292,241,51,17.411,4.904,10.614,4.904,104.369,44.828,09:30,19:17,30.61,2025-09-29,2026-09-30,dated_calendar_applied,data/raw/gtfs/current/kobecity__kobe-shiokaze__current.zip,895aa4752499b16d9f6c8c497f84f3a6d924594e9144b5b0d2e898ab4512fe9d
e619a910660496f6,東京・日本交通神戸営業所|city.kobe.lg.jp,東京・日本交通株式会社神戸営業所,6140001013659_1,https://www.city.kobe.lg.jp/a80014/shise/kekaku/jutakutoshikyoku/sogokotsu/nishiokamoto.html,神戸市,kobecity,kobe-shiokaze,神戸市コミュニティバス,兵庫県,1,19,14,1,3,current,295,244,51,17.627,9.317,7.592,4.013,68.335,36.12,09:00,18:05,29.33,2025-09-29,2026-09-30,dated_calendar_applied,data/raw/gtfs/current/kobecity__kobe-shiokaze__current.zip,895aa4752499b16d9f6c8c497f84f3a6d924594e9144b5b0d2e898ab4512fe9d
f2ab3427cf3bf892,キクヤ交通|city.kobe.lg.jp,キクヤ交通株式会社,2140001016566_1,https://www.city.kobe.lg.jp/a80014/shise/kekaku/jutakutoshikyoku/sogokotsu/chuokutobu.html,神戸市,kobecity,kobe-shiokaze,神戸市コミュニティバス,兵庫県,2,15,24,1,3,current,241,241,0,13.745,0.0,7.545,0.0,56.406,0.0,08:45,18:21,80.24,2025-09-29,2026-09-30,dated_calendar_applied,data/raw/gtfs/current/kobecity__kobe-shiokaze__current.zip,895aa4752499b16d9f6c8c497f84f3a6d924594e9144b5b0d2e898ab4512fe9d
dc25c40a36fd1911,スターハイヤー|city.kobe.lg.jp,スターハイヤー株式会社,2140001019172_1,https://www.city.kobe.lg.jp/a80014/shise/kekaku/jutakutoshikyoku/sogokotsu/nishisuma.html,神戸市,kobecity,kobe-shiokaze,神戸市コミュニティバス,兵庫県,2,40,33,2,3,current,363,260,103,23.27,15.846,11.621,7.147,111.625,73.007,09:00,18:33,53.48,2025-09-29,2026-09-30,dated_calendar_applied,data/raw/gtfs/current/kobecity__kobe-shiokaze__current.zip,895aa4752499b16d9f6c8c497f84f3a6d924594e9144b5b0d2e898ab4512fe9d
f2f3b6f31df3de7d,神鉄タクシー|shintetsu.co.jp,神鉄タクシー株式会社,2140001015080_1,https://www.shintetsu.co.jp/taxi/index.html,神戸市,kobecity,kobe-shiokaze,神戸市コミュニティバス,兵庫県,3,32,14,1,3,current,296,245,51,29.81,15.692,5.589,2.942,48.789,25.683,08:51,18:16,60.53,2025-09-29,2026-09-30,dated_calendar_applied,data/raw/gtfs/current/kobecity__kobe-shiokaze__current.zip,895aa4752499b16d9f6c8c497f84f3a6d924594e9144b5b0d2e898ab4512fe9d
bd7872f15728c2e8,南あわじ市|city.minamiawaji.hyogo.jp,南あわじ市,3000020282243,https://www.city.minamiawaji.hyogo.jp/soshiki/kyoudou/ranranbus.html,南あわじ市,minamiawajicity,lanrunbus,らん・らんバス,兵庫県,10,87,274,1,3,current,549,393,156,87.0,87.0,77.3,77.3,1720.988,1720.988,06:05,19:36,102.27,2025-09-29,2027-03-31,dated_calendar_applied,data/raw/gtfs/current/minamiawajicity__lanrunbus__current.zip,15a9dd336f8e9817c064ce69e44ef8e5d2353c9f4f3f547f4edb6181388042b0
66e9f405931569f2,西宮市(さくらやまなみバス)|nishi.or.jp,西宮市（さくらやまなみバス）,8000020282049_3,https://www.nishi.or.jp/kotsu/sakurayamanamibus/index.html,西宮市,nishinomiyacity,sakurayamanami,さくらやまなみバス,兵庫県,9,104,76,3,3,current,398,285,113,44.386,28.92,56.428,38.734,923.44,627.215,05:25,24:14,109.19,2025-09-29,2026-10-31,dated_calendar_applied,data/raw/gtfs/current/nishinomiyacity__sakurayamanami__current.zip,529d14fa545ca9cde65d3fc0498541468b02e39546c7e3e45464ee3476d1f1fe
0fe7949bde51db5b,西宮市|nishi.or.jp,西宮市,8000020282049_3,https://www.nishi.or.jp/kotsu/kotsu/kotsukeikaku/community/comm-bus-najio.html,西宮市,nishinomiyacity,najio-ikunokogen,名塩・生野高原ふれあいバス,兵庫県,5,18,31,1,3,current,266,266,0,16.919,0.0,7.613,0.0,118.887,0.0,07:35,19:30,107.31,2026-04-01,2027-04-30,dated_calendar_applied,data/raw/gtfs/current/nishinomiyacity__najio-ikunokogen__current.zip,8e63c17786fcd8d36d0195c3ecb29c6d76aaa8d98ca405ba1c287f5731ddc7f3
0fe7949bde51db5b,西宮市|nishi.or.jp,西宮市,8000020282049_4,https://www.nishi.or.jp/kotsu/kotsu/kotsukeikaku/community/comm-bus-koyoen.html,西宮市,nishinomiyacity,koyoen,甲陽地区コミュニティバス（こよたんバス）,兵庫県,3,18,29,1,3,current,263,263,0,16.728,0.0,3.903,0.0,52.717,0.0,08:45,18:59,108.0,2026-03-02,2027-03-31,dated_calendar_applied,data/raw/gtfs/current/nishinomiyacity__koyoen__current.zip,dd5225425d0af75c130757d9acee6b80c9f870792f455c791d269b71afc4f88d
4fd1ccc8f3f8581a,「ぐるっと生瀬」運行協議会|guruttonamaze.com,「ぐるっと生瀬」運行協議会,8000020282049_2,http://guruttonamaze.com/6root.html,西宮市,nishinomiyacity,guruttonamaze,ぐるっと生瀬,兵庫県,4,23,56,1,3,current,349,288,61,21.789,11.5,7.942,4.192,124.656,65.791,07:55,20:16,132.81,2026-04-01,2027-05-31,dated_calendar_applied,data/raw/gtfs/current/nishinomiyacity__guruttonamaze__current.zip,113111baa1c39c5e4a23938e01851c739823962178eae0320cac75b1da467e99
e44e923a4b6ca43b,西脇市|city.nishiwaki.lg.jp,西脇市,1000020282138_1,https://www.city.nishiwaki.lg.jp/kurashi/kokyokotsu/1460633528877.html,西脇市,nishiwakicity,loopbus-orihimebus,ループバス/おりひめバス,兵庫県,2,42,120,2,3,current,158,132,26,9.069,2.5,6.734,1.908,112.196,27.793,06:55,19:16,83.04,2025-09-29,2027-03-31,dated_calendar_applied,data/raw/gtfs/current/nishiwakicity__loopbus-orihimebus__current.zip,59f6a183f158b51b238b2a534aabc5a2d56f567a34ba87f2d63dc89d255d6e82
bfa69af863f27bbb,佐用町|town.sayo.lg.jp,佐用町,5000020285013_1,https://www.town.sayo.lg.jp/cms-sypher/www/info/detail.jsp?id=2178,佐用町,sayotown,communitybus,コミュニティバス,兵庫県,2,12,72,1,3,current,241,241,0,11.08,0.0,5.786,0.0,165.63,0.0,07:02,18:55,130.3,2026-05-01,2027-04-30,dated_calendar_applied,data/raw/gtfs/current/sayotown__communitybus__current.zip,16cf125a944bf473fbb78e6fee1fef65822e6096c5cbef4ee076c04312e30a90
f19cc086761d29ec,新温泉町民バス「夢つばめ」|town.shinonsen.hyogo.jp,新温泉町民バス「夢つばめ」,6000020285862,http://www.town.shinonsen.hyogo.jp/,新温泉町,shinonsentown,yumetsubame,町民バス夢つばめ,兵庫県,11,132,169,11,3,current,0,0,0,0.0,0.0,0.0,0.0,0.0,0.0,,,,2026-04-01,2027-03-31,missing_calendar_or_validity,data/raw/gtfs/current/shinonsentown__yumetsubame__current.zip,b3d5c77d3f5f173733cc1d419f67a1484c8a4d39892f18d55bef08cf125ca001
dfbfa41bae0f72c3,ウイング神姫|shinkibus.co.jp,株式会社ウイング神姫,8140001059270,https://www.shinkibus.co.jp/bus/area/shiso/index.html,宍粟市,shisocity,shitanbus-wingshinki,しーたんバス（蔦沢線・大谷線以外）,兵庫県,15,151,441,18,3,current,307,255,52,64.199,5.5,32.643,1.742,686.446,17.353,07:00,18:48,84.09,2026-04-01,2027-03-31,dated_calendar_applied,data/raw/gtfs/current/shisocity__shitanbus-wingshinki__current.zip,3e63b8feb089bfcf9996dcf25a3065a469ba3d1f8304321dae273f2c12b9df3d
bf192fc5c7fad648,篠陽タクシー|city.shiso.lg.jp,篠陽タクシー有限会社,5140002032634,https://www.city.shiso.lg.jp/soshiki/shiminseikatsu/shiminnkyoudou/tantojoho/kokyokotu/index.html,宍粟市,shisocity,shitanbus,しーたんバス（蔦沢線・大谷線）,兵庫県,2,16,104,2,3,current,239,239,0,11.318,0.0,5.851,0.0,155.688,0.0,07:20,18:17,75.53,2026-04-01,2027-03-31,dated_calendar_applied,data/raw/gtfs/current/shisocity__shitanbus__current.zip,8ac29fc3a588d9e363787c6ccf871e4d45ca6095c63971df4cba84114e0c1164
30841bd52059a753,洲本市コミュニティバス|city.sumoto.lg.jp,洲本市コミュニティバス,2802057_1,https://www.city.sumoto.lg.jp/soshiki/7/1505.html,洲本市,sumotocity,communitybus,コミュニティバス,兵庫県,2,17,62,2,3,current,365,261,104,16.862,16.827,14.68,14.654,368.07,367.357,06:21,19:14,91.97,2026-04-01,2027-03-31,dated_calendar_applied,data/raw/gtfs/current/sumotocity__communitybus__current.zip,dfe731923317e152efd40e911b63c023504e7896421af92a96077fe918f9d1a6
8af3ba1e65af1d94,フクユタクシー|fukuyu.jp,フクユタクシー,1140001078863_1,https://fukuyu.jp/business/bus,宝塚市,takarazukacity,runrunbus,ランランバス,兵庫県,1,55,10,2,3,current,410,339,71,25.724,12.953,9.861,4.965,58.519,29.466,07:00,20:53,30.0,2026-05-01,2027-09-29,dated_calendar_applied,data/raw/gtfs/current/takarazukacity__runrunbus__current.zip,f0d34de88ffd90c63c5e7a6d34190439b972512d7a5e3797e7d44cfaa48148dc
94ec5a53e4ffc1bd,高砂市|city.takasago.lg.jp,高砂市,1000020282162_1,https://www.city.takasago.lg.jp/gyoseisite/kurashi_tetsuzuki/doro_kotsu/1/index.html,高砂市,takasagocity,jotonbus,じょうとんバス,兵庫県,6,139,119,5,3,current,206,148,58,75.421,47.367,34.049,23.055,459.122,321.904,06:02,21:34,65.95,2026-09-01,2027-03-31,dated_calendar_applied,data/raw/gtfs/current/takasagocity__jotonbus__current.zip,07c1b35aa0629058d4ceafc49a762192ef578c10363cc0b471bd8882e12720fc
9af5db3eaef67451,たつの市|city.tatsuno.lg.jp,たつの市,1000020282294_1,https://www.city.tatsuno.lg.jp/kikaku/comibus.html,たつの市,tatsunocity,communitybus,コミュニティバス,兵庫県,7,32,140,1,3,current,317,262,55,29.625,15.714,30.15,15.993,615.053,326.244,06:30,19:13,225.31,2026-04-01,2027-04-30,dated_calendar_applied,data/raw/gtfs/current/tatsunocity__communitybus__current.zip,338e223437b542230129fd3537124c56b5f2ef83f2bf627ceb4f53130d7caefe
a7dcaf15031f9ef8,豊岡市|city.toyooka.lg.jp,豊岡市,7000020282090,https://www.city.toyooka.lg.jp/kurashi/dorokotsu/buskotsu/1019743.html,豊岡市,toyookacity,inacar,イナカー,兵庫県,4,43,170,4,3,current,294,243,51,35.464,1.962,19.039,1.095,473.452,28.561,06:08,19:48,94.34,2026-04-01,2027-03-31,dated_calendar_applied,data/raw/gtfs/current/toyookacity__inacar__current.zip,424bc1682f5a9fa7c9e1d02d5dea0b18d11c3976588641ecd89c08f535309444
a7dcaf15031f9ef8,豊岡市|city.toyooka.lg.jp,豊岡市,7000020282090,https://www.city.toyooka.lg.jp/kurashi/dorokotsu/buskotsu/1009598.html,豊岡市,toyookacity,kobus,コバス,兵庫県,4,20,45,2,3,current,365,261,104,19.586,14.0,14.52,10.733,165.694,120.821,07:40,18:42,68.34,2026-04-01,2027-03-31,dated_calendar_applied,data/raw/gtfs/current/toyookacity__kobus__current.zip,9cbdfdca8548a354244054bf3807b1556f6d2eb20858b372d9514005d59b5e90
80e36f594c8c1662,大和郡山市|city.yamatokoriyama.lg.jp,大和郡山市,3000020292036_1,https://www.city.yamatokoriyama.lg.jp/soshiki/koutu/7/1263.html,大和郡山市,yamatokoriyamacity,kingyobus,大和郡山市コミュニティバス,奈良県,3,19,75,1,3,current,241,241,0,8.755,0.0,9.638,0.0,112.21,0.0,07:30,17:59,98.72,2025-09-29,2027-09-29,dated_calendar_applied,data/raw/gtfs/current/yamatokoriyamacity__kingyobus__current.zip,484982d92ff46065f76ccd0658be9a39c476c70f093949ccd34a27f0768b1646
caeb6b2224486213,大和高田市コミュニティバスきぼう号|city.yamatotakada.nara.jp,大和高田市コミュニティバスきぼう号,3000020292028_0,https://www.city.yamatotakada.nara.jp/soshikikarasagasu/machishinkoka/1/2625.html,大和高田市,yamatotakadacity,communitybuskibougou,コミュニティバスきぼう号,奈良県,8,18,62,1,3,current,343,241,102,13.348,14.123,19.305,20.426,179.259,189.672,08:00,19:40,199.17,2026-01-01,2027-03-31,dated_calendar_applied,data/raw/gtfs/current/yamatotakadacity__communitybuskibougou__current.zip,1b4b8cd68a1cc88dd7e8af402daea70a18a91ef33a3bff91b81c66cf0c34b357
9cf4670d46004eba,有田川町|town.aridagawa.lg.jp,有田川町,5000020303666,https://www.town.aridagawa.lg.jp/top/kakuka/kibi/3/1/2/953.html,有田川町,aridagawatown,aridagawatownbus,有田川町コミュニティバス,和歌山県,15,33,164,8,3,current,249,249,0,6.316,0.0,4.064,0.0,61.843,0.0,06:44,17:48,158.12,2026-03-28,2027-03-31,dated_calendar_applied,data/raw/gtfs/current/aridagawatown__aridagawatownbus__current.zip,34894d1d86bd4d9435e1bdd58fadb9d3d59041c94dd9367d5438e417158fdb04
2bd6480f87ef3775,中紀バス|chukibus-group.co.jp,中紀バス,8170001010288,https://www.chukibus-group.co.jp/,中紀バス,chukibus,chukibus,中紀バス,和歌山県,6,60,148,4,3,current,193,138,55,47.13,23.327,19.969,10.945,441.283,247.777,06:49,18:35,74.92,2026-09-20,2027-03-31,dated_calendar_applied,data/raw/gtfs/current/chukibus__chukibus__current.zip,5f31ae08f7dc63a3f4924dced541e4fe09a6b30d65c41f76e9d35d25252551ca
f68aae6e777c4dcb,岩出市|city.iwade.lg.jp,岩出市,3000020302091,https://www.city.iwade.lg.jp/soshiki/3/2588.html,岩出市,iwadecity,junkaibus,岩出市巡回バス,和歌山県,3,24,177,1,3,current,265,191,74,23.875,23.368,27.722,27.133,398.452,389.998,07:50,19:10,86.9,2026-07-07,2027-03-31,dated_calendar_applied,data/raw/gtfs/current/iwadecity__junkaibus__current.zip,78f0a0c0e0bf4d3a56fb56e508c1bf1df6a9a9bf15008921531b18b2326a1b45
eba9cc2aad5e2626,かつらぎ町|town.katsuragi.wakayama.jp,かつらぎ町,4000020303411,https://www.town.katsuragi.wakayama.jp/010/070/2023-0816-0925-18.html,かつらぎ町,katsuragitown,community-bus,かつらぎ町コミュニティバス,和歌山県,3,24,77,2,3,current,361,259,102,23.448,20.596,15.259,14.221,272.382,256.488,06:30,18:35,80.76,2026-05-18,2027-05-17,dated_calendar_applied,data/raw/gtfs/current/katsuragitown__community-bus__current.zip,ccfc09a8f54253517d6ad1fd286ddfa4538be549f73ba37a43164c228a4dfca9
ced8e01232dc6a56,紀の川市|city.kinokawa.lg.jp,紀の川市,4000020302082,https://www.city.kinokawa.lg.jp/007/,紀の川市,kinokawacity,kinokawa_bus,紀の川市地域巡回バス・紀の川コミュニティバス,和歌山県,16,72,367,2,3,current,451,323,128,70.963,59.077,66.746,46.654,1236.495,846.355,06:20,19:15,141.75,2026-07-03,2027-09-29,dated_calendar_applied,data/raw/gtfs/current/kinokawacity__kinokawa_bus__current.zip,57baff8a79435751f50f16b300e4d6f515e687f35f16eff1bc454c69c5ed1acc
cad9c8e1fd143fcf,熊野御坊南海バス|kumanogobobus.nankai-nanki.jp,熊野御坊南海バス,7170001011444,https://kumanogobobus.nankai-nanki.jp/local/kumano/,熊野御坊南海バス株式会社,kumanogobobus,kumanogobobus_kumano,熊野御坊南海バス 熊野エリア,和歌山県,25,206,329,4,3,current,365,261,104,152.218,148.5,102.089,98.917,2463.436,2413.531,06:05,21:37,122.67,2026-04-01,2027-03-31,dated_calendar_applied,data/raw/gtfs/current/kumanogobobus__kumanogobobus_kumano__current.zip,cf1d6a9e26e78c473b622565c67ba434ec5dc55edce96171220016d956c1b33c
cad9c8e1fd143fcf,熊野御坊南海バス|kumanogobobus.nankai-nanki.jp,熊野御坊南海バス,7170001011444,https://kumanogobobus.nankai-nanki.jp/local/gobo/,熊野御坊南海バス株式会社,kumanogobobus,kumanogobobus_gobo,熊野御坊南海バス 御坊エリア,和歌山県,6,82,361,5,3,current,396,283,113,77.502,53.991,48.734,32.592,1327.742,900.49,06:55,20:15,61.07,2025-10-01,2026-10-31,dated_calendar_applied,data/raw/gtfs/current/kumanogobobus__kumanogobobus_gobo__current.zip,d2974c8892fb0f4011e2a5c9ad49549902d2635e27de09c854d2a70f08d89671
cac812f9ff9efcff,串本タクシー|kushimoto-taxi.co.jp,串本タクシー,3170001011737,http://www.kushimoto-taxi.co.jp/,くしもと観光周遊バス推進協議会（事務局：和歌山県立南紀熊野ジオパークセンター））,kushimoto,bus-kushimotokankoshuyu-wakayama-jp,くしもと観光周遊バス　まぐトル号,和歌山県,1,11,7,2,3,current,185,133,52,5.045,5.0,7.504,7.5,109.727,109.65,07:00,17:20,123.41,2026-09-28,2027-03-31,dated_calendar_applied,data/raw/gtfs/current/kushimoto__bus-kushimotokankoshuyu-wakayama-jp__current.zip,fa69cdcd38d1907e1eeedfe7da7ee2323d3fcfa1e66be510333fe6c8a1aad7c6
93f9b320d8365656,明光バス|meikobus.jp,明光バス,5170001009151,https://meikobus.jp/,明光バス株式会社,meikobus,meikobus,明光バス,和歌山県,24,218,434,23,3,current,206,148,58,153.568,157.586,164.51,173.474,4368.918,4754.541,06:08,23:26,93.19,2026-09-07,2027-03-31,dated_calendar_applied,data/raw/gtfs/current/meikobus__meikobus__current.zip,0ea42ef84abca5874f03a0d68e44bfba05422d522e80f04e4844aaaff6e3cf9b
e2b70194d2e58029,南海りんかんバス|rinkan.co.jp,南海りんかんバス,7170001010693,http://www.rinkan.co.jp/koyasan/,南海りんかんバス株式会社,rinkan,koyasan,南海りんかんバス高野山エリア,和歌山県,14,174,68,8,3,current,343,245,98,80.563,84.469,36.98,40.473,384.709,417.286,05:42,22:04,89.94,2026-04-23,2027-03-31,dated_calendar_applied,data/raw/gtfs/current/rinkan__koyasan__current.zip,793c79935fc88238a4f5e39b953245a10a20c1bf5e0f92200f1e5a01642b2631
e2b70194d2e58029,南海りんかんバス|rinkan.co.jp,南海りんかんバス,7170001010693,http://www.rinkan.co.jp/hashimoto/,南海りんかんバス株式会社,rinkan,hashimoto-rinkandenentoshi,南海りんかんバス橋本・林間田園都市エリア,和歌山県,10,288,77,4,3,current,369,263,106,154.122,124.377,48.617,37.875,851.936,656.708,05:43,23:07,46.93,2026-03-28,2027-03-31,dated_calendar_applied,data/raw/gtfs/current/rinkan__hashimoto-rinkandenentoshi__current.zip,3475747c7ad51f618a62e66fd28f4b93bbe2ea2e428f25bce69408cc611c22d8
bcf0e549eb803da4,龍神自動車|ryujinbus.com,龍神自動車,9170001008975,https://www.ryujinbus.com/routebus/,龍神自動車株式会社,ryujinbus,ryujinbus,龍神自動車,和歌山県,12,67,446,9,3,current,194,138,56,55.478,39.464,50.656,42.758,1276.914,1099.448,05:37,19:00,111.31,2026-09-19,2027-03-31,dated_calendar_applied,data/raw/gtfs/current/ryujinbus__ryujinbus__current.zip,138769deb13fb80b328927f2daece390998e814d6702df28517bf058d3fbdc0d
21500d6267aa8560,田辺市|city.tanabe.lg.jp,田辺市,4000020302066,https://www.city.tanabe.lg.jp/soshiki/kikaku/1/1_1/337.html,田辺市,tanabecity,Jumin-Bus,田辺市住民バス,和歌山県,10,34,248,10,3,current,257,257,0,15.693,0.0,12.112,0.0,296.867,0.0,05:30,19:47,234.9,2026-05-31,2027-05-31,dated_calendar_applied,data/raw/gtfs/current/tanabecity__Jumin-Bus__current.zip,1865156455ee774dfcf31b4b25d3b4f0082bfc1bf8cbe1b77dfdc849e4f48b63
f5a60f311d4e2b6b,益田市|city.masuda.lg.jp,益田市,2000020322041,https://www.city.masuda.lg.jp/soshikikarasagasu/seisakukikakukyoku/koutsutaisakuka/5/2/10865.html,益田市,masudacity,noriai,益田市乗合タクシー,島根県,2,10,109,1,3,current,304,304,0,9.354,0.0,8.231,0.0,216.113,0.0,07:05,18:03,156.83,2026-01-01,2027-03-31,dated_calendar_applied,data/raw/gtfs/current/masudacity__noriai__current.zip,e6af40891512f83a46064c6b4e036ebedb9014032cdfc568fc6a394ba23f6cb3
7d4b89eb4c2873f7,早島町|town.hayashima.lg.jp,早島町,2000020334235,http://www.town.hayashima.lg.jp/soshikikarasagasu/kikaku/communitybus/communitybus.html,早島町,hayashimatown,hayashimatowncommunitybus,早島町コミュニティバス,岡山県,2,44,76,2,3,current,293,243,50,40.966,17.308,15.176,6.498,238.9,102.608,06:54,19:37,35.6,2026-04-01,2027-03-31,dated_calendar_applied,data/raw/gtfs/current/hayashimatown__hayashimatowncommunitybus__current.zip,0d5fc22de61302088440a4f4513eb23a9b3e5e2c8887f791aa4b379b90df1c84
8ff33a5795ac2fd5,北振バス|city.ibara.okayama.jp,北振バス株式会社,3260001018112,https://www.city.ibara.okayama.jp/soshiki/3/1962.html,北振バス株式会社,hokushin-bus,ibaraaiaibus,井原あいあいバス,岡山県,6,55,135,6,3,current,359,257,102,16.889,14.308,18.669,15.651,351.166,296.124,06:50,17:37,130.69,2026-05-13,2027-05-12,dated_calendar_applied,data/raw/gtfs/current/hokushin-bus__ibaraaiaibus__current.zip,8db2f08a96465f08b82ae6e8b7ec8189f4b3d02b61fbd2f050bed5645c302740
b8f620e6d3007214,北振バス|hokushin-bus.com,北振バス株式会社,3260001018112,http://www.hokushin-bus.com/,北振バス株式会社,hokushin-bus,hokushinbus,北振バス,岡山県,15,154,213,6,3,current,365,261,104,69.881,40.0,41.248,25.275,988.161,608.218,06:27,19:48,145.26,2026-03-09,2027-03-08,dated_calendar_applied,data/raw/gtfs/current/hokushin-bus__hokushinbus__current.zip,0615e02db471b821660888b80b5fce20f39eddd5176fe12fc32c59ef6fe8241b
d8f8001f08b52449,鏡野町|town.kagamino.lg.jp,鏡野町,9000020336068,http://www.town.kagamino.lg.jp/?p=80305,鏡野町,kagaminotown,kagaminotownbus,鏡野町営バス,岡山県,5,26,248,5,3,current,296,244,52,20.199,12.0,17.45,9.817,397.71,222.027,06:30,19:03,240.26,2026-04-01,2027-03-31,dated_calendar_applied,data/raw/gtfs/current/kagaminotown__kagaminotownbus__current.zip,b67922d19f52148c0b36a83488a297628adede76c6348d77e669a533abbf32cd
ea7cf9753b02fce3,真庭市コミュニティバス『まにわくん』|city.maniwa.lg.jp,真庭市コミュニティバス『まにわくん』,7000020332143_1,https://www.city.maniwa.lg.jp/soshiki/12/1764.html,真庭市,maniwacity,maniwakun,真庭市コミュニティバス「まにわくん」,岡山県,3,33,337,4,3,current,365,261,104,32.23,29.75,38.646,36.053,1120.873,1050.023,06:25,20:17,79.34,2026-04-01,2027-03-31,dated_calendar_applied,data/raw/gtfs/current/maniwacity__maniwakun__current.zip,804546f21e2bc17058df8f486762109a5bec7f27610687b5349645dd3bbfb564
f855d437824f374b,奈義町|town.nagi.okayama.jp,奈義町,4000020336238,https://www.town.nagi.okayama.jp/gyousei/kurashi/sumai/seikatsukankyou/nagibus.html,奈義町,nagitown,nagibus,なぎバス,岡山県,1,8,54,1,3,current,293,242,51,7.418,3.923,5.749,3.04,157.114,83.095,07:15,19:26,97.86,2026-03-02,2027-03-01,dated_calendar_applied,data/raw/gtfs/current/nagitown__nagibus__current.zip,b9e5e99d51f0051d87e76c0b059cb8d22a0f68f1b167a574d2c0d0e52acf23a8
ef464b3fdea9c8eb,新見市|city.niimi.okayama.jp,新見市,6260001018935,https://www.city.niimi.okayama.jp/kurashi/kurashi_detail/index/8.html,新見市,niimicity,niimishieibus,新見市営バス,岡山県,10,54,295,9,3,current,297,247,50,46.847,1.923,18.794,0.585,500.594,12.497,06:40,18:35,343.3,2026-06-30,2027-06-29,dated_calendar_applied,data/raw/gtfs/current/niimicity__niimishieibus__current.zip,19d48d2db72b8eb0fd9d1f50b5c8efe382a0d4cbcea02ad5d39a3dcaaa3d6b22
7b2f67959fe885f1,瀬戸内市|city.setouchi.lg.jp,瀬戸内市,7000020332127,https://www.city.setouchi.lg.jp/uploaded/attachment/127865.pdf,瀬戸内市,setouchicity,setouchicitykankobus,長船だがし線,岡山県,1,22,6,1,3,current,60,8,52,1.354,21.185,0.706,11.042,9.641,150.858,09:35,17:20,32.14,2026-08-01,2027-01-31,dated_calendar_applied,data/raw/gtfs/current/setouchicity__setouchicitykankobus__current.zip,3ee5b4c5329b1fe7571a1370696f06662d88301626e198836d2e4d9f1847dbea
7b2f67959fe885f1,瀬戸内市|city.setouchi.lg.jp,瀬戸内市,7000020332127,https://www.city.setouchi.lg.jp/site/setouchicity-bus-info/,瀬戸内市,setouchicity,setouchicitybus,瀬戸内市営バス,岡山県,8,141,246,2,3,current,365,261,104,98.019,38.0,62.695,19.65,1478.129,536.291,06:30,20:42,60.17,2026-04-01,2027-03-31,dated_calendar_applied,data/raw/gtfs/current/setouchicity__setouchicitybus__current.zip,190c8a831ab6af75a834af5ff18416838939bf5117dc7fafa7ba5f934c35ce5f
6beb8ee79189ef88,勝央町|town.shoo.lg.jp,勝央町,5000020336220,https://www.town.shoo.lg.jp/soshiki/16/1266.html,勝央町,shootown,shoochofureaibus,勝央町ふれあいバス,岡山県,7,16,91,1,3,current,11,11,0,12.571,0.0,9.01,0.0,191.128,0.0,08:20,17:00,142.86,2026-09-11,2026-09-30,dated_calendar_applied,data/raw/gtfs/current/shootown__shoochofureaibus__current.zip,29bb1654678b23ed739faf6866edc63f25f77fd8faf59fe3e70599317f7ed793
92e5c5e493557ae6,阿佐海岸鉄道|asatetu.com,阿佐海岸鉄道株式会社,4480001006911,https://asatetu.com/schedule/,阿佐海岸鉄道株式会社,asatetu,asakaigantetsudo,阿佐海岸鉄道株式会社【DMV】,徳島県,2,40,16,4,3,current,365,261,104,25.739,22.0,14.495,14.183,373.788,385.24,06:20,17:38,49.75,2026-06-11,2027-06-10,dated_calendar_applied,data/raw/gtfs/current/asatetu__asakaigantetsudo__current.zip,d6c150065303d90885551d9a78449946a816ed308e40cd57d3243a7a4a2830f8
126c22215149d4e2,東みよし町|town.higashimiyoshi.lg.jp,東みよし町,9000020364894,https://www.town.higashimiyoshi.lg.jp/docs/984.html,東みよし町,higashimiyoshitown,higashimiyoshitownbus,東みよし町営バス,徳島県,2,15,63,2,3,current,383,274,109,14.304,10.364,7.384,5.413,189.947,139.241,06:48,19:03,133.96,2026-03-11,2027-03-31,dated_calendar_applied,data/raw/gtfs/current/higashimiyoshitown__higashimiyoshitownbus__current.zip,ea2e70bdbc0d25c1367fdc8aade6d9cf9c7154133eebebcb1a915fc615d05515
4a169d52710fc115,海陽町|town.kaiyo.lg.jp,海陽町,8000020363880,https://www.town.kaiyo.lg.jp/docs/2020021400014/,海陽町,kaiyotown,kaiyotownbus,海陽町営バス,徳島県,3,21,68,2,3,current,362,260,102,20.92,14.0,20.206,14.412,460.76,330.522,06:55,19:30,102.22,2026-04-01,2027-03-31,dated_calendar_applied,data/raw/gtfs/current/kaiyotown__kaiyotownbus__current.zip,a45196e7e1c7efe04caf747db81b408621bb4882f1be4a7649bdf8ecee058241
e8ea0428abe63191,北島町|town.kitajima.lg.jp,北島町,8000020364029,https://www.town.kitajima.lg.jp/mobile/docs/2280397.html,北島町,kitajimatown,kitajimatownfukushibus,北島町福祉バス,徳島県,8,20,80,4,3,current,245,245,0,5.303,0.0,3.523,0.0,55.236,0.0,09:00,17:05,125.0,2026-02-19,2027-02-18,dated_calendar_applied,data/raw/gtfs/current/kitajimatown__kitajimatownfukushibus__current.zip,87112c679502831471a0a6a6779422d21ee15db820082a4313f5ca496037de85
6c20f81da3d46821,松茂町|town.matsushige.tokushima.jp,松茂町,9000020364011,https://www.town.matsushige.tokushima.jp/docs/2023032400011/,松茂町,matsushigetown,matsushigetownbus,松茂町地域コミュニティバス,徳島県,4,56,59,4,3,current,483,347,136,35.506,25.623,15.057,10.545,201.68,142.067,06:42,18:21,82.39,2026-06-01,2027-09-29,dated_calendar_applied,data/raw/gtfs/current/matsushigetown__matsushigetownbus__current.zip,dc8bcb9b0b3bf6edc24e5d8c17dec299a2cb10078ad003e03ee109116c5b962f
79cd83ec94a17d8a,那賀町|town.tokushima-naka.lg.jp,那賀町,5000020363685,https://www.town.tokushima-naka.lg.jp/gyosei/kurashi/kotsu/2812.html,那賀町,nakatown,nakatownbus,那賀町営バス,徳島県,7,34,99,4,3,current,240,240,0,19.85,0.0,10.004,0.0,241.452,0.0,06:50,19:45,368.7,2026-04-30,2027-03-31,dated_calendar_applied,data/raw/gtfs/current/nakatown__nakatownbus__current.zip,c30eb8579d0b95b28f27e4adff2db66c1edc7318edce18ea1cf41896611edd89
44f66019228b9560,鳴門市|city.naruto.tokushima.jp,鳴門市,6000020362026,https://www.city.naruto.tokushima.jp/kurashi/sumai/kotsu/bus/tiiki.html,鳴門市,narutocity,narutocitychiikibus,鳴門市地域バス,徳島県,3,39,69,3,3,current,365,261,104,28.464,22.0,11.489,9.55,172.436,139.978,07:13,18:12,40.79,2026-04-07,2027-04-06,dated_calendar_applied,data/raw/gtfs/current/narutocity__narutocitychiikibus__current.zip,af2100e4a0ae4abca35804e542886fa5465261f9d44a772fc84dd43d41813989
771e9534464a7690,徳島バス|tokubus.co.jp,徳島バス,4480001001730,https://www.tokubus.co.jp/routebus/,徳島バス株式会社,tokubus,tokushimabus,徳島バス株式会社,徳島県,85,1888,1622,12,3,current,220,158,62,998.304,878.0,819.783,701.667,15640.056,14043.978,05:30,22:35,98.64,2026-08-24,2027-03-31,dated_calendar_applied,data/raw/gtfs/current/tokubus__tokushimabus__current.zip,dd208653c18242eb3868139267b1a63c7269af8f18e790142601224f39f0022a
5e572e2a3dec774c,徳島バス南部|nanbu.tokubus.co.jp,徳島バス南部,1480001007020,https://nanbu.tokubus.co.jp/,徳島バス南部株式会社,tokubus-nanbu,tokushimabusnanbu,徳島バス南部株式会社,徳島県,13,77,376,1,3,current,457,327,130,77.0,77.0,73.033,73.033,2108.271,2108.271,05:30,21:47,107.78,2025-10-01,2026-12-31,dated_calendar_applied,data/raw/gtfs/current/tokubus-nanbu__tokushimabusnanbu__current.zip,629fd86b1192370389f2373d7d601efb55771e882a72875cd672ef85b2eb70a8
b4a3b984e8b39756,三好市|miyoshi.i-tokushima.jp,三好市,4000020362085,https://www.miyoshi.i-tokushima.jp/kurashi/kotsu/shiei-bus/,三好市,tokushima-miyoshicity,miyoshicitybus,三好市営バス,徳島県,15,166,548,15,3,current,364,260,104,115.356,93.865,68.692,55.969,1590.222,1319.879,06:23,19:23,122.43,2026-04-01,2027-03-31,dated_calendar_applied,data/raw/gtfs/current/tokushima-miyoshicity__miyoshicitybus__current.zip,41b42f717cf8d744bcbc69e1f0b010e15c881154b593ff1351cf901308e48960
ff7f41a7c451e031,徳島市交通局|city.tokushima.tokushima.jp,徳島市交通局,6000020362018,https://www.city.tokushima.tokushima.jp/bus/,徳島市交通局,tokushima-shiei,tokushimacitybus,徳島市営バス,徳島県,5,241,106,2,3,current,365,261,104,109.379,134.0,65.825,68.667,705.69,714.811,06:40,21:48,45.95,2026-04-01,2027-03-31,dated_calendar_applied,data/raw/gtfs/current/tokushima-shiei__tokushimacitybus__current.zip,45846a05c031bbb110cd982fbf58b30102a4d21df627ae76914311941e3d87f6
19cac7a5f2f6d84b,上八万バス運営委員会|city.tokushima.tokushima.jp,上八万バス運営委員会,6000020362018,https://www.city.tokushima.tokushima.jp/smph/kurashi/koutsu/kotsu/jishuunko_bus/kamihachiman_komibas.html,徳島市,tokushimacity,kamihachimanbus,上八万コミュニティバス,徳島県,3,15,31,3,3,current,152,152,0,2.912,0.0,1.996,0.0,30.914,0.0,09:00,14:11,67.5,2026-04-01,2027-03-31,dated_calendar_applied,data/raw/gtfs/current/tokushimacity__kamihachimanbus__current.zip,c94ae4ebdaf1e301d77f7ffdf93c6fc3a102fd25652ed953827792e3b974f79b
ee4d27347ce9f3c9,応神ふれあいバス運行協議会|city.tokushima.tokushima.jp,応神ふれあいバス運行協議会,6000020362018,https://www.city.tokushima.tokushima.jp/smph/kurashi/koutsu/kotsu/jishuunko_bus/ojin_fureaibus.html,徳島市,tokushimacity,oujinfureaibus,応神ふれあいバス,徳島県,2,16,38,2,3,current,148,148,0,4.536,0.0,2.68,0.0,36.22,0.0,09:05,16:04,52.75,2026-04-01,2027-03-31,dated_calendar_applied,data/raw/gtfs/current/tokushimacity__oujinfureaibus__current.zip,75c2b81229aaf0e38e8d7cd7561c7a7beb75ddf619c44d9497e7c336d54263a3
66264ba5f3e92934,つるぎ町|town.tokushima-tsurugi.lg.jp,つるぎ町,7000020364681,https://www.town.tokushima-tsurugi.lg.jp/fs/4/3/0/4/7/4/_/__3_____________.pdf,つるぎ町,tsurugitown,tsurugitownbus,つるぎ町コミュニティーバス,徳島県,2,27,120,4,3,current,365,261,104,15.943,13.635,18.866,14.48,392.861,257.147,06:30,19:00,57.23,2026-04-01,2027-03-31,dated_calendar_applied,data/raw/gtfs/current/tsurugitown__tsurugitownbus__current.zip,49dfb0bad06606e98170cb22d62997fac7c9c064d94e392087a511e48df1da48
2bb00c4604794719,吉野川市|city.yoshinogawa.lg.jp,吉野川市,5000020362051,https://www.city.yoshinogawa.lg.jp/docs/2025030300034/,吉野川市,yoshinogawacity,yoshinogawacitybus,吉野川市代替バス,徳島県,1,8,29,1,3,current,364,260,104,7.969,8.0,6.243,6.267,158.16,158.768,07:04,17:38,84.14,2026-04-01,2027-03-31,dated_calendar_applied,data/raw/gtfs/current/yoshinogawacity__yoshinogawacitybus__current.zip,dafeb1152c594dbe44cd7277b633178db8ab699eabae42fca2960e8f7643eaa3
ca91fc798a0befb1,観音寺市のりあいバス|city.kanonji.kagawa.jp,観音寺市のりあいバス,8000020372056,https://www.city.kanonji.kagawa.jp/soshiki/7/206.html,観音寺市,kanonjicity,kanonjishi-noriaibus,観音寺市のりあいバス,香川県,6,31,77,2,3,current,315,264,51,20.649,10.135,35.039,17.098,577.41,281.158,07:00,19:03,153.71,2025-09-29,2027-03-31,dated_calendar_applied,data/raw/gtfs/current/kanonjicity__kanonjishi-noriaibus__current.zip,41cd27125a03983a11db4e381325f4628acdace61801d1760860c9d537ceba12
2298d9a183607775,琴参バス|kotosan.co.jp,琴参バス株式会社,3470001009643,https://www.kotosan.co.jp/,琴参バス株式会社,kotosan,sakaide-local,坂出路線,香川県,19,247,295,4,3,current,365,261,104,92.632,56.596,66.723,41.723,1226.074,744.965,05:25,20:15,174.06,2026-03-02,2027-03-01,dated_calendar_applied,data/raw/gtfs/current/kotosan__sakaide-local__current.zip,a0243316475d606b295a1d3341f1c98e9b3735f7a454ebfce4f0998715511023
2298d9a183607775,琴参バス|kotosan.co.jp,琴参バス株式会社,3470001009643,https://www.kotosan.co.jp/rosen/,琴参バス株式会社,kotosan,kotohira-local,琴平路線,香川県,3,74,227,4,3,current,365,261,104,46.621,8.0,23.954,3.233,645.326,95.47,06:03,20:29,61.94,2025-10-01,2026-09-30,dated_calendar_applied,data/raw/gtfs/current/kotosan__kotohira-local__current.zip,78f602857f93786e2a2be49c0383687d0446cf6a4450da101709bada7c132ef4
2298d9a183607775,琴参バス|kotosan.co.jp,琴参バス株式会社,3470001009643,http://www.kotosan.co.jp/,琴参バス株式会社,kotosan,marugame-community,丸亀コミュニティバス,香川県,5,212,312,4,3,current,365,261,104,61.034,50.0,75.629,61.867,1328.78,1091.586,06:16,20:28,67.39,2025-10-01,2026-09-30,dated_calendar_applied,data/raw/gtfs/current/kotosan__marugame-community__current.zip,e14ac55910ef5992fc256c062daa0e56420c14b951ea1ef0632a86f52ae94f71
1fb6bee0e3d4ae4a,三豊市コミュニティバス|city.mitoyo.lg.jp,三豊市コミュニティバス,7000020372081,https://www.city.mitoyo.lg.jp/kurashi/kotsu/11697.html,三豊市,mitoyocity,mitoyocommunitybus,三豊市コミュニティバス,香川県,12,185,372,4,3,current,362,260,102,140.326,85.817,107.182,63.088,2275.749,1324.715,06:25,19:31,65.94,2026-04-01,2027-03-31,dated_calendar_applied,data/raw/gtfs/current/mitoyocity__mitoyocommunitybus__current.zip,0005146d65101522711d88568496593b1fcd56d3b2d7c452cb7be32035c6abc7
4f21ad129e1f7043,直島町|town.naoshima.lg.jp,直島町,9000020373648,http://www.town.naoshima.lg.jp/about/naoshima/access.html,直島町,naoshimatown,naoshima,直島町,香川県,2,89,39,5,3,current,282,201,81,64.791,69.469,16.876,17.421,268.681,276.531,06:36,20:57,18.26,2026-08-23,2027-05-31,dated_calendar_applied,data/raw/gtfs/current/naoshimatown__naoshima__current.zip,07df0ef926368eed3f2b053fe3135c53355d0577fbb64bc78f8c82fa7d914d94
37628618e0f74a24,西讃観光|seisan-bus.co.jp,西讃観光,4470001009972,https://seisan-bus.co.jp/limousine/,西讃観光,seisan-kanko,seisankanko_limousine,西讃観光（高松空港リムジンバス）,香川県,2,14,12,1,3,current,217,155,62,14.0,14.0,21.083,21.083,901.72,901.72,05:18,23:10,530.32,2026-08-27,2027-03-31,dated_calendar_applied,data/raw/gtfs/current/seisan-kanko__seisankanko_limousine__current.zip,4688b03ab1339ec6b7383172052034727edeeb5f1e980797dbf1d6b3f826cd91
56b7324264b7a179,安芸市|city.aki.kochi.jp,安芸市,6000020392031,https://www.city.aki.kochi.jp/life/dtl.php?hdnKey=5813,安芸市,akicity,GTFS-Akicity_Bus,安芸市「元気バス」,高知県,9,44,101,6,3,current,396,283,113,31.145,20.0,24.509,20.15,441.245,368.155,06:30,18:55,157.11,2026-03-01,2027-03-31,dated_calendar_applied,data/raw/gtfs/current/akicity__GTFS-Akicity_Bus__current.zip,4fc4da39376c7993b7e59bc9e8db821b3e15e633364d56cc5681c5a016c24530
9e458242bfce2ead,芸西村|vill.geisei.kochi.jp,芸西村,6000020393070,http://www.vill.geisei.kochi.jp/pages/m000780.php,芸西村,geiseivillage,GTFS-Geiseivill_Bus,芸西村「おでかけバス」,高知県,3,21,43,3,3,current,322,267,55,6.467,3.377,3.03,1.423,35.332,17.597,09:00,17:31,80.67,2026-02-23,2027-04-01,dated_calendar_applied,data/raw/gtfs/current/geiseivillage__GTFS-Geiseivill_Bus__current.zip,ad47b79ac22e3d83bade29c427bb7bb763eaeb50d67e39550d532e18f4e62642
30de919eef272ee7,いの町|town.ino.kochi.jp,いの町,9000020393860_1,https://www.town.ino.kochi.jp/chosei/chouseijoho/1756/,いの町,inotown,GTFS-Inotown_Loopbus,いの町営バス「伊野循環線」,高知県,1,11,67,2,3,current,306,219,87,5.932,5.0,5.633,4.717,99.964,84.103,06:35,18:39,144.08,2026-03-01,2026-12-31,dated_calendar_applied,data/raw/gtfs/current/inotown__GTFS-Inotown_Loopbus__current.zip,8010becbd26fc357e0ed4c58ec3ae6f061726ee9f537dd9c40004f7cff7cdcfc
30de919eef272ee7,いの町|town.ino.kochi.jp,いの町,9000020393860_2,https://www.town.ino.kochi.jp/kurashi/traffic/,いの町,inotown,GTFS-Inotown_HongawaArea,いの町営バス「本川地区」,高知県,2,22,19,2,3,current,452,323,129,10.702,10.75,8.107,8.144,98.781,99.226,06:40,18:53,138.25,2025-09-29,2027-01-05,dated_calendar_applied,data/raw/gtfs/current/inotown__GTFS-Inotown_HongawaArea__current.zip,02f8f19b5dc093fea22b7444d530d350e4242b67a8119ebea97ea375a8e4e40b
2f5117c67bd61062,ジェイアール四国バス|jr-shikokubus.co.jp,ジェイアール四国バス株式会社,5470001004840_3,https://www.jr-shikokubus.co.jp/,ジェイアール四国バス株式会社 高知支店,jr-shikoku-bus-kochi,GTFS-JRbus_Otochi,路線バス,高知県,1,22,58,1,3,current,367,263,104,22.0,22.0,9.267,9.267,243.132,243.132,06:00,20:32,40.33,2025-09-29,2026-09-30,dated_calendar_applied,data/raw/gtfs/current/jr-shikoku-bus-kochi__GTFS-JRbus_Otochi__current.zip,9fcbb38e3908b3087f8435cf0a6a413970166a0a5e15acdbea7585ba72de8899
13a6e284148c1268,香美市|city.kami.lg.jp,香美市,8000020392120_1,https://www.city.kami.lg.jp/soshiki/11/shiei-bus03.html,香美市,kamicity,GTFS-Kamicity_Bus,香美市営バス,高知県,11,91,313,11,3,current,363,261,102,71.298,43.154,35.977,22.002,856.444,578.557,06:28,20:00,113.38,2026-04-01,2027-04-01,dated_calendar_applied,data/raw/gtfs/current/kamicity__GTFS-Kamicity_Bus__current.zip,f232a307114ebace81979dfbd7ff4a870f8eaf71a5a0e4380a4eca0bdbeb55cf
13a6e284148c1268,香美市|city.kami.lg.jp,香美市,8000020392120_2,https://www.city.kami.lg.jp/soshiki/11/shiei-bus03.html,香美市,kamicity,GTFS-Kamicity_Demandbus,香美市営バス デマンド,高知県,2,9,49,2,3,current,247,247,0,3.939,0.0,2.051,0.0,35.482,0.0,07:00,18:05,137.0,2025-09-29,2026-12-31,dated_calendar_applied,data/raw/gtfs/current/kamicity__GTFS-Kamicity_Demandbus__current.zip,9258adc2ac946de23c1cc25484bcd7fa86ffc8af742b30e36d0b2e8932c1aad2
2445a693c134f77a,県交北部交通|khkhokubu.com,株式会社県交北部交通,9490001000553,https://www.khkhokubu.com/,株式会社県交北部交通,khkhokubu-kotsu,GTFS-Hokubutraffic_Localbus,路線バス,高知県,2,101,438,3,3,current,290,206,84,43.214,27.857,57.095,41.114,1553.698,1142.069,06:15,20:28,52.29,2026-03-20,2027-01-03,dated_calendar_applied,data/raw/gtfs/current/khkhokubu-kotsu__GTFS-Hokubutraffic_Localbus__current.zip,d459455c4b98ab159af5ca0adb427d1760fa4cee064dbcc1a07a343915317870
86a6b53d524240eb,北川村|kitagawamura.jp,北川村,7000020393053,http://www.kitagawamura.jp/life/dtl.php?hdnKey=932,北川村,kitagawavillage,GTFS-Kitagawavill_Bus,北川村営バス,高知県,7,88,42,3,3,current,362,260,102,29.739,28.442,15.898,15.512,321.349,312.935,06:59,18:10,108.58,2026-04-01,2027-03-31,dated_calendar_applied,data/raw/gtfs/current/kitagawavillage__GTFS-Kitagawavill_Bus__current.zip,4bb1364c1953870856bae559bffca953a1a15faf92578ea8fd2540e66c666df1
978eefc03e49f305,高知駅前観光|kochiekimaekanko.jp,株式会社高知駅前観光,9490001000578_2,https://kochiekimaekanko.jp/,株式会社高知駅前観光,kochi-ekimae-kanko,GTFS-Ekimae_Expressbus,高速バス,高知県,4,4,16,4,3,current,53,32,21,1.68,4.0,19.74,46.833,1051.05,2501.245,19:15,32:45,,2026-08-01,2026-10-10,dated_calendar_applied,data/raw/gtfs/current/kochi-ekimae-kanko__GTFS-Ekimae_Expressbus__current.zip,b6d6abaf5dc5e3341101372affdd8dfda65577359270e9c752f48c50e9ef324f
978eefc03e49f305,高知駅前観光|kochiekimaekanko.jp,株式会社高知駅前観光,9490001000578_1,https://kochiekimaekanko.jp,株式会社高知駅前観光,kochi-ekimae-kanko,GTFS-Ekimae_Airportbus,空港連絡バス,高知県,2,51,19,1,3,current,40,29,11,51.0,51.0,28.15,28.15,668.573,668.573,06:15,21:09,31.48,2026-09-01,2026-10-10,dated_calendar_applied,data/raw/gtfs/current/kochi-ekimae-kanko__GTFS-Ekimae_Airportbus__current.zip,9521e657174e08cb0c06e363a210fc2e288a36e6388f3be83fc0327672133030
5a10a68074d9a2e6,高知県観光コンベンション協会|kochi-tabi.jp,公益財団法人高知県観光コンベンション協会,1490005000417,https://kochi-tabi.jp/lp/my-bus/,公益財団法人高知県観光コンベンション協会,kochi-kanko-convention,GTFS-KVCA_MY-YUbus,MY遊バス,高知県,1,78,16,5,3,current,218,156,62,12.692,18.0,11.423,16.2,146.908,208.471,09:00,18:41,38.96,2026-08-26,2027-03-31,dated_calendar_applied,data/raw/gtfs/current/kochi-kanko-convention__GTFS-KVCA_MY-YUbus__current.zip,656d27fb82656f5ab25c9f57bced0251dcce0562b3199f8009209e9141477987
f577dacd81c19eea,香南市|city.kochi-konan.lg.jp,香南市,9000020392111_1,https://www.city.kochi-konan.lg.jp/soshikikarasagasu/chiikishienka/kokyokotsu/konanbus/,香南市,kochi-konancity,GTFS-Konancity_Bus,香南市営バス,高知県,14,162,232,4,3,current,184,132,52,89.636,71.0,33.872,25.75,706.93,544.458,06:35,18:36,90.78,2026-04-01,2026-10-01,dated_calendar_applied,data/raw/gtfs/current/kochi-konancity__GTFS-Konancity_Bus__current.zip,0dc137cf60a7645179cfa29eff377e91a29f630093972acbbb45527bb4829599
e0f90c75da5e7600,高知高陵交通|koryokoutsu.net,高知高陵交通株式会社,6490001005761,http://koryokoutsu.net/,高知高陵交通株式会社,kochi-koryo-kotsu,GTFS-Koryotraffic_Localbus,路線バス,高知県,8,121,583,2,3,current,273,195,78,66.2,54.0,55.677,52.017,1635.561,1530.905,06:26,20:23,110.15,2026-04-01,2026-12-29,dated_calendar_applied,data/raw/gtfs/current/kochi-koryo-kotsu__GTFS-Koryotraffic_Localbus__current.zip,70e5cd7f59920e2bf427f69a7673c9ee6423e6bbccd17dbcfcecd7fc2552186f
d7889a09cadaf934,高知西南交通|kochi-seinan.co.jp,高知西南交通株式会社,5490001004905_1,http://www.kochi-seinan.co.jp/,高知西南交通株式会社,kochi-seinan-kotsu,GTFS-Seinantraffic_Localbus,路線バス,高知県,23,319,1008,3,3,current,30,22,8,71.409,41.25,59.545,39.283,1521.003,1013.699,06:15,20:55,137.31,2026-09-01,2026-10-30,dated_calendar_applied,data/raw/gtfs/current/kochi-seinan-kotsu__GTFS-Seinantraffic_Localbus__current.zip,249f2dceef9b72e2577a1f710e5af22b1b43a6121efb656483bcc6dc70281dd4
d7889a09cadaf934,高知西南交通|kochi-seinan.co.jp,高知西南交通株式会社,5490001004905_3,http://www.kochi-seinan.co.jp/,高知西南交通株式会社,kochi-seinan-kotsu,GTFS-Seinan_Expressbus,高速バス,高知県,1,2,20,1,3,current,486,348,138,2.0,2.0,21.717,21.717,773.219,773.219,20:30,31:45,30.0,2026-06-01,2027-09-29,dated_calendar_applied,data/raw/gtfs/current/kochi-seinan-kotsu__GTFS-Seinan_Expressbus__current.zip,bdbe8fabd11f28c95ea796d530012e039b0b54733a61654f3003d3450677e4cd
d7889a09cadaf934,高知西南交通|kochi-seinan.co.jp,高知西南交通株式会社,5490001004905_5,http://www.kochi-seinan.co.jp/,高知西南交通株式会社,kochi-seinan-kotsu,GTFS-Seinantraffic_Shimaashi,しまんと・あしずり号,高知県,2,3,17,2,3,current,181,81,100,0.448,1.923,3.845,14.183,42.923,157.189,07:50,18:20,,2026-04-01,2027-03-31,dated_calendar_applied,data/raw/gtfs/current/kochi-seinan-kotsu__GTFS-Seinantraffic_Shimaashi__current.zip,4897c67ddb88e27f49d4c167c5cc2cc1377a44933d1aa78c95855f0f519ea72f
d7889a09cadaf934,高知西南交通|kochi-seinan.co.jp,高知西南交通株式会社,5490001004905_2,http://www.kochi-seinan.co.jp/,高知西南交通株式会社,kochi-seinan-kotsu,GTFS-Seinantraffic_Akamego,まちなかぐるっと循環周遊バス,高知県,1,4,11,1,3,current,136,36,100,0.552,3.846,0.736,5.128,9.045,63.052,10:09,17:00,110.33,2026-04-01,2027-03-31,dated_calendar_applied,data/raw/gtfs/current/kochi-seinan-kotsu__GTFS-Seinantraffic_Akamego__current.zip,5406cb78294746a8653e09caf8dd49c26576ef054d8ef07550fbe129e89e6b44
d7889a09cadaf934,高知西南交通|kochi-seinan.co.jp,高知西南交通株式会社,5490001004905_4,http://www.kochi-seinan.co.jp/,高知西南交通株式会社,kochi-seinan-kotsu,GTFS-Seinantraffic_Riverbus,四万十川バス,高知県,1,2,17,1,3,current,136,36,100,0.276,1.923,0.943,6.571,8.054,56.145,07:50,15:00,190.0,2026-04-01,2027-03-31,dated_calendar_applied,data/raw/gtfs/current/kochi-seinan-kotsu__GTFS-Seinantraffic_Riverbus__current.zip,54e1754f7931922117c772cccdd6588ae4f9ce708f74aef5047714d10e228af3
7aaa8829daed2cb9,須崎市|city.susaki.lg.jp,須崎市,5000020392065_1,https://www.city.susaki.lg.jp/life/detail.php?hdnKey=3386,須崎市,kochi-suzakicity,GTFS-Susakicity_Bus,須崎市営バス,高知県,1,14,47,1,3,current,369,263,106,14.0,14.0,11.2,11.2,187.939,187.939,06:20,18:28,52.31,2026-01-01,2027-01-04,dated_calendar_applied,data/raw/gtfs/current/kochi-suzakicity__GTFS-Susakicity_Bus__current.zip,2a134c0faefcc0f35948f82366d31c81d1364c70afa300b4a5d57df40a472eb4
f07cbf6e254eeca8,高知東部交通|toubukoutuu.jimdofree.com,高知東部交通株式会社,1490001006723,https://toubukoutuu.jimdofree.com/,高知東部交通株式会社,kochi-tobu-kotsu,GTFS-Tobutraffic_Localbus,路線バス,高知県,5,150,603,2,3,current,366,262,104,80.13,69.0,121.656,105.1,3599.756,3090.054,05:50,21:36,61.96,2026-04-01,2027-04-01,dated_calendar_applied,data/raw/gtfs/current/kochi-tobu-kotsu__GTFS-Tobutraffic_Localbus__current.zip,57c9ef72ba7b4f523d0d93f6465886b030f763ed4669733b4b1fdfd58188c61c
1ff38f65d34f6fa2,津野町|town.kochi-tsuno.lg.jp,津野町,2000020394114,https://town.kochi-tsuno.lg.jp/section/post_3690,津野町,kochi-tsunotown,GTFS-Tsunotown_Bus,津野町コミュニティバス「つのバス」,高知県,17,81,283,7,3,current,149,149,0,17.947,0.0,13.782,0.0,295.305,0.0,07:30,15:30,102.41,2026-06-04,2026-12-31,dated_calendar_applied,data/raw/gtfs/current/kochi-tsunotown__GTFS-Tsunotown_Bus__current.zip,04299a2c771a1738eb61ee781187da50a95a6b40aeba513a139c40f33050ae7c
791b873a3a70fc7d,黒岩観光|kurokan.net,有限会社黒岩観光,6490002009943,http://kurokan.net/,有限会社黒岩観光,kuroiwa-kanko,GTFS-Kuroiwakanko_Localbus,路線バス,高知県,4,55,181,8,3,current,116,84,32,45.774,32.0,23.228,17.317,691.996,533.254,06:37,19:35,64.17,2026-09-01,2026-12-25,dated_calendar_applied,data/raw/gtfs/current/kuroiwa-kanko__GTFS-Kuroiwakanko_Localbus__current.zip,f2273a004491fc10a6d395dc9e8f1afe3c1bb9262a97d6eb529fcf6e817dea58
06127f36e21f81a7,三原村|vill.mihara.kochi.jp,三原村,1000020394271,https://www.vill.mihara.kochi.jp/life/list.php?hdnKeyword=%E4%B8%89%E5%8E%9F%E6%9D%91%E3%83%90%E3%82%B9,三原村,miharavillage,GTFS-Miharavill_Bus,三原村「三原バス」,高知県,9,45,44,4,3,current,258,258,0,15.215,0.0,10.234,0.0,208.645,0.0,06:30,18:10,194.24,2025-11-01,2026-11-02,dated_calendar_applied,data/raw/gtfs/current/miharavillage__GTFS-Miharavill_Bus__current.zip,ba520e6073fd451de4cb4e7644657d114c7038c9cd365088194fa75bea7bf409
efa058ba678f865e,本山町|town.motoyama.kochi.jp,本山町,5000020393410,https://www.town.motoyama.kochi.jp/soshikikarasagasu/seisakukikakuka/1_1/387.html,本山町,motoyamatown,GTFS-Motoyamatown_Bus,本山町コミュニティバス「さくらバス」,高知県,4,28,99,4,3,current,206,206,0,5.489,0.0,4.448,0.0,65.132,0.0,07:27,16:18,87.13,2025-10-01,2026-10-01,dated_calendar_applied,data/raw/gtfs/current/motoyamatown__GTFS-Motoyamatown_Bus__current.zip,bbbe039676e41218dac888c1b593865644ca8fb218de8ef2e4dff548dd472152
caaed3c5d20cedb5,室戸市|city.muroto.kochi.jp,室戸市,7000020392022,https://www.city.muroto.kochi.jp/pages/page1816.php,室戸市,murotocity,GTFS-Murotocity_Bus,室戸市コミュニティバス「むろはぴ号」,高知県,9,71,225,4,3,current,205,205,0,13.885,0.0,9.167,0.0,144.556,0.0,07:12,17:30,71.16,2025-10-01,2026-10-01,dated_calendar_applied,data/raw/gtfs/current/murotocity__GTFS-Murotocity_Bus__current.zip,b632bea58e7d58da662d353bae66f12954c64ef14b1ea580b8146d5fd21d9b77
e74f8e0297310c23,中土佐町|town.nakatosa.lg.jp,中土佐町,9000020394017,https://www.town.nakatosa.lg.jp/life/detail.php?hdnKey=1248,中土佐町,nakatosatown,GTFS-Nakatosatown_Bus,中土佐町コミュニティバス,高知県,7,44,125,5,3,current,312,261,51,15.137,5.885,7.767,3.081,155.789,62.342,07:47,16:39,94.44,2026-04-01,2027-04-01,dated_calendar_applied,data/raw/gtfs/current/nakatosatown__GTFS-Nakatosatown_Bus__current.zip,448da65b1a2e40b24e5dcf0b414e77b7d9903be0963a93ec808d711d0c4818f2
1cbc1f36772e9844,南国市|city.nankoku.lg.jp,南国市,5000020392049,https://www.city.nankoku.lg.jp/life/life_dtl.php?hdnKey=8231,南国市,nangokucity,GTFS-Nankokucity_Bus,南国市コミュニティバス「NACOバス」,高知県,4,52,240,1,3,current,326,233,93,52.0,52.0,31.7,31.7,668.218,668.218,06:54,19:38,57.58,2026-04-01,2027-02-20,dated_calendar_applied,data/raw/gtfs/current/nangokucity__GTFS-Nankokucity_Bus__current.zip,3e8a28116bb936da4ab211904a6a712c0fd4c2edaa1a2bc32cefd7f7d602404b
d918491da3d91640,仁淀川町|town.niyodogawa.lg.jp,仁淀川町,8000020393878_1,https://www.town.niyodogawa.lg.jp/life/kokyokotsu.php,仁淀川町,niyodogawatown,GTFS-Niyodogawatown_Townsbus,仁淀川町町民バス,高知県,10,59,210,8,3,current,146,120,26,48.234,6.5,16.993,2.217,402.395,64.372,06:40,18:31,141.44,2026-07-01,2026-12-27,dated_calendar_applied,data/raw/gtfs/current/niyodogawatown__GTFS-Niyodogawatown_Townsbus__current.zip,b3aced0415a44064a7381e95d407d569ac294ec90a51c705f24e39fee259792a
4419f79ed84914eb,大月町|town.otsuki.kochi.jp,大月町,2000020394246,https://www.town.otsuki.kochi.jp/life/dtl.php?hdnKey=1794,大月町,otsukitown,GTFS-Otsukitown_Bus,大月町「まちなか循環線」,高知県,1,6,22,1,3,current,270,270,0,5.586,0.0,2.048,0.0,46.059,0.0,09:30,14:52,60.0,2026-02-20,2027-04-01,dated_calendar_applied,data/raw/gtfs/current/otsukitown__GTFS-Otsukitown_Bus__current.zip,67743f8a98431ed2866b753d4ef335cb1cb079f71cac06189b28342aee469a5a
c5c8eb0ae04e4623,嶺北観光自動車|reihoku-kanko.net,有限会社嶺北観光自動車,2490002012513,https://reihoku-kanko.net/free/rosen,有限会社嶺北観光自動車,reihoku-kanko,GTFS-Reihokukanko_Localbus,路線バス,高知県,7,101,468,8,3,current,180,128,52,88.016,79.0,45.152,41.567,1212.704,1136.96,05:53,19:43,52.17,2026-07-01,2026-12-27,dated_calendar_applied,data/raw/gtfs/current/reihoku-kanko__GTFS-Reihokukanko_Localbus__current.zip,035b9c9b3d4db6a5b0c25fd5afe93c1e3bbac2dd792360f038fc5fd8ef80ae63
24b96d12b0e7fcd5,佐川町|town.sakawa.lg.jp,佐川町,9000020394025,https://www.town.sakawa.lg.jp/life/dtl.php?hdnKey=1605,佐川町,sakawatown,GTFS-Sakawatown_Bus,佐川町コミュニティバス「さかわぐるぐるバス」,高知県,10,71,167,7,3,current,269,269,0,21.678,0.0,15.871,0.0,224.482,0.0,08:09,16:45,71.9,2026-03-16,2027-03-31,dated_calendar_applied,data/raw/gtfs/current/sakawatown__GTFS-Sakawatown_Bus__current.zip,8b5df227dd7395c95e2a1bd26fb76e42cff34e45beddeec613089ae16a21a7b6
8fc2ddddcc767bdc,四万十交通|konankanko.jp,株式会社四万十交通,7490002010842_2,http://konankanko.jp/,株式会社四万十交通,shimanto-kotsu,GTFS-Shimantotraffic_Feederbus,路線バス フィーダー線,高知県,1,8,41,3,3,current,170,170,0,3.129,0.0,3.523,0.0,64.843,0.0,07:50,17:07,98.0,2026-01-01,2027-04-01,dated_calendar_applied,data/raw/gtfs/current/shimanto-kotsu__GTFS-Shimantotraffic_Feederbus__current.zip,979f069f5907a6f0c5d94405557e10d7f8045121473ffa0cc8ec3f4794ded536
8fc2ddddcc767bdc,四万十交通|konankanko.jp,株式会社四万十交通,7490002010842,http://konankanko.jp/,株式会社四万十交通,shimanto-kotsu,GTFS-Shimantotraffic_Localbus,路線バス,高知県,10,273,492,5,3,current,358,256,102,64.015,65.221,47.225,48.238,1320.803,1352.048,06:20,19:03,133.17,2026-04-03,2027-04-01,dated_calendar_applied,data/raw/gtfs/current/shimanto-kotsu__GTFS-Shimantotraffic_Localbus__current.zip,0cf0aaac0d587cbcaba029c57a02e282db9673b19442b4f686b5fe9eb5df29ee
051a98597bc9a2a0,四万十市|city.shimanto.lg.jp,四万十市,9000020392103_1,https://www.city.shimanto.lg.jp/soshiki/3/1347.html,四万十市,shimantocity,GTFS-Shimantocity_Bus,四万十市営バス,高知県,4,18,149,4,3,current,262,217,45,12.452,3.913,9.275,2.462,202.605,54.194,06:52,18:13,181.5,2026-05-15,2027-04-01,dated_calendar_applied,data/raw/gtfs/current/shimantocity__GTFS-Shimantocity_Bus__current.zip,0b776c3421fa2041ac8a6bd251d60a5ac71ef5b24422794d7c5b121a45a404a6
e9bc01fa9507f99d,四万十町|town.shimanto.lg.jp,四万十町,2000020394122,https://www.town.shimanto.lg.jp/life/detail.php?hdnKey=1707,四万十町,shimantotown,GTFS-Shimantotown_Bus,四万十町コミュニティバス,高知県,25,184,485,5,3,current,283,283,0,36.669,0.0,22.792,0.0,538.144,0.0,06:42,18:14,80.4,2026-03-02,2027-04-01,dated_calendar_applied,data/raw/gtfs/current/shimantotown__GTFS-Shimantotown_Bus__current.zip,c12425081363ed7f2896bbbf2f10deaeb1c38b5512bf4b7f373229c99166eb6b
22bdeb765eb9b2b3,宿毛市|city.sukumo.kochi.jp,宿毛市,5000020392081_2,https://www.city.sukumo.kochi.jp/01/10/,宿毛市,sukumocity,GTFS-Sukumocity_Yururinbus,宿毛市「ゆるりんバス」,高知県,2,9,8,3,3,current,303,267,36,3.961,1.286,2.228,0.702,22.688,7.223,08:08,16:05,149.0,2026-04-01,2027-04-30,dated_calendar_applied,data/raw/gtfs/current/sukumocity__GTFS-Sukumocity_Yururinbus__current.zip,b5f5f25f9c99cb8e8af07a9978aad68b475b00640756e810077f83b3d706f1db
22bdeb765eb9b2b3,宿毛市|city.sukumo.kochi.jp,宿毛市,5000020392081_1,http://www.city.sukumo.kochi.jp/01/10/,宿毛市,sukumocity,GTFS-Sukumocity_Hanabus,宿毛市コミュニティバス「はなちゃんバス」,高知県,5,40,57,5,3,current,264,264,0,20.478,0.0,16.923,0.0,241.179,0.0,07:40,18:24,75.88,2026-04-01,2027-04-10,dated_calendar_applied,data/raw/gtfs/current/sukumocity__GTFS-Sukumocity_Hanabus__current.zip,3b59e83561a8303b49041ed6b96ca495bffcc87be85603e7472f2b508e6d1c55
873566ceb024ef81,田野町|tanocho.jp,田野町,7000020393037,https://tanocho.jp/living/traffic_bus,田野町,tanotown,GTFS-Tanotown_Bus,田野町コミュニティーバス「たのくるバス」,高知県,2,18,37,2,3,current,225,225,0,7.177,0.0,3.24,0.0,34.619,0.0,08:13,17:08,62.22,2026-09-01,2027-09-29,dated_calendar_applied,data/raw/gtfs/current/tanotown__GTFS-Tanotown_Bus__current.zip,690c331950c096bd539ea9a30b47d43279709da2a7eae1277f0ad82154fd0fb4
681d012c88b18908,土佐市|city.tosa.lg.jp,土佐市,5000020392057,https://www.city.tosa.lg.jp/life/detail.php?hdnKey=5707,土佐市,tosacity,GTFS-Tosacity_Bus,土佐市コミュニティバス「ドラゴンバス」,高知県,3,106,176,4,3,current,393,282,111,31.155,23.558,28.527,23.64,679.634,561.06,05:43,20:12,113.68,2026-03-01,2027-04-01,dated_calendar_applied,data/raw/gtfs/current/tosacity__GTFS-Tosacity_Bus__current.zip,db83f03c7d22f515e66431cda73159fa35d4f097bf38efee0e5e5ab847e724d2
109a5e6e3855370d,とさでん交通|tosaden.co.jp,とさでん交通株式会社,9490001007796_2,https://www.tosaden.co.jp/,とさでん交通株式会社,tosaden-kotsu,GTFS-Tosadentraffic_Regularbus,路線バス,高知県,23,754,917,2,3,current,30,22,8,402.455,342.0,324.253,270.967,5483.432,4713.267,05:45,22:00,60.24,2026-09-01,2026-09-30,dated_calendar_applied,data/raw/gtfs/current/tosaden-kotsu__GTFS-Tosadentraffic_Regularbus__current.zip,550322efe02d55b2df8307a124803e140180bf8727cde705d4caf658799ff685
109a5e6e3855370d,とさでん交通|tosaden.co.jp,とさでん交通株式会社,9490001007796_3,https://www.tosaden.co.jp/,とさでん交通株式会社,tosaden-kotsu,GTFS-Tosadentraffic_Airportbus,空港連絡バス,高知県,2,24,27,1,3,current,30,22,8,24.0,24.0,11.033,11.033,316.582,316.582,06:00,19:50,61.83,2026-09-01,2026-09-30,dated_calendar_applied,data/raw/gtfs/current/tosaden-kotsu__GTFS-Tosadentraffic_Airportbus__current.zip,094d1fe054b15cafe81a6cb8c1a0ece18d019f818a251e26634d8465b0921820
fab44ef0e6707072,土佐清水市|city.tosashimizu.kochi.jp,土佐清水市,4000020392090,https://www.city.tosashimizu.kochi.jp/kurashi/section/kikaku/12668.html,土佐清水市,tosashimizucity,GTFS-Tosashimizucity_Bus,土佐清水市デマンド交通「おでかけ号」,高知県,3,16,36,1,3,current,294,243,51,14.897,7.846,12.616,6.645,269.695,142.051,06:50,17:48,118.17,2025-10-01,2026-09-30,dated_calendar_applied,data/raw/gtfs/current/tosashimizucity__GTFS-Tosashimizucity_Bus__current.zip,6029df6c93974deea7a202d4fa0714e5548d817b9b2d9baaabdced1d1a898b05
2720cde1c5094341,安田町|town.yasuda.kochi.jp,安田町,7000020393045,https://www.town.yasuda.kochi.jp/life/dtl.php?hdnKey=1576,安田町,yasudatown,GTFS-Yasudatown_Bus,安田町コミュニティバス「やすら号」,高知県,2,16,44,2,3,current,112,112,0,3.177,0.0,1.934,0.0,21.717,0.0,08:24,17:06,69.29,2026-09-01,2027-09-29,dated_calendar_applied,data/raw/gtfs/current/yasudatown__GTFS-Yasudatown_Bus__current.zip,d165d0131b0211df99096db7d2ac32ebf4230bf31b82ba3ee5014caa54d92c8d
aaf96b1f46338026,甘木観光バス|amagikankobus.jp,甘木観光バス,6290001043914,https://amagikankobus.jp/,株式会社甘木観光バス,amagikankobus,AmagiKankoBus,株式会社甘木観光バス,福岡県,2,138,68,6,3,current,360,258,102,70.046,53.0,29.343,21.919,697.382,529.466,06:14,21:47,27.79,2026-04-01,2027-03-31,dated_calendar_applied,data/raw/gtfs/current/amagikankobus__AmagiKankoBus__current.zip,825acfad1e80f3ee0eac1edb04d66f366d7421c60b3a765dc5a7262d31c2375b
45cefe0fd8758009,芦屋タウンバス|town.ashiya.lg.jp,芦屋タウンバス,4000020403814,https://www.town.ashiya.lg.jp/soshiki/7/1245.html,芦屋町,ashiyatown,AshiyaTownBus,芦屋町コミュニティバス 芦屋タウンバス,福岡県,8,116,60,2,3,current,369,263,106,65.494,49.0,24.346,17.367,481.665,356.671,05:48,23:11,122.56,2026-03-28,2027-03-31,dated_calendar_applied,data/raw/gtfs/current/ashiyatown__AshiyaTownBus__current.zip,8148c57b6f0837d776aa3b6ef59df23714baf5965d07dba2ed2ca5b72655c0d4
7866e489d4c14e8e,豊前市|city.buzen.lg.jp,豊前市,1000020402141,https://www.city.buzen.lg.jp/bus.html,豊前市,buzencity,BuzenCityBus,豊前市バス,福岡県,4,109,128,8,3,current,361,259,102,59.697,36.779,35.378,22.018,926.402,578.058,06:39,18:57,43.37,2026-04-01,2027-03-31,dated_calendar_applied,data/raw/gtfs/current/buzencity__BuzenCityBus__current.zip,e9a397eec5fb189c050bf60f35864af4bc4ab27c0c86a82e5561bab11edd8302
7ae15c12ab48af37,筑後市|city.chikugo.lg.jp,筑後市,1000020402117,https://www.city.chikugo.lg.jp/shimin/_2299/_24191/_30518.html,筑後市,chikugocity,HainuzukaStationAreaLoopBus,羽犬塚駅周辺循環バス（はねバス）,福岡県,2,30,47,2,3,current,365,261,104,15.854,14.981,11.891,11.236,147.367,139.246,08:05,18:26,78.03,2026-04-01,2027-03-31,dated_calendar_applied,data/raw/gtfs/current/chikugocity__HainuzukaStationAreaLoopBus__current.zip,da758a1436a7a05de47b67d57fbabe694b8f9d9c97a2f95b02e6546721bb1e8f
1723c1b3b38066fd,築上町|town.chikujo.fukuoka.jp,築上町,9000020406473,https://www.town.chikujo.fukuoka.jp/s007/010/090/010/100/070/cbus-top.html,築上町,chikujotown,ChikujoTownCommunityBus,築上町コミュニティバス,福岡県,4,31,75,1,3,current,294,243,51,28.862,15.202,16.309,8.59,413.374,217.728,07:45,17:12,81.33,2026-04-01,2027-03-31,dated_calendar_applied,data/raw/gtfs/current/chikujotown__ChikujoTownCommunityBus__current.zip,303fe175458cebdeb188aa4adfc3a727408a530363336f8959d7febc148d2510
debe99c70a4444b3,太宰府市|city.dazaifu.lg.jp,太宰府市,3000020402214,https://www.city.dazaifu.lg.jp/site/communitybus/list107-302.html,太宰府市,dazaifucity,DazaifuCityCommunityBus,太宰府市コミュニティバスまほろば号,福岡県,3,21,46,2,3,current,361,361,0,9.56,0.0,4.057,0.0,26.553,0.0,09:00,16:58,65.93,2025-09-29,2027-03-31,dated_calendar_applied,data/raw/gtfs/current/dazaifucity__DazaifuCityCommunityBus__current.zip,9fca4da2973f45c49721d8b4eb55a8be8f9806d58177436e9f42fc2f2681dbe8
f37a9df203952b31,川崎町|town-kawasaki.com,川崎町,3000020406058,https://www.town-kawasaki.com/kurashi/joho/167,川崎町,fukuoka-kawasakitown,KawasakiTownFureaiBus,川崎町ふれあいバス,福岡県,5,37,106,2,3,current,462,386,76,35.529,10.718,22.368,6.593,325.342,93.504,07:05,17:50,110.34,2025-10-01,2027-03-31,dated_calendar_applied,data/raw/gtfs/current/fukuoka-kawasakitown__KawasakiTownFureaiBus__current.zip,473dbff8b7fc70f5fcd2f90738b852c64e2e6697bacc8be9b56874dd9b018d66
3e9de2a66669e4e0,古賀市公共施設等連絡バスコガバス|city.koga.fukuoka.jp,古賀市公共施設等連絡バス コガバス,2000020402231,https://www.city.koga.fukuoka.jp/cityhall/work/kikaku/012.php,古賀市,fukuoka-kogacity,KogaBus,コガバス,福岡県,2,36,26,1,3,current,202,202,0,33.358,0.0,10.888,0.0,155.268,0.0,07:10,18:57,36.88,2026-06-01,2027-03-31,dated_calendar_applied,data/raw/gtfs/current/fukuoka-kogacity__KogaBus__current.zip,d7fd39e91d4528aa30bd0c4e9cc27bcee92cc20aa2c97142729827d64e104d3a
11fa9fd79fd208aa,姪浜タクシー|meinohama.co.jp,株式会社姪浜タクシー,3290001000604,https://www.meinohama.co.jp/,福岡市,fukuokacity,ImajukuMeinohamaLine,今宿姪浜線乗合バス,福岡県,1,34,38,2,3,current,549,393,156,17.847,16.0,9.516,8.7,149.12,143.358,07:10,19:44,43.92,2025-09-29,2027-03-31,dated_calendar_applied,data/raw/gtfs/current/fukuokacity__ImajukuMeinohamaLine__current.zip,a170c057cb296dd0c1076b9a647c146a2be6f1fe643a1df3fccd069e3c2ef005
3bd4c867ae52be24,福津市|city.fukutsu.lg.jp,福津市,1000020402249,https://www.city.fukutsu.lg.jp/kurashi/kotsu/minibus.html,福津市,fukutsucity,minibus,ふくつミニバス・ふくつ乗合タクシー,福岡県,6,44,241,1,3,current,293,242,51,40.797,21.577,38.232,20.22,691.788,365.877,05:45,19:04,90.56,2026-04-01,2027-03-31,dated_calendar_applied,data/raw/gtfs/current/fukutsucity__minibus__current.zip,302b4a5b5aca5373cbcbd2c51fd9d3d7ab4b3fe9d2af0e3eecd4b2a144f9143c
872d6c6323482ad6,久山町|town.hisayama.fukuoka.jp,久山町,5000020403482,https://www.town.hisayama.fukuoka.jp/gyosei/kurashi/doro_kotsu/ikobass_1/,久山町,hisayamatown,HisayamaIkoBus,久山町コミュニティバス イコバス,福岡県,2,194,87,3,3,current,376,268,108,82.716,53.704,43.418,27.279,698.389,454.616,05:20,23:05,34.81,2026-03-21,2027-03-31,dated_calendar_applied,data/raw/gtfs/current/hisayamatown__HisayamaIkoBus__current.zip,0be3b2fd79732e6a285c9ae7cd63d7632fd35ac0f12a0a05e111c1fec625b2b3
993f5e87c42616f3,嘉麻市|city.kama.lg.jp,嘉麻市,1000020402273,https://www.city.kama.lg.jp/soshiki/41/28501.html,嘉麻市,kamacity,KamaCityBus,嘉麻市バス,福岡県,16,195,257,5,3,current,360,257,103,104.08,77.221,68.97,51.029,1413.045,1064.802,06:05,21:17,128.81,2026-04-01,2027-03-31,dated_calendar_applied,data/raw/gtfs/current/kamacity__KamaCityBus__current.zip,6ace7e018a78316c7ea69b282685ecb2ae1a736f804f8f7698251bb98216e798
5bc658eded155bd7,苅田町コミュニティバス|town.kanda.lg.jp,苅田町コミュニティバス,8000020406210,https://www.town.kanda.lg.jp/page/1395.html,苅田町,kandatown,KandaTownCommunityBus,苅田町コミュニティバス,福岡県,4,35,150,3,3,current,359,257,102,32.992,19.125,27.6,17.474,412.185,258.915,07:01,17:59,90.18,2026-04-01,2027-03-31,dated_calendar_applied,data/raw/gtfs/current/kandatown__KandaTownCommunityBus__current.zip,1de07664db5157c95a5b4e409f33bfe8fb3218270cdda0d5e8662bd95daf2215
85d539f6c83212e6,春日市|city.kasuga.fukuoka.jp,春日市,8000020402184,https://www.city.kasuga.fukuoka.jp/kurashi/douro/yayoi/1001364/index.html,春日市,kasugacity,yayoi_kasuga,春日市コミュニティバスやよい,福岡県,7,84,271,1,3,current,352,252,100,84.0,84.0,62.05,62.05,673.993,673.993,08:30,19:35,56.27,2026-04-14,2027-03-31,dated_calendar_applied,data/raw/gtfs/current/kasugacity__yayoi_kasuga__current.zip,46810fd34c249ccb533345776bc6e2f7d45353d4e8296806a7b773f343beca13
b181cb351fbf22d4,恒見・喜多久地区おでかけ交通|city.kitakyushu.lg.jp,恒見・喜多久地区おでかけ交通,7290801002663,https://www.city.kitakyushu.lg.jp/contents/08000010.html,北九州市,kitakyushucity,tsunemi-kitaku,門司区恒見・喜多久地区,福岡県,1,30,22,2,3,current,294,243,51,14.897,6.865,5.788,1.602,154.476,44.744,06:50,17:44,42.6,2026-04-01,2027-03-31,dated_calendar_applied,data/raw/gtfs/current/kitakyushucity__tsunemi-kitaku__current.zip,ee22e8a1ff9904d9b78eca41fcd51bb6b361d4807ccd86c98e47dd7f2d3c4dfa
9a2ee1297c6d7178,大蔵地区おでかけ交通|city.kitakyushu.lg.jp,大蔵地区おでかけ交通,1290801009326,https://www.city.kitakyushu.lg.jp/contents/08000008.html,北九州市,kitakyushucity,okura,八幡東区大蔵地区,福岡県,3,18,25,1,3,current,244,244,0,16.828,0.0,5.438,0.0,60.888,0.0,08:30,17:02,115.42,2026-04-01,2027-03-31,dated_calendar_applied,data/raw/gtfs/current/kitakyushucity__okura__current.zip,a2c63bf1eedb51ce1117e3ac9401c07bfc72d97ecd69ad46100299a813defe1e
e68117862fb6a38b,合馬・道原地区おでかけ交通|city.kitakyushu.lg.jp,合馬・道原地区おでかけ交通,62908020053601,https://www.city.kitakyushu.lg.jp/contents/924_00470.html,北九州市,kitakyushucity,oma-dobaru,小倉南区合馬・道原地区,福岡県,2,15,44,1,3,current,244,244,0,14.023,0.0,3.319,0.0,72.078,0.0,08:05,14:05,42.18,2026-04-01,2027-03-31,dated_calendar_applied,data/raw/gtfs/current/kitakyushucity__oma-dobaru__current.zip,b6f897566a356239b16f9ada570fca35479c8f325975a340068a35da7f532771
686b98b9cf5154d5,木屋瀬・楠橋・星ヶ丘地区おでかけ交通|city.kitakyushu.lg.jp,木屋瀬・楠橋・星ヶ丘地区おでかけ交通,6290001032702,https://www.city.kitakyushu.lg.jp/contents/924_00467.html,北九州市,kitakyushucity,koyanose-kusubashi-hoshigaoka,八幡西区木屋瀬・楠橋・星ヶ丘地区,福岡県,1,9,42,1,3,current,250,250,0,8.396,0.0,6.266,0.0,107.74,0.0,07:56,17:23,65.0,2026-03-21,2027-03-31,dated_calendar_applied,data/raw/gtfs/current/kitakyushucity__koyanose-kusubashi-hoshigaoka__current.zip,5ebba343eb5f05c42e17401c202738063cdb1af30d154a69f3a9a27490f646e6
e826c77920aa010b,東谷地区おでかけ交通|city.kitakyushu.lg.jp,東谷地区おでかけ交通,1290801000755,https://www.city.kitakyushu.lg.jp/contents/924_00464.html,北九州市,kitakyushucity,higashitani,小倉南区東谷地区,福岡県,1,11,38,1,3,current,292,241,51,10.157,5.394,6.879,3.653,117.635,62.474,07:00,17:27,58.5,2026-04-01,2027-03-31,dated_calendar_applied,data/raw/gtfs/current/kitakyushucity__higashitani__current.zip,0044c7e6ed042ad15c062f3778f2cdecfc0dc9544ea8e9d317d2eb37905c3766
614c6533abef7e26,枝光地区おでかけ交通|city.kitakyushu.lg.jp,枝光地区おでかけ交通,7290801002663,https://www.city.kitakyushu.lg.jp/contents/924_00463.html,北九州市,kitakyushucity,edamitsu,八幡東区枝光地区,福岡県,5,96,63,3,3,current,191,158,33,51.812,26.706,14.449,7.447,176.743,91.079,08:40,18:28,66.43,2026-08-06,2027-03-31,dated_calendar_applied,data/raw/gtfs/current/kitakyushucity__edamitsu__current.zip,bdd8e232ec1fa5673518b4c2b0b74d3e6ac309bf593c8e0aac7103452998675e
bc1d79790bbac2e9,平尾台地区おでかけ交通|city.kitakyushu.lg.jp,平尾台地区おでかけ交通,62908020053602,https://www.city.kitakyushu.lg.jp/contents/924_00473.html,北九州市,kitakyushucity,hiraodai,小倉南区平尾台地区,福岡県,1,8,16,1,3,current,91,14,77,0.416,5.704,0.173,2.377,3.04,41.651,09:40,15:50,49.29,2026-03-20,2027-03-31,dated_calendar_applied,data/raw/gtfs/current/kitakyushucity__hiraodai__current.zip,5719ac4db41886ea2540d677024598ef89894e6853610b3e01eff7cdc146aef7
a621426035032b30,田代・河内地区おでかけ交通|city.kitakyushu.lg.jp,田代・河内地区おでかけ交通,5290801003473,https://www.city.kitakyushu.lg.jp/contents/08000009.html,北九州市,kitakyushucity,tashiro-kawachi,八幡東区田代・河内地区,福岡県,1,21,11,4,3,current,365,261,104,13.349,4.0,4.672,1.4,94.724,28.372,07:30,18:21,53.39,2026-04-01,2027-03-31,dated_calendar_applied,data/raw/gtfs/current/kitakyushucity__tashiro-kawachi__current.zip,dfbab04b22e3758b05706b60939e6652559882ca4f268b71e58c724ca31ae415
fd118108249898bb,鞍手町|town.kurate.lg.jp,鞍手町,2000020404021,https://www.town.kurate.lg.jp/koutuu/smilebus/syousai-20260401.html,鞍手町,kuratetown,KurateTownSmileBusMiyawakaLine,すまいるバスみやわか線,福岡県,1,24,58,2,3,current,361,259,102,15.418,7.846,12.848,6.538,206.945,105.316,06:25,18:50,58.19,2026-04-01,2027-03-31,dated_calendar_applied,data/raw/gtfs/current/kuratetown__KurateTownSmileBusMiyawakaLine__current.zip,dc37b9cded3082d44d53dc75e58166509ae1164865ff9e1b495a63baf7327281
ee348a96c795a247,みやま市|city.miyama.lg.jp,みやま市,9000020402290,https://www.city.miyama.lg.jp/s006/kurashi/140/030/20200108075000.html,みやま市,miyamacity,MiyamaCityCommunityBus,みやま市コミュニティバス,福岡県,2,16,76,1,3,current,329,275,54,15.548,7.714,18.026,8.944,288.105,142.949,07:48,18:29,91.1,2026-03-02,2027-03-31,dated_calendar_applied,data/raw/gtfs/current/miyamacity__MiyamaCityCommunityBus__current.zip,3cc0a202889658fc33b343e5f0436a3d883c44644a03ed82e01663b3feddca67
827cd9cf33a71f69,宮若市|city.miyawaka.lg.jp,宮若市,1000020402265,https://www.city.miyawaka.lg.jp/kiji003444183/,宮若市,miyawakacity,MiyawakaMunakataLine,宮田・百合野線,福岡県,1,6,52,1,3,current,361,361,0,5.511,0.0,2.281,0.0,43.758,0.0,07:15,18:27,129.0,2025-09-29,2027-03-31,dated_calendar_applied,data/raw/gtfs/current/miyawakacity__MiyawakaMunakataLine__current.zip,44f19b95aed92680b5712712f84b6d67251f7956db96bb209ea9296063a46980
a168f9d5f48716db,水巻町|town.mizumaki.lg.jp,水巻町,4000020403822,https://www.town.mizumaki.lg.jp/,水巻町,mizumakitown,MizumakiTownBus,町内巡回バス・通勤通学バス,福岡県,4,40,114,3,3,current,365,261,104,28.851,22.356,23.475,17.117,283.842,212.337,06:09,21:17,92.13,2026-04-01,2027-03-31,dated_calendar_applied,data/raw/gtfs/current/mizumakitown__MizumakiTownBus__current.zip,d0f44cdcbc38d10bc0ff95736242b75f797d0a6689d7ed13918720adac42c2e5
aa74bb1dc8423fa2,宗像市|city.munakata.lg.jp,宗像市,3000020402206,https://www.city.munakata.lg.jp/w059/010/010/020/060/030/bus.html,宗像市,munakatacity,MunakataCityCommunityBus,宗像市コミュニティバス,福岡県,15,115,261,7,3,current,519,391,128,67.458,46.654,44.331,32.14,725.82,513.9,07:20,18:50,112.72,2025-09-29,2027-03-31,dated_calendar_applied,data/raw/gtfs/current/munakatacity__MunakataCityCommunityBus__current.zip,1f046fc306680b5051b56b94a6d731f0c22084480082a9003799903862c477e1
aa74bb1dc8423fa2,宗像市|city.munakata.lg.jp,宗像市,3000020402206,https://www.city.munakata.lg.jp/w059/010/010/020/060/030/bus.html,宗像市,munakatacity,MunakataCityFureaiBus,宗像市ふれあいバス,福岡県,5,42,170,3,3,current,361,259,102,41.31,29.856,50.239,37.186,825.461,620.208,05:45,21:33,90.78,2026-04-01,2027-03-31,dated_calendar_applied,data/raw/gtfs/current/munakatacity__MunakataCityFureaiBus__current.zip,159e7afbcef3b2657c8a773768d94e8a3d21be1a1d751ef124278c52a0ebe179
8e1f5e6fca2c9efd,宮若市・宗像市|city.munakata.lg.jp,宮若市・宗像市,3000020402206,https://www.city.munakata.lg.jp/kiji0037771/,宗像市,munakatacity,MiyawakaMunakataLine,宮若・宗像線,福岡県,1,18,34,2,3,current,365,261,104,9.847,8.0,6.072,4.933,145.502,118.213,06:20,19:37,85.85,2026-04-01,2027-03-31,dated_calendar_applied,data/raw/gtfs/current/munakatacity__MiyawakaMunakataLine__current.zip,5b1fd328716b311846399e870d965929493560dfe213f9703696008bf8c579c4
69bc77d46412dc19,直方市コミュニティバス|city.nogata.fukuoka.jp,直方市コミュニティバス,8000020402044,https://www.city.nogata.fukuoka.jp/sangyo/_1230/_8168.html,直方市,nogatacity,NogataCityCommunityBus,直方市コミュニティバス,福岡県,7,87,141,1,3,current,310,259,51,86.333,42.663,45.399,22.435,658.435,325.38,07:43,17:59,46.89,2026-04-01,2027-03-31,dated_calendar_applied,data/raw/gtfs/current/nogatacity__NogataCityCommunityBus__current.zip,659e2c653b0a2a9e8e8b572ee7956daf0dbd02a50e85e58aaff9c794690d26d0
e658098be783030c,遠賀町コミュニティバス|town.onga.lg.jp,遠賀町コミュニティバス,2000020403849,https://www.town.onga.lg.jp/soshiki/12/1382.html,遠賀町,ongatown,OngaTownCommunityBus,遠賀町コミュニティバス,福岡県,12,41,80,2,3,current,380,271,109,40.201,32.7,21.37,18.53,345.839,289.453,05:53,20:00,126.65,2026-03-14,2027-03-31,dated_calendar_applied,data/raw/gtfs/current/ongatown__OngaTownCommunityBus__current.zip,3c1b6ad14a3267725e222fc4930bb49125ebcd25fd9b8143d1bd3e6677695bb2
17e3c7809d6f3908,新宮町コミュニティバスマリンクス|town.shingu.fukuoka.jp,新宮町コミュニティバスマリンクス,5000020403458,https://www.town.shingu.fukuoka.jp/kurashi/doro_kotsuu/2/1/index.html,新宮町,shingutown,ShinguTownCommunityBus,新宮町コミュニティバス マリンクス,福岡県,2,176,90,10,3,current,365,260,105,58.838,39.495,45.316,33.219,675.861,485.11,05:50,21:41,35.88,2026-03-01,2027-02-28,dated_calendar_applied,data/raw/gtfs/current/shingutown__ShinguTownCommunityBus__current.zip,28f0ba4c1eac4089ab08478927ad1a4c7674ce4f6138a969e41a21eb67f89079
3ced3ec49a64d543,福岡県添田町(添田町バス)|town.soeda.fukuoka.jp,福岡県添田町（添田町バス）,5000020406023,https://www.town.soeda.fukuoka.jp/bus/,添田町,soedatown,soedamachibus,添田町バス,福岡県,3,56,70,9,3,current,363,259,104,32.322,13.885,17.513,8.121,302.963,147.042,06:20,19:18,50.66,2026-04-01,2027-03-31,dated_calendar_applied,data/raw/gtfs/current/soedatown__soedamachibus__current.zip,7f1168aa6098b4d1f508382360606a4c9e9092ae4bda731fe01d2af54134e2a3
6fdb09f180072eb2,須恵町|town.sue.fukuoka.jp,須恵町,6000020403440,https://www.town.sue.fukuoka.jp/kurashi_tetsuzuki/kokyokotu/,須恵町,suetown,SueTownCommunityBus,須恵町コミュニティバス,福岡県,8,122,107,4,3,current,359,257,102,74.663,71.596,31.551,30.486,405.588,390.712,06:00,20:53,77.15,2026-04-01,2027-03-31,dated_calendar_applied,data/raw/gtfs/current/suetown__SueTownCommunityBus__current.zip,f708fd022a3e8be3bf7a6dde31d6694ff176f0a80fe5fbeb00cf25e9fccc2e6f
6d25a4fda1c2584e,田川市コミュニティバス|joho.tagawa.fukuoka.jp,田川市コミュニティバス,7000020402061,https://www.joho.tagawa.fukuoka.jp/kiji0032272/,田川市,tagawacity,TagawaCityCommunityBus,田川市コミュニティバス,福岡県,7,78,197,2,3,current,504,480,24,66.718,0.699,46.116,0.827,677.69,9.709,06:11,18:53,78.27,2025-10-06,2027-09-29,dated_calendar_applied,data/raw/gtfs/current/tagawacity__TagawaCityCommunityBus__current.zip,2f433aff3ac2277ec13d3b03e6bb99e8d951a2309b9f320fa2e58605952055b1
47da422c9d0bbcef,太陽交通|taiyo-koutu.co.jp,太陽交通株式会社,6290801015261,http://www.taiyo-koutu.co.jp/bus/,太陽交通株式会社,taiyo-koutu,taiyo-koutu,太陽交通株式会社,福岡県,9,172,320,3,3,current,358,256,102,96.613,64.731,41.794,28.786,937.738,626.924,06:20,19:40,122.17,2026-04-01,2027-03-31,dated_calendar_applied,data/raw/gtfs/current/taiyo-koutu__taiyo-koutu__current.zip,ae78bea6a9616545dbea7a77c862978f9213c5784676e63b45f5900d5b1a213c
129367897449dd64,柳川市|city.yanagawa.fukuoka.jp,柳川市,6000020402079,https://www.city.yanagawa.fukuoka.jp/kurashi/kotsu/communitybus/,柳川市,yanagawacity,YanagawaCityCommunityBus,柳川市コミュニティバス,福岡県,10,43,174,3,3,current,458,382,76,28.921,14.128,34.426,17.563,442.033,229.772,07:40,17:56,160.04,2025-10-01,2027-03-31,dated_calendar_applied,data/raw/gtfs/current/yanagawacity__YanagawaCityCommunityBus__current.zip,b2711f99f60400d051377d30a17409a4241a87d3a358f4b883852103e587a875
19a04eb209d455e5,伊万里市|city.imari.saga.jp,伊万里市,1000020412058_1,https://www.city.imari.saga.jp/2720.htm,伊万里市,imaricity,imarinbus,いまりんバス,佐賀県,6,32,148,6,3,current,365,261,104,15.257,11.962,13.335,9.542,191.07,138.336,07:20,18:58,135.44,2026-04-01,2027-03-31,dated_calendar_applied,data/raw/gtfs/current/imaricity__imarinbus__current.zip,2a9d41782ab0a9dee6c92e8d9bac0ad1f33612dfa0245e585f4eea0efd05e9f0
35e99b31d3eaab05,平戸市|city.hirado.nagasaki.jp,平戸市,4000020422070_1,https://www.city.hirado.nagasaki.jp/kurashi/life/sumai/koutu/bus/bus01.html,平戸市,hiradocity,fureaibus,ふれあいバス,長崎県,8,58,104,8,3,current,183,131,52,23.803,7.583,11.508,3.832,274.483,99.772,05:50,21:19,87.54,2025-11-01,2026-09-30,dated_calendar_applied,data/raw/gtfs/current/hiradocity__fureaibus__current.zip,6c3b15b9c7df8686daaf055e6af59e3463a815d45f305d190b9d62aadb21de59
eb3cb99dadebbb16,熊本バス|kuma-bus.co.jp,熊本バス,9330001001600,http://www.kuma-bus.co.jp/,熊本バス,kuma-bus,kuma-bus,熊本バス,熊本県,129,2503,541,9,3,current,126,90,36,329.178,227.889,271.287,173.523,4696.388,3100.425,05:50,24:08,147.94,2026-08-31,2027-01-03,dated_calendar_applied,data/raw/gtfs/current/kuma-bus__kuma-bus__current.zip,bc11fc4bce562f58ed4da878b5160aae1e545105aacfc2670938856be1d7f96b
f9c4176b4dfac6be,熊本都市バス|kumamoto-toshibus.co.jp,熊本都市バス,3330001008122,https://www.kumamoto-toshibus.co.jp/,熊本都市バス,kumamoto-toshibus,kumamoto-toshibus,熊本都市バス,熊本県,184,2495,635,9,3,current,209,149,60,1052.517,708.533,703.807,439.045,8294.369,5519.79,05:49,23:48,124.04,2026-06-06,2026-12-31,dated_calendar_applied,data/raw/gtfs/current/kumamoto-toshibus__kumamoto-toshibus__current.zip,c91ef8a99cffd05937705557bfa229ff9ac8b5fe15e1dea4455bca863b63f16d
0838bcbc216392a8,熊本電鉄バス|kumamotodentetsu.co.jp,熊本電鉄バス,1330001001517,http://www.kumamotodentetsu.co.jp/bus/select/,熊本電鉄,kumamotodentetsu,kumamotodentetsu-bus,熊本電鉄バス,熊本県,150,1634,568,4,3,current,122,88,34,467.852,332.5,399.192,293.75,6264.231,4834.543,05:45,25:02,179.73,2026-09-01,2026-12-31,dated_calendar_applied,data/raw/gtfs/current/kumamotodentetsu__kumamotodentetsu-bus__current.zip,ac37d31b0a2578cbf04b11d03eb3fb3550af04f55fac46221663775d4b88a6d0
f081c0b7664a316a,九州産交バス|sankobus.jp,九州産交バス,9330001006723,https://www.sankobus.jp/,産交バス,sankobus,sankobus,産交バス,熊本県,987,28204,4649,240,3,current,143,102,41,2270.98,1787.439,2172.914,1756.513,47289.303,40410.015,04:35,24:37,138.68,2026-08-13,2027-01-02,dated_calendar_applied,data/raw/gtfs/current/sankobus__sankobus__current.zip,a122c1bd2c137e372ca547b9f19b7a8b818ebbfb853eb66b21a86118bd2eaa76
e5a13ec8ddb4886b,玖珠町|town.kusu.oita.jp,玖珠町,5000020444626,https://www.town.kusu.oita.jp/soshiki/miraisouseika/2/2/1/index.html,玖珠町,kusutown,kusucommunity-bus,玖珠町コミュニティバス,大分県,13,32,196,9,3,current,270,193,77,15.99,7.897,11.02,4.607,217.196,82.905,07:20,16:35,265.04,2026-07-03,2027-03-31,dated_calendar_applied,data/raw/gtfs/current/kusutown__kusucommunity-bus__current.zip,2d9db9c90ca054c8f19f15968e8e480696a389c74a49694c09b92de8d46510ca
0dd77c8bb972416a,中津市|city-nakatsu.jp,中津市,2000020442038,https://www.city-nakatsu.jp/doc/2012042300039/,中津市,nakatsucity,OshimaIfuku,大島伊福線,大分県,1,3,35,1,3,current,49,49,0,0.516,0.0,0.808,0.0,13.313,0.0,08:30,14:59,152.0,2025-09-29,2026-10-31,dated_calendar_applied,data/raw/gtfs/current/nakatsucity__OshimaIfuku__current.zip,a442fd761ce6b58e040970eb9db5b61110655e4c3171bf0bcaf63493a1586384
0dd77c8bb972416a,中津市|city-nakatsu.jp,中津市,2000020442038,https://www.city-nakatsu.jp/doc/2012042300039/,中津市,nakatsucity,UraYabakei,裏耶馬溪線,大分県,1,2,46,1,3,current,359,359,0,1.827,0.0,0.959,0.0,28.24,0.0,07:28,17:12,542.0,2025-09-29,2027-03-31,dated_calendar_applied,data/raw/gtfs/current/nakatsucity__UraYabakei__current.zip,6d1b67f63be7189973a5af2d6490817df1829186f46465fe611a2ea36ff0544d
0dd77c8bb972416a,中津市|city-nakatsu.jp,中津市,2000020442038,https://www.city-nakatsu.jp/doc/2012042300039/,中津市,nakatsucity,Kii,城井線,大分県,1,6,48,1,3,current,49,49,0,1.032,0.0,0.857,0.0,18.5,0.0,08:30,14:59,68.0,2025-09-29,2026-10-31,dated_calendar_applied,data/raw/gtfs/current/nakatsucity__Kii__current.zip,f0d2d2ee91e0b7bbff34a79e64f5a0c030d45fc7c36ca271a52c0a57f5cc9612
0dd77c8bb972416a,中津市|city-nakatsu.jp,中津市,2000020442038,https://www.city-nakatsu.jp/doc/2012042300039/,中津市,nakatsucity,Tsutami,津民線,大分県,1,2,57,1,3,current,359,359,0,1.827,0.0,1.218,0.0,30.429,0.0,07:08,17:08,562.0,2025-09-29,2027-03-31,dated_calendar_applied,data/raw/gtfs/current/nakatsucity__Tsutami__current.zip,c6d399df4f150d46225dee689c45d471c178d604ad1db0b1678fce058efdda03
0dd77c8bb972416a,中津市|city-nakatsu.jp,中津市,2000020442038,https://www.city-nakatsu.jp/doc/2012042300039/,中津市,nakatsucity,Yakata,屋形線,大分県,2,29,79,13,3,current,166,166,0,2.02,0.0,1.618,0.0,33.375,0.0,09:01,15:23,94.65,2025-09-29,2027-03-31,dated_calendar_applied,data/raw/gtfs/current/nakatsucity__Yakata__current.zip,084fdfb4998ec2bf8f0b5a6e6726a9b19c0570ea6aa847cd02d6093b5035e80a
0dd77c8bb972416a,中津市|city-nakatsu.jp,中津市,2000020442038,https://www.city-nakatsu.jp/doc/2012042300039/,中津市,nakatsucity,BuzenNakatsu,豊前・中津線,大分県,1,8,45,1,3,current,361,361,0,7.349,0.0,4.777,0.0,85.013,0.0,07:42,16:39,71.14,2025-09-29,2027-03-31,dated_calendar_applied,data/raw/gtfs/current/nakatsucity__BuzenNakatsu__current.zip,1c2fb75d08ad3e55fb6bf0ec4a61329f294d4b604be40b8c9a0d6269be17036e
0dd77c8bb972416a,中津市|city-nakatsu.jp,中津市,2000020442038,https://www.city-nakatsu.jp/doc/2012042300039/,中津市,nakatsucity,Higashitani,東谷線,大分県,2,29,63,13,3,current,167,167,0,2.051,0.0,1.431,0.0,31.19,0.0,08:47,15:33,98.94,2025-09-29,2027-03-31,dated_calendar_applied,data/raw/gtfs/current/nakatsucity__Higashitani__current.zip,977bc805edd28da1d4e7eea2a85c68f574e2781ec51b3e72b25cd2ab72b64d68
0dd77c8bb972416a,中津市|city-nakatsu.jp,中津市,2000020442038,https://www.city-nakatsu.jp/doc/2012042300039/,中津市,nakatsucity,Miho,三保線,大分県,1,5,19,2,3,current,543,390,153,4.804,2.942,4.099,2.697,97.45,64.44,07:10,18:15,151.65,2025-09-29,2027-03-31,dated_calendar_applied,data/raw/gtfs/current/nakatsucity__Miho__current.zip,88a7432caacf6f0d78654c0ad378e330cc7cc15aae2bcd4b4d2630f28daacacf
0dd77c8bb972416a,中津市|city-nakatsu.jp,中津市,2000020442038,https://www.city-nakatsu.jp/doc/2012042300039/,中津市,nakatsucity,ShinyabaNishi,深耶馬西線,大分県,1,6,27,1,3,current,50,50,0,1.053,0.0,0.637,0.0,14.415,0.0,08:30,13:57,58.2,2025-09-29,2026-10-31,dated_calendar_applied,data/raw/gtfs/current/nakatsucity__ShinyabaNishi__current.zip,eadfcdf5478aac0071f3a47aec1f5b2aff6f95c8ce9cc91db7a29fc0362b0400
0dd77c8bb972416a,中津市|city-nakatsu.jp,中津市,2000020442038,https://www.city-nakatsu.jp/doc/2012042300039/,中津市,nakatsucity,Nishimakusa,西秣線,大分県,1,5,23,1,3,current,149,149,0,1.896,0.0,0.79,0.0,17.001,0.0,09:20,16:05,95.0,2025-09-29,2027-03-31,dated_calendar_applied,data/raw/gtfs/current/nakatsucity__Nishimakusa__current.zip,765eca5a23ff05670a7cf9e43c4e191d610ab6f72825ddf217b2071f44e739fd
0dd77c8bb972416a,中津市|city-nakatsu.jp,中津市,2000020442038,https://www.city-nakatsu.jp/doc/2012042300039/,中津市,nakatsucity,Nishitani,西谷線,大分県,2,17,65,7,3,current,157,157,0,1.952,0.0,1.591,0.0,36.802,0.0,08:44,15:40,95.89,2025-09-29,2027-03-31,dated_calendar_applied,data/raw/gtfs/current/nakatsucity__Nishitani__current.zip,c5c252b7c7eb370852def0294209a8ced59e6f2db140a9eafb1160c613f7450f
0dd77c8bb972416a,中津市|city-nakatsu.jp,中津市,2000020442038,https://www.city-nakatsu.jp/doc/2012042300039/,中津市,nakatsucity,OshimadaiKanayoshi,大島台金吉線,大分県,1,6,23,1,3,current,50,50,0,1.053,0.0,1.061,0.0,13.282,0.0,08:30,15:57,78.8,2025-09-29,2026-10-31,dated_calendar_applied,data/raw/gtfs/current/nakatsucity__OshimadaiKanayoshi__current.zip,abeb2784432003c0b773c1a8078c2590c2f6f196a6964c4a0a58360750f31d15
0dd77c8bb972416a,中津市|city-nakatsu.jp,中津市,2000020442038,https://www.city-nakatsu.jp/doc/2012042300039/,中津市,nakatsucity,UenokawauchiMasaki,上ノ川内柾木線,大分県,1,6,43,1,3,current,48,48,0,1.011,0.0,0.609,0.0,12.883,0.0,08:30,14:11,60.4,2025-09-29,2026-10-31,dated_calendar_applied,data/raw/gtfs/current/nakatsucity__UenokawauchiMasaki__current.zip,3ce07bf05f82a4a4c88c51fb9d6baca93375b45d11c7b5234d0322048e1a8367
0dd77c8bb972416a,中津市|city-nakatsu.jp,中津市,2000020442038,https://www.city-nakatsu.jp/doc/2012042300039/,中津市,nakatsucity,HiyamajiKamagi,樋山路鎌城線,大分県,1,6,28,1,3,current,49,49,0,1.032,0.0,1.014,0.0,17.448,0.0,08:30,15:56,76.0,2025-09-29,2026-10-31,dated_calendar_applied,data/raw/gtfs/current/nakatsucity__HiyamajiKamagi__current.zip,7ba27e04f1bac106a7cba5fc54c0d21d44527cbdfd9713108daee1154f53d208
0dd77c8bb972416a,中津市|city-nakatsu.jp,中津市,2000020442038,https://www.city-nakatsu.jp/doc/2012042300039/,中津市,nakatsucity,YamautsuriKita,山移北線,大分県,1,6,19,1,3,current,48,48,0,1.011,0.0,0.547,0.0,10.646,0.0,08:30,13:41,59.0,2025-09-29,2026-10-31,dated_calendar_applied,data/raw/gtfs/current/nakatsucity__YamautsuriKita__current.zip,330cc4991f874d699286b2adebb275c2fbfc056d5898f3b260d55752a5638ed4
0dd77c8bb972416a,中津市|city-nakatsu.jp,中津市,2000020442038,https://www.city-nakatsu.jp/doc/2012042300039/,中津市,nakatsucity,Kawaraguchi,川原口線,大分県,1,6,53,1,3,current,44,44,0,0.926,0.0,0.841,0.0,15.059,0.0,08:30,15:00,69.6,2025-09-29,2026-10-31,dated_calendar_applied,data/raw/gtfs/current/nakatsucity__Kawaraguchi__current.zip,4df548d7e103d3cf5bb2d92c14f0c64436888a2beae8b982b612542d0c0b81c9
0dd77c8bb972416a,中津市|city-nakatsu.jp,中津市,2000020442038,https://www.city-nakatsu.jp/doc/2012042300039/,中津市,nakatsucity,ShinyabaHigashi,深耶馬東線,大分県,1,6,31,1,3,current,49,49,0,1.032,0.0,0.794,0.0,17.298,0.0,08:30,15:14,74.8,2025-09-29,2026-10-31,dated_calendar_applied,data/raw/gtfs/current/nakatsucity__ShinyabaHigashi__current.zip,d66955b87cf3b555268701920d8216dff5273b9259b4b1b3350c20d25327679d
0dd77c8bb972416a,中津市|city-nakatsu.jp,中津市,2000020442038,https://www.city-nakatsu.jp/doc/2012042300039/,中津市,nakatsucity,YamautsuriMinami,山移南線,大分県,1,6,27,1,3,current,44,44,0,0.926,0.0,0.615,0.0,12.392,0.0,08:30,14:08,60.6,2025-09-29,2026-10-31,dated_calendar_applied,data/raw/gtfs/current/nakatsucity__YamautsuriMinami__current.zip,162a9442cbfa18182707d71093a064bc4e7000496c1a934127d36de74844ff46
94d2d47c4c53d36e,かごしま市コミュニティバス「あいばす」|city.kagoshima.lg.jp,かごしま市コミュニティバス「あいばす」,1000020462012_4,http://www.city.kagoshima.lg.jp/kikakuzaisei/kikaku/kotuseisaku/machizukuri/igai/kokyo/aibus/aibus.html,鹿児島市,kagoshimacity,aibus,鹿児島市コミュニティバス「あいばす」,鹿児島県,87,175,1076,3,3,current,313,261,52,72.664,34.667,59.206,29.883,1058.566,540.012,07:00,19:39,247.74,2025-09-29,2027-03-31,dated_calendar_applied,data/raw/gtfs/current/kagoshimacity__aibus__current.zip,eb6ff592643022132391f59a7fa0e0324f076287d8520106efd968b82a4f4f9b
c15780f74117aaec,八重瀬町役場|nantoku.org,八重瀬町役場,4000020473626,https://www.nantoku.org/access/bus/,八重瀬町,yaesetown,yaese-town-bus,八重瀬町バス,沖縄県,4,14,108,2,3,current,342,283,59,8.351,2.438,6.681,1.902,141.936,40.559,08:00,16:03,225.44,2026-03-01,2027-04-30,dated_calendar_applied,data/raw/gtfs/current/yaesetown__yaese-town-bus__current.zip,ef0b9326c43784724d67a31047a3e283aa81abe66441aaa849f8a574c9fbefe5
0ee1b995e9ffc05e,やんばる急行バス|yanbaru-expressbus.com,合同会社やんばる急行バス,1360003007856,http://yanbaru-expressbus.com/,合同会社やんばる急行バス,yanbaru-expressbus,yanbaru-express-bus,やんばる急行バス,沖縄県,3,45,89,2,3,current,255,183,72,44.541,38.0,72.549,69.217,2224.529,2138.853,04:25,22:40,117.92,2026-04-21,2026-12-31,dated_calendar_applied,data/raw/gtfs/current/yanbaru-expressbus__yanbaru-express-bus__current.zip,823c13ddca5f2ec315c6af96e2972575613c1b2cad45bac8757cc9688303d49d
