operator_id,operator_identity_key,agency_name,agency_url,prefectures,publisher_names,feed_ids,organization_feed_pairs,agency_ids,feed_count,agency_record_count,routes_sum_across_feeds,trips_sum_across_feeds,stops_sum_across_feeds,service_id_sum_across_feeds,route_types,weekday_trips_per_day_sum_approx,weekend_trips_per_day_sum_approx,weekday_trip_hours_sum_approx,weekend_trip_hours_sum_approx,weekday_km_sum_approx,weekend_km_sum_approx,schedule_status_all_dated
9de42043b1699c03,岩宇地域公共交通活性化協議会|town.kyowa.hokkaido.jp,岩宇地域公共交通活性化協議会,https://www.town.kyowa.hokkaido.jp/life/?category=18,北海道,岩宇地域公共交通活性化協議会,shiokazeline,gan-wu/shiokazeline,3000020014010,1,1,1,16,105,2,3,9.64,5.942,12.149,7.527,389.232,239.935,True
246bf7b3d1fdba6f,石狩湾新港地域公共交通サービス推進協議会(事務局石狩市)|city.ishikari.hokkaido.jp,石狩湾新港地域公共交通サービス推進協議会（事務局石狩市）,https://www.city.ishikari.hokkaido.jp/kurashi/doro/1001842/1002334.html,北海道,石狩湾新港地域公共交通サービス推進協議会,on-demandtransit_itsumo,ishikariwanshinko/on-demandtransit_itsumo,4000020012351,1,1,2,54,134,2,3,31.307,9.75,19.736,5.923,675.053,193.855,True
0aa8f63a0007a2f1,上士幌町|kamishihoro.jp,上士幌町,https://www.kamishihoro.jp/page/00000347,北海道,上士幌町,kamishihoro|kamishihoro-self-bus,kamishihorotown/kamishihoro|kamishihorotown/kamishihoro-self-bus,9000020016331,2,2,4,23,48,4,3,5.348,3.031,5.506,1.263,56.789,7.011,True
a0923bc2e16982b5,根室交通|nemurokotsu.com,根室交通株式会社,http://nemurokotsu.com/,北海道,根室交通株式会社,nemurobus,nemurokotsu/nemurobus,4460401000193,1,1,12,175,331,3,3,64.605,42.0,85.649,64.1,2653.639,2136.641,True
2804fca7e5bf649f,深浦町|town.fukaura.lg.jp,深浦町,https://www.town.fukaura.lg.jp/fixed_docs/2023040300013/,青森県,深浦町,fukaura-town-communitybus,fukauratown/fukaura-town-communitybus,7000020023230,1,1,5,68,131,5,3,13.448,0.0,10.589,0.0,256.934,0.0,True
c5d9141c98a36031,五所川原市|city.goshogawara.lg.jp,五所川原市,https://www.city.goshogawara.lg.jp/kurashi/machi/2020-1002-1614-111.html,青森県,五所川原市,goshogawara-communitybus,goshogawaracity/goshogawara-communitybus,2000020022055,1,1,6,18,123,5,3,3.337,0.0,3.24,0.0,49.617,0.0,True
9d4bca15fbb719d7,八戸市交通部|city.hachinohe.aomori.jp,八戸市交通部,https://www.city.hachinohe.aomori.jp/section/bus/,青森県,八戸市交通部,hachinohe-citybus,hachinohe/hachinohe-citybus,2000020022039,1,1,44,2148,680,13,3,760.916,672.942,517.981,439.55,7841.889,6822.024,True
de040b6f0cfaafdb,八戸市|city.hachinohe.aomori.jp,八戸市,https://www.city.hachinohe.aomori.jp/soshikikarasagasu/nangojimusho/1/4673.html,青森県,八戸市,hachinohe-nango,hachinohecity/hachinohe-nango,2000020022039,1,1,6,12,171,2,3,5.545,0.0,5.719,0.0,116.931,0.0,True
0bfc8427a50748b0,階上町コミュニティバス|town.hashikami.lg.jp,階上町コミュニティバス,"https://www.town.hashikami.lg.jp/index.cfm/7,0,72,225,html",青森県,階上町,hashikamibus,hashikamitown/hashikamibus,1000020024465,1,1,4,42,97,2,3,24.069,7.846,21.39,7.658,383.388,132.821,True
bacb04f95615f3c8,平川市|city.hirakawa.lg.jp,平川市,https://www.city.hirakawa.lg.jp/kurashi/koutsu/hirakawashibasu.html,青森県,平川市,hirakwacitybus,hirakawacity/hirakwacitybus,6000020022101,1,1,1,5,18,1,3,1.996,2.5,2.016,2.525,41.524,51.999,True
d4b23b4bdc71e955,平内町|town.hiranai.aomori.jp,平内町,https://www.town.hiranai.aomori.jp/kurashi/doro_chominbus_kotsuanzen/2/index.html,青森県,平内町,hiranaitownbus,hiranaitown/hiranaitownbus,4000020023019,1,1,7,51,177,2,3,50.604,48.0,31.481,30.042,939.35,894.939,True
78cc2a5f356d9247,北星交通|hokuseikotsu.co.jp,北星交通株式会社,https://www.hokuseikotsu.co.jp/,青森県,弘前市,hokusei-noriai,hirosakicity/hokusei-noriai,1420001009484,1,1,16,76,264,2,3,75.023,61.0,28.186,23.433,681.704,576.917,True
5dab992ca8c3a8ec,東日本旅客鉄道|traininfo.jreast.co.jp,東日本旅客鉄道株式会社,https://traininfo.jreast.co.jp/train_info/line.aspx?gid=4&lineid=tsugaruline,青森県,JR東日本盛岡支社,JR-east_tsugaruline,jr-east-morioka/JR-east_tsugaruline,9011001029597,1,1,1,8,19,2,3,7.816,6.0,7.686,5.9,210.474,161.57,True
548b3da28a71befd,黒石市|city.kuroishi.aomori.jp,黒石市,http://www.city.kuroishi.aomori.jp/kurashi/transportation/pra_main.html,青森県,黒石市,kuroishi,kuroishicity/kuroishi,2000020022047,1,1,4,28,72,1,3,28.0,28.0,12.75,12.75,175.259,175.259,True
5134fb453e7c3c9d,三沢市|city.misawa.lg.jp,三沢市,"https://www.city.misawa.lg.jp/index.cfm/22,2370,66,295,html",青森県,三沢市,misawacity-mebus,misawacity/misawacity-mebus,2000020022071,1,1,6,43,237,4,3,39.023,31.0,32.197,26.175,576.213,450.746,True
f2f147fd2f450aab,中泊町|town.nakadomari.lg.jp,中泊町,https://www.town.nakadomari.lg.jp/soshikikarasagasu/sogosenryakuka/gyomuannai/7/1/4530.html,青森県,中泊町,nakadomari-communitybus,nakadomaritown/nakadomari-communitybus,5000020023876,1,1,2,8,117,2,3,7.703,4.0,12.305,6.75,266.189,132.523,True
38e5047e6cd492fd,大鰐町|town.owani.lg.jp,大鰐町,http://www.town.owani.lg.jp/kurashi/sumai/kotsu/,青森県,大鰐町,owanitown-sunekarabus,owanitown/owanitown-sunekarabus,4000020023621,1,1,3,38,106,2,3,37.505,34.0,26.072,23.633,457.799,414.657,True
b3ee570bc23f5fee,七戸町|town.shichinohe.lg.jp,七戸町,http://www.town.shichinohe.lg.jp/,青森県,七戸町,shichinohe_community-bus,shichinohetown/shichinohe_community-bus,6000020024023,1,1,8,29,155,5,3,19.545,0.0,14.919,0.0,321.702,0.0,True
8907f35fd5ab3d5f,下北交通|shimoko.jp,下北交通,https://shimoko.jp/?page_id=58,青森県,下北交通株式会社,shimokitakotsu,shimoko/shimokitakotsu,8420001012382,1,1,14,84,689,9,3,67.408,44.165,83.124,66.539,2496.979,2037.436,True
069833ffbbcdb288,新郷村|vill.shingo.aomori.jp,新郷村,https://www.vill.shingo.aomori.jp/sight/sight_main/sight-map/,青森県,新郷村,shingo-mizubashogo,shingovillage/shingo-mizubashogo,5000020024503,1,1,3,80,88,7,3,18.1,4.418,8.878,2.348,186.135,51.238,True
17078b1fa6473a4a,外ヶ浜町|town.sotogahama.lg.jp,外ヶ浜町,https://www.town.sotogahama.lg.jp/kurashi/koutsuu/,青森県,外ヶ浜町,sotogahama-townbus,sotogahamatown/sotogahama-townbus,2000020023078,1,1,9,41,135,3,3,39.782,27.0,27.055,18.275,654.054,454.074,True
d60dac0394673a9c,東北町|town.tohoku.lg.jp,東北町,https://www.town.tohoku.lg.jp/kurashi/life/bus.html,青森県,東北町,tohoku-town-bus,tohokutown/tohoku-town-bus,4000020024082,1,1,13,34,320,2,3,25.511,0.0,20.084,0.0,510.065,0.0,True
8a3c5859abe57af0,十和田市|city.towada.lg.jp,十和田市,https://www.city.towada.lg.jp/kurashi/koutsuu/,青森県,十和田市,towadacity_communitybus,towadacity/towadacity_communitybus,2000020022063,1,1,4,30,134,2,3,24.425,25.317,20.475,20.962,334.486,341.205,True
adb26ef7e9bdf45c,十和田観光電鉄|toutetsu.co.jp,十和田観光電鉄,https://www.toutetsu.co.jp/jikoku.htm,青森県,十和田観光電鉄株式会社,toutetsu|toutetsu_airport_line,towadakankodentetsu/toutetsu|towadakankodentetsu/toutetsu_airport_line,3420001012049,2,2,21,197,984,21,3,131.014,81.045,132.867,79.653,3526.475,2073.247,True
ae9f8c6992d7582a,つがる市|city.tsugaru.aomori.jp,つがる市,https://www.city.tsugaru.aomori.jp/soshiki/somu/tiikisousei/kikakusinnkou/kokyokotu/index.html,青森県,つがる市,tsugarucity_localtransportation,tsugarucity/tsugarucity_localtransportation,9000020022098,1,1,3,16,118,2,3,15.016,7.5,5.725,2.892,163.696,82.079,True
e765610193cddfda,鶴田町|town.tsuruta.lg.jp,鶴田町,https://www.town.tsuruta.lg.jp/kurashi/post-1084.html,青森県,鶴田町,tsuruta-townbus,tsurutatown/tsuruta-townbus,7000020023841,1,1,3,6,57,1,3,5.533,0.0,3.811,0.0,79.526,0.0,True
ce53a56d8db7dbb4,蓬田村|vill.yomogita.lg.jp,蓬田村,https://www.vill.yomogita.lg.jp/kurashi/kotsu/bus.html,青森県,蓬田村,yomogita-communitybus,yomogitavillage/yomogita-communitybus,4000020023043,1,1,2,7,78,1,3,6.511,3.435,4.961,2.617,100.921,53.246,True
8bf28ba4bb543b2b,花巻市コミュニティバス|city.hanamaki.iwate.jp,花巻市コミュニティバス,https://www.city.hanamaki.iwate.jp/kurashi/douro_kotsu/bus_parking_airport/1001114/1008653/1011460.html,岩手県,花巻市,hanamaki,hanamakicity/hanamaki,5000020032051,1,1,5,60,201,4,3,42.636,30.346,35.126,24.665,757.429,464.958,True
c31dd4aa8951ed33,一関市市営バス|city.ichinoseki.iwate.jp,一関市市営バス,https://www.city.ichinoseki.iwate.jp/index.cfm/8%2C0%2C100%2Chtml,岩手県,一関市,Ichinosekibus,ichinosekicity/Ichinosekibus,4000020032093,1,1,24,223,516,18,3,143.0,59.163,87.224,31.598,2402.271,889.758,True
f96b468efd2d1ce6,奥州市|city.oshu.iwate.jp,奥州市,https://www.city.oshu.iwate.jp/site/kanko/40210.html,岩手県,奥州市,bus-oshucity-iwate-jp,oshucity/bus-oshucity-iwate-jp,6000020032158,1,1,12,90,368,7,3,73.168,9.211,45.028,7.554,1026.496,162.86,True
fbbe97a63e37e723,七ヶ浜町|shichigahama.com,七ヶ浜町,https://www.shichigahama.com/access/gururinko/,宮城県,七ヶ浜町,Gururinko,shichigahamatown/Gururinko,2000020044041,1,1,8,81,156,2,3,79.448,64.731,54.627,44.184,1056.739,856.277,True
1a5927d42a083774,タケヤ交通|takeyakotsu.jp,株式会社タケヤ交通,https://www.takeyakotsu.jp,宮城県,株式会社タケヤ交通,takeyakotsu,takeyakoutu/takeyakotsu,6370101001598_1,1,1,4,75,48,15,3,24.959,24.865,29.373,28.418,652.479,628.371,True
4a4e95916eba1efc,秋田県仙北市|city.semboku.akita.jp,秋田県仙北市,https://www.city.semboku.akita.jp/citizens/10_01.html,秋田県,仙北市,bus-city-semboku,sembokucity/bus-city-semboku,3000020052159,1,1,4,25,108,6,3,17.713,5.394,19.64,6.273,347.045,110.707,True
477d250fdc3b4d35,羽後交通|ugokotsu.co.jp,羽後交通株式会社,https://ugokotsu.co.jp/,秋田県,羽後交通株式会社,ugokotsu_honjo|ugokotsu_tazawako,ugokotsu/ugokotsu_honjo|ugokotsu/ugokotsu_tazawako,6410001008788,2,2,27,482,654,8,3,132.445,111.846,129.514,105.042,3444.891,2618.788,True
edfc4ff2a0995737,東根市|city.higashine.yamagata.jp,東根市,https://www.city.higashine.yamagata.jp/section_list/section008/shiminbus/196,山形県,東根市,HigashineCity,higashinecity/HigashineCity,9000020062111,1,1,8,16,176,3,3,13.034,0.0,9.701,0.0,223.479,0.0,True
abe99c7fabd9bf42,河北町|town.kahoku.yamagata.jp,河北町,https://www.town.kahoku.yamagata.jp/soshiki/machizukurisuishinka/seikatukankyo/index.html,山形県,河北町,KahokuTown,kahokutown/KahokuTown,2000020063215,1,1,7,29,74,2,3,21.964,6.0,14.854,3.35,265.304,66.261,True
013a6e64fdfbcce1,上山市|city.kaminoyama.yamagata.jp,上山市,https://www.city.kaminoyama.yamagata.jp/soshiki/3/shieibasu20231002.html,山形県,上山市,KaminoyamaCity,kaminoyamacity/KaminoyamaCity,5000020062073,1,1,1,10,33,1,3,9.734,9.712,6.814,6.798,115.198,114.934,True
7d64affbc807efc1,真室川町|town.mamurogawa.yamagata.jp,真室川町,https://www.town.mamurogawa.yamagata.jp/kurashi_tetsuzuki/doro_kotsu/1/index.html,山形県,真室川町,MamurogawaTown,mamurogawatown/MamurogawaTown,6000020063649,1,1,10,50,190,3,3,45.59,24.055,21.508,11.307,557.367,293.096,True
51791e7f967c3094,最上川交通|mogamigawakotsu.jp,最上川交通,https://www.mogamigawakotsu.jp/route_bus,山形県,最上川交通,MOGAMIGAWAKOTSU,mogamigawakotsu/MOGAMIGAWAKOTSU,3390001008744,1,1,2,10,5,2,3,10.0,10.0,1.767,1.767,57.11,57.11,True
5e3e5663935187fc,村山市|city.murayama.lg.jp,村山市,https://www.city.murayama.lg.jp/kurashi/koukyoukoutsuu/index.html,山形県,村山市,MurayamaCity,murayamacity/MurayamaCity,5000020062081,1,1,4,19,159,1,3,17.544,0.0,12.789,0.0,306.703,0.0,True
ca8bd4d54763045a,長井市|city.nagai.yamagata.jp,長井市,https://www.city.nagai.yamagata.jp/kurashi_tetsuzuki/kokyokotsu/1/3088.html,山形県,長井市,NagaiCity,nagaicity/NagaiCity,4000020062090,1,1,9,54,302,1,3,49.241,0.0,32.22,0.0,704.002,0.0,True
b43b3d13a2442768,中山町|town.nakayama.yamagata.jp,中山町,https://www.town.nakayama.yamagata.jp/kurashi/kokyokotsu/bus/771.html,山形県,中山町,NakayamaTown,nakayamatown/NakayamaTown,7000020063029,1,1,1,8,64,1,3,7.479,3.923,8.414,4.413,145.618,76.384,True
f24e7858993c921f,南陽市|city.nanyo.yamagata.jp,南陽市,http://www.city.nanyo.yamagata.jp/bus/,山形県,南陽市,NanyoCity,nanyocity/NanyoCity,7000020062138,1,1,4,39,114,4,3,25.854,0.0,15.186,0.0,351.999,0.0,True
026ce0a528318120,西川町|town.nishikawa.yamagata.jp,西川町,https://www.town.nishikawa.yamagata.jp/soshiki/chomin/1272.html,山形県,西川町,NishikawaTown,nishikawatown/NishikawaTown,2000020063223,1,1,7,56,221,18,3,31.295,14.327,21.375,10.105,625.213,298.013,True
fccd5a7da1d9edd9,尾花沢市|city.obanazawa.yamagata.jp,尾花沢市,http://www.city.obanazawa.yamagata.jp/kurashi/kotsu/rosen-bus-service/507,山形県,尾花沢市,ObanazawaCity,obanazawacity/ObanazawaCity,8000020062120,1,1,7,63,273,8,3,45.939,26.846,29.352,17.599,751.54,465.548,True
76fa06b956b05eae,大江町|town.oe.yamagata.jp,大江町,http://www.town.oe.yamagata.jp/government/ooe-overview/koutu/236,山形県,大江町,Oetown,oetown/Oetown,1000020063240,1,1,1,13,68,2,3,12.889,11.769,10.089,9.35,225.845,207.546,True
d86098d78d89a20f,大蔵村|vill.ohkura.yamagata.jp,大蔵村,https://www.vill.ohkura.yamagata.jp/kurashi_tetsuzuki/doro_kotsu/kokyokotsu/index.html,山形県,大蔵村,OhkuraVillage,ohkuravillage/OhkuraVillage,6000020063657,1,1,5,25,95,3,3,16.192,8.0,15.271,8.133,379.882,217.73,True
91cf1c46654af62d,寒河江市|city.sagae.yamagata.jp,寒河江市,http://www.city.sagae.yamagata.jp/kurashi/koutsu/sinaijyunkanbass1.html,山形県,寒河江市,SagaeCity,sagaecity/SagaeCity,5000020062065 ,1,1,4,8,62,1,3,7.296,0.0,8.634,0.0,112.918,0.0,True
ea2d34630cb33a77,酒田市|city.sakata.lg.jp,酒田市,http://www.city.sakata.lg.jp/sangyo/kotsu/runrunbas/index.html,山形県,酒田市,SakataCity,sakatacity/SakataCity,5000020062049 ,1,1,6,49,252,3,3,44.945,33.0,40.989,27.65,731.331,504.445,True
886ef73b2a2b067d,鮭川村|vill.sakegawa.yamagata.jp,鮭川村,https://www.vill.sakegawa.yamagata.jp/seikatsu/traffic/1075,山形県,鮭川村,SakegawaVillage,sakegawavillage/SakegawaVillage,6000020063665,1,1,3,28,128,2,3,22.161,1.962,14.651,1.471,315.017,33.446,True
0043a735b4386dd8,新庄市|city.shinjo.yamagata.jp,新庄市,https://www.city.shinjo.yamagata.jp/g/kurashi/020/080/index.html,山形県,新庄市,ShinjoCity,shinjocity/ShinjoCity,5000020062057,1,1,3,24,138,3,3,14.682,0.0,11.847,0.0,206.275,0.0,True
9c38a582e77d784e,白鷹町|town.shirataka.lg.jp,白鷹町,https://www.town.shirataka.lg.jp/1198.htm,山形県,白鷹町,ShiratakaTown,shiratakatown/ShiratakaTown,9000020064025,1,1,2,10,69,2,3,4.617,0.962,2.755,0.574,54.441,11.338,True
b12a41ad27980e85,庄内交通|shonaikotsu.jp,庄内交通,http://www.shonaikotsu.jp/,山形県,庄内交通,SHONAIKOTSU,shonaikotsu/SHONAIKOTSU,8390001008269,1,1,51,294,568,29,3,130.073,100.189,98.931,76.042,2112.66,1558.719,True
553be593d3b76cd4,庄内町|town.shonai.lg.jp,庄内町,https://www.town.shonai.lg.jp/kurashi/koutsu/choueibasu/bus_time.html,山形県,庄内町,ShonaiTown,shonaitown/ShonaiTown,9000020064289,1,1,8,38,130,19,3,20.577,11.76,21.306,12.528,421.13,267.265,True
34eb8c4dbd3a7172,天童市|city.tendo.yamagata.jp,天童市,https://www.city.tendo.yamagata.jp/lifeinfo/shisetsu/siminnbasu.html,山形県,天童市,TendoCity,tendocity/TendoCity,9000020062103,1,1,1,16,66,6,3,11.904,5.288,8.852,3.91,183.292,80.901,True
5ada3bab740615df,戸沢村|vill.tozawa.yamagata.jp,戸沢村,http://www.vill.tozawa.yamagata.jp/life/seikatsu_kotsu_jutaku/bus/,山形県,戸沢村,tozawavillagebus,tozawavillage/tozawavillagebus,6000020063673,1,1,2,31,97,1,3,28.625,15.202,14.435,7.666,390.594,207.437,True
bd51c429d56fb0fd,鶴岡市|city.tsuruoka.lg.jp,鶴岡市,https://www.city.tsuruoka.lg.jp/seibi/tiikikoukyoukoutu/tiikikoukyoukoutu.html,山形県,鶴岡市,TsuruokaCity,tsuruokacity/TsuruokaCity,1234567890123,1,1,7,34,309,6,3,25.847,6.375,17.174,4.716,402.889,103.455,True
8994c33c4ecb087b,朝日町|town.asahi.yamagata.jp,朝日町,https://www.town.asahi.yamagata.jp/portal/life/sumai_doro_kasen/kokyokotsu/index.html,山形県,朝日町,AsahiTown,yamagata-asahitown/AsahiTown,2000020063231,1,1,3,14,59,6,3,4.632,4.337,5.028,2.525,115.951,65.697,True
899dfba9d7a6b707,金山町|town.kaneyama.yamagata.jp,金山町,https://www.town.kaneyama.yamagata.jp/machinososhiki/chominzeimuka/kurashianzenkakari/2/index.html,山形県,山形県金山町,KaneyamaTown,yamagata-kaneyamatown/KaneyamaTown,8000020063614,1,1,6,23,128,2,3,18.651,2.942,9.014,1.406,271.979,47.524,True
0a541ac12de88fb2,小国町|town.oguni.yamagata.jp,小国町,https://www.town.oguni.yamagata.jp/life/1/5/22/,山形県,山形県小国町,OguniTown,yamagata-ogunitown/OguniTown,9000020064017,1,1,5,46,133,25,3,25.51,20.0,18.993,14.417,433.105,325.636,True
74ea17838d24a47a,山形市|city.yamagata-yamagata.lg.jp,山形市,https://www.city.yamagata-yamagata.lg.jp/kurashi/kotsu/1006588/index.html,山形県,山形市,YamagataCity,yamagata-yamagatacity/YamagataCity,7000020062014,1,1,11,89,225,6,3,60.51,48.0,51.911,43.583,557.628,420.1,True
d0d9f8e2e5cdf7c6,山形交通|yamakobus.jp,山形交通,https://www.yamakobus.jp/,山形県,山形交通,YAMAKOBUS,yamakobus/YAMAKOBUS,4390001002259,1,1,129,1032,1443,13,3,724.848,425.981,530.676,338.448,13448.235,9034.458,True
8ea7e531b8e81347,山辺町|town.yamanobe.yamagata.jp,山辺町,https://www.town.yamanobe.yamagata.jp/life/2/19/90/,山形県,山辺町,YamanobeTown,yamanobetown/YamanobeTown,8000020063011,1,1,1,2,34,1,3,1.847,0.962,1.293,0.673,28.993,15.096,True
d6ae6c03825b66ef,米沢市|city.yonezawa.yamagata.jp,米沢市,https://www.city.yonezawa.yamagata.jp/category/kurashi_tetsuzuki/12/index.html,山形県,米沢市,Yonezawa,yonezawacity/Yonezawa,7000020062022,1,1,5,69,145,6,3,48.54,43.045,39.654,36.093,690.005,601.47,True
9c1327adceb9c2f1,本宮市|city.motomiya.lg.jp,本宮市,https://www.city.motomiya.lg.jp/soshiki/10/combus.html,福島県,本宮市,motomiyashibus,motomiyacity/motomiyashibus,2000020072141,1,1,5,43,108,5,3,36.919,17.0,17.12,9.5,338.97,187.184,True
30dc09f05ee8c16b,大玉村|vill.otama.fukushima.jp,大玉村,https://www.vill.otama.fukushima.jp/profile/access/otamabus/,福島県,大玉村,otamavillage-bus,otamavillage/otamavillage-bus,4000020073229,1,1,4,4,21,1,3,3.687,0.0,1.721,0.0,34.78,0.0,True
136b39d527cb93de,新常磐交通|joko.co.jp,新常磐交通,https://www.joko.co.jp/,福島県,新常磐交通株式会社,SHINJOBANKOTSU,shinjobankotsu/SHINJOBANKOTSU,2380001013060,1,1,65,1536,1416,4,3,535.707,212.786,353.52,148.506,6661.79,2643.36,True
be9784b9e6658b4d,柳津町|town.yanaizu.fukushima.jp,柳津町,https://www.town.yanaizu.fukushima.jp/docs/2017121200026/,福島県,柳津町,yanaizutown-bus,yanaizutown/yanaizutown-bus,6000020074233,1,1,2,30,32,3,3,18.552,5.864,3.958,1.14,91.901,25.757,True
f700ce6fed51e2ec,行方市|city.namegata.ibaraki.jp,行方市,https://www.city.namegata.ibaraki.jp/page/page013982.html,茨城県,行方市,bus-namegata-ibaraki-jp,namegatacity/bus-namegata-ibaraki-jp,8000020082333,1,1,3,13,127,1,3,12.153,0.0,11.655,0.0,322.941,0.0,True
ba7675187b917f3a,大利根交通バス|otonekotu.com,大利根交通バス,https://otonekotu.com/,茨城県,大利根交通自動車株式会社,otonekotubus,otonekotu/otonekotubus,8050001027402,1,1,12,347,109,4,3,123.862,77.567,54.063,32.485,1269.025,801.635,True
7a171cb9df8f77cf,龍ケ崎市役所|city.ryugasaki.ibaraki.jp,龍ケ崎市役所,https://www.city.ryugasaki.ibaraki.jp/kurashi/seikatsu/kokyokotsu/community-bus/20190829144557947.html,茨城県,龍ケ崎市,Ryugasakishi-communitybus,ryugasakicity/Ryugasakishi-communitybus,2000020082082,1,1,6,61,196,1,3,61.0,61.0,57.817,57.817,912.16,912.16,True
f089ee74d88672ca,土浦市コミュニティ交通「つちまるバス」|city.tsuchiura.lg.jp,土浦市コミュニティ交通「つちまるバス」,https://www.city.tsuchiura.lg.jp/page/page016452.html,茨城県,土浦市,tsuchimarubus,tsuchiuracity/tsuchimarubus,4000020082031,1,1,3,30,91,1,3,29.893,29.464,24.496,24.144,323.017,318.382,True
283d2e777f5a9a56,つくばね号|city.tsukuba.lg.jp,つくばね号,https://www.city.tsukuba.lg.jp/soshikikarasagasu/toshikeikakubusogokotsuseisakuka/gyomuannai/2/1/1018463.html,茨城県,つくば市,TSUKUBANEGO,tsukubacity/TSUKUBANEGO,8000020082201,1,1,1,26,63,5,3,16.609,16.685,12.404,12.301,204.157,202.543,True
9ee61b5870c58eb7,つくバス|city.tsukuba.lg.jp,つくバス,https://www.city.tsukuba.lg.jp/soshikikarasagasu/toshikeikakubusogokotsuseisakuka/gyomuannai/2/1/index.html,茨城県,つくば市,TSUKUBUS,tsukubacity/TSUKUBUS,8000020082201,1,1,11,0,0,0,3,0.0,0.0,0.0,0.0,0.0,0.0,False
b54bf170ea5d6044,結城市巡回バス|city.yuki.lg.jp,結城市巡回バス,https://www.city.yuki.lg.jp/kurashi-tetsuzuki/kankyou-koutsuu/koutsuu/page003202.html,茨城県,結城市,junkaibus,yukicity/junkaibus,2000020082074,1,1,7,42,127,3,3,15.832,8.221,11.715,6.084,236.141,119.811,True
08ba5678e649cd09,足利市|city.ashikaga.tochigi.jp,足利市,https://www.city.ashikaga.tochigi.jp/,栃木県,足利市,Ashikaga-route-bus,ashikagacity/Ashikaga-route-bus,6000020092029,1,1,17,81,398,4,3,74.45,68.472,71.482,66.489,1058.044,986.461,True
e5e05eb5ecbb2059,壬生町|town.mibu.tochigi.jp,壬生町,https://www.town.mibu.tochigi.jp/docs/2023012800015/,栃木県,壬生町,mibubu,mibutown/mibubu,8000020093611,1,1,3,17,30,2,3,15.164,8.83,14.512,12.951,184.009,167.277,True
a2fb3b7547d8b7ed,那須塩原市|city.nasushiobara.tochigi.jp,那須塩原市,https://www.city.nasushiobara.tochigi.jp/soshikikarasagasu/kb/doro_kotsu/3/4725.html,栃木県,那須塩原市,chiikibasu,nasushiobaracity/chiikibasu,8000020092134 ,1,1,26,234,219,4,3,75.092,69.885,56.416,53.502,1133.958,1074.859,True
91c5ab096dbf9452,那須町|town.nasu.lg.jp,那須町,https://www.town.nasu.lg.jp/0085/info-0000000031-1.html,栃木県,那須町,nasutown,nasutown/nasutown,8000020094072,1,1,2,12,116,1,3,11.218,6.0,10.284,5.5,291.926,156.133,True
aac11cfd88a794f0,日光市|nikko.city.lg.jp,日光市,http://www.nikko.city.lg.jp,栃木県,日光市,nikkocity,nikkocity/nikkocity,6000020092061,1,1,8,405,387,5,3,94.946,83.0,64.239,58.809,1441.746,1358.537,True
c295e79433c4a357,大田原市|city.ohtawara.tochigi.jp,大田原市,https://www.city.ohtawara.tochigi.jp/docs/2024010500020/,栃木県,大田原市,Ohtawaracitybus,otawaracity/Ohtawaracitybus,9000020092100,1,1,14,128,508,7,3,109.686,75.179,72.951,47.512,1781.833,1153.884,True
24449943a5b6b824,矢板市|city.yaita.tochigi.jp,矢板市,https://www.city.yaita.tochigi.jp/soshiki/seikatsukankyou/koutsuu-renewal.html,栃木県,矢板市,chuuou-junkan,yaitacity/chuuou-junkan, 8000020092118 ,1,1,1,9,15,1,3,8.305,4.333,4.568,2.383,60.232,31.427,True
713a5385e559a9d8,安中市|city.annaka.lg.jp,安中市,https://www.city.annaka.lg.jp/page/2441.html,群馬県,安中市,annakashi-rosenbus,annakacity/annakashi-rosenbus,2000020102113,1,1,4,60,167,3,3,54.201,23.967,36.445,16.565,766.167,348.763,True
40729f8d22d90fef,太田市|city.ota.gunma.jp,太田市,https://www.city.ota.gunma.jp/soshiki/19/,群馬県,太田市,ootacitybus,gunma-otacity/ootacitybus,7000020102059,1,1,6,97,207,1,3,89.567,0.0,58.403,0.0,1057.498,0.0,True
6c2a679d71a201a2,永井運輸|nagai-unyu.net,永井運輸株式会社,https://www.nagai-unyu.net/,群馬県,永井運輸株式会社,Nagaibus,nagai-unyu/Nagaibus,9070001002328,1,1,24,520,401,9,3,214.038,164.635,142.278,107.994,2224.468,1725.928,True
234d2fea43acd09c,大泉町|town.oizumi.gunma.jp,大泉町,https://www.town.oizumi.gunma.jp/s022/kurashi/020/010/010/020/20200903195915.html,群馬県,大泉町,kouikikoukyoubasuaozora,oizumitown/kouikikoukyoubasuaozora,6000020105244,1,1,4,10,61,1,3,9.957,10.0,9.791,9.833,158.318,158.995,True
3a2fe864b6d5b773,飯能市乗合ワゴン|city.hanno.lg.jp,飯能市乗合ワゴン,https://www.city.hanno.lg.jp/kurashi_seikatsukankyo/kotsu/kokyokotsu/7/7926.html,埼玉県,飯能市,odekakemuma-haraichiba|odekakemuma-minamikoma|odekakemuma-seimei-kaji,hannocity/odekakemuma-haraichiba|hannocity/odekakemuma-minamikoma|hannocity/odekakemuma-seimei-kaji,9000020112097,3,3,8,49,152,6,3,26.944,7.065,11.118,1.739,213.584,42.558,True
e13154d750430422,熊谷市ゆうゆうバス|city.kumagaya.lg.jp,熊谷市ゆうゆうバス,https://www.city.kumagaya.lg.jp/about/soshiki/sogo/kikaku/koutu/yuuyuubasu.html,埼玉県,熊谷市,yuuyuubus,kumagayacity/yuuyuubus,3000020112020,1,1,11,118,397,4,3,106.726,95.756,78.698,70.781,1418.637,1265.134,True
4d596b89f5ac3dec,さいたま市乗合タクシー|city.saitama.jp,さいたま市乗合タクシー,https://www.city.saitama.jp/index.html,埼玉県,さいたま市,ajisaigou|kawasemigou|minumagou|miyaharanakayoshigou|musashigou|orizurugou|rainbowgou|rakurakugou,saitamacity/ajisaigou|saitamacity/kawasemigou|saitamacity/minumagou|saitamacity/miyaharanakayoshigou|saitamacity/musashigou|saitamacity/orizurugou|saitamacity/rainbowgou|saitamacity/rakurakugou,2000020111007_10|2000020111007_11|2000020111007_12|2000020111007_13|2000020111007_14|2000020111007_15|2000020111007_8|2000020111007_9,8,8,9,126,282,8,3,109.569,0.0,61.931,0.0,745.976,0.0,True
6b60e8acc7d1fc0b,さいたま市コミュニティバス|city.saitama.jp,さいたま市コミュニティバス,https://www.city.saitama.jp/index.html,埼玉県,さいたま市,iwatsukikucommunitybus|kitakucommunitybus|minamikucommunitybus|nisikucommunitybus|sakurakucommunitybus,saitamacity/iwatsukikucommunitybus|saitamacity/kitakucommunitybus|saitamacity/minamikucommunitybus|saitamacity/nisikucommunitybus|saitamacity/sakurakucommunitybus,2000020111007_1|2000020111007_2|2000020111007_3|2000020111007_5|2000020111007_6,5,5,6,100,324,5,3,91.859,0.0,78.614,0.0,974.813,0.0,True
03442301fcfd8ff0,さいたま市|city.saitama.jp,さいたま市,https://www.city.saitama.jp/index.html,埼玉県,さいたま市,minumakucommunitybus,saitamacity/minumakucommunitybus,2000020111007_4,1,1,2,24,76,1,3,22.046,0.0,16.442,0.0,248.722,0.0,True
6e608d3f463c0432,和光市|city.wako.lg.jp,和光市,https://www.city.wako.lg.jp/machizukuri/kotsu/1010340/1011000/1005973/index.html,埼玉県,和光市,Wako-City-junkanbus,wakocity/Wako-City-junkanbus,4000020112291_1,1,1,5,50,88,2,3,48.429,39.615,35.153,31.874,308.253,276.313,True
e74250ccd6c6ea4d,大成交通|taiseikoutu.com,有限会社大成交通,https://taiseikoutu.com/,千葉県,印西市,rosenbus,inzaicity/rosenbus,1223190000000,1,1,2,30,56,1,3,30.0,30.0,18.733,18.733,417.71,417.71,True
2dfa9193a233104f,なの花交通バス|nanohanabus.com,なの花交通バス株式会社,https://www.nanohanabus.com/,千葉県,印西市,rosenbus,inzaicity/rosenbus,5040001047016,1,1,1,72,45,2,3,43.344,27.0,22.607,15.117,533.261,362.394,True
de81319065f8ad26,香取市|city.katori.lg.jp,香取市,https://www.city.katori.lg.jp/living/kotsu_doro/kokyo_kotsu/bus/community-bus202410/index.html,千葉県,香取市,katori-junkan,katoricity/katori-junkan,9000020122360_1,1,1,8,88,140,7,3,39.391,15.529,17.99,8.282,276.605,125.696,True
808d4e350feb0cc3,京成バス千葉ウエスト塩浜営業所|transitbus.co.jp,京成バス千葉ウエスト株式会社　塩浜営業所,https://www.transitbus.co.jp/web/,千葉県,京成バス千葉ウエスト株式会社,keiseitransitbus,keisei-transitbus/keiseitransitbus,4040001028454,1,1,16,802,233,2,3,230.275,264.75,107.449,133.088,1380.814,1701.725,True
6ddc9a59681e7785,君津市|city.kimitsu.lg.jp,君津市,https://www.city.kimitsu.lg.jp/soshiki/12/2371.html,千葉県,君津市,Kimitsu_City_Community_Bus,kimitsucity/Kimitsu_City_Community_Bus,8000020122254_1,1,1,3,100,166,6,3,63.269,55.0,37.998,33.495,849.259,746.839,True
458ef8ea983db080,日東交通|nitto-kotsu.co.jp,日東交通（株）,https://www.nitto-kotsu.co.jp/rosen/,千葉県,君津市,Local_buses_via_Kimitsu_City,kimitsucity/Local_buses_via_Kimitsu_City,6040001050844_1,1,1,15,388,489,18,3,194.455,244.244,125.114,145.536,2381.536,2662.143,True
f478597598ecb9d9,松戸市|city.matsudo.chiba.jp,松戸市,https://www.city.matsudo.chiba.jp/kurashi/douro/bus_noriba-jikoku/yumeiro_bus/pokettojikokuhyou.html,千葉県,松戸市,matsudo|matsudo-takatsuka,matsudocity/matsudo|matsudocity/matsudo-takatsuka,4000020122076,2,2,3,34,52,2,3,31.052,0.0,20.976,0.0,218.288,0.0,True
bf41197930009668,流山市|city.nagareyama.chiba.jp,流山市,https://www.city.nagareyama.chiba.jp/life/1002088/1002101/1002103/,千葉県,流山市,nagareyamagreenbus,nagareyamacity/nagareyamagreenbus,1000020122203,1,1,6,338,181,2,3,191.781,141.0,90.85,67.083,1060.157,783.619,True
61761106aa394262,成田市|city.narita.chiba.jp,成田市,https://www.city.narita.chiba.jp/kurashi/page105700.html,千葉県,成田市,narita-community-bus,naritacity/narita-community-bus,8000020122114,1,1,7,76,498,9,3,71.699,56.0,62.801,52.15,1373.877,1134.83,True
464f9b87dda32d02,四街道市|city.yotsukaido.chiba.jp,四街道市,https://www.city.yotsukaido.chiba.jp/kurashi/kotsu/koukyokotsu/bus/rosenzu.html,千葉県,四街道市,yoppii,yotsukaidocity/yoppii,6000020122289,1,1,2,40,62,2,3,22.563,17.0,16.784,13.4,232.494,183.188,True
0e49f8902f657548,昭島市|city.akishima.lg.jp,昭島市,https://www.city.akishima.lg.jp/kurashi/bus/1002242/1002244.html,東京都,昭島市,Abus,akishimacity/Abus,8000020132071,1,1,4,37,114,1,3,37.0,37.0,35.35,35.35,315.911,315.911,True
298937318733b304,荒川区|city.arakawa.tokyo.jp,荒川区,https://www.city.arakawa.tokyo.jp/a040/koutsuu-bus/komyuniteibasu/sakura.html,東京都,荒川区,sakura,arakawacity/sakura,7000020131181_1,1,1,4,34,32,3,3,26.473,26.739,12.915,12.956,123.758,125.41,True
f3f44abb672f6f18,日立自動車交通|hitachi-gr.com,日立自動車交通株式会社,https://www.hitachi-gr.com/sakura,東京都,葛飾区,sakura,katsushikacity/sakura,6011801011369_1,1,1,1,57,11,4,3,35.295,34.846,5.883,5.808,96.834,95.601,True
0d06c4c294036b59,神津島村|vill.kouzushima.tokyo.jp,神津島村,https://www.vill.kouzushima.tokyo.jp/,東京都,神津島村,kozushimavillagebus,kozushimavillage/kozushimavillagebus,9000020133647_1,1,1,7,192,18,7,3,22.054,16.404,5.457,4.161,82.43,61.604,True
bd49162cfd02f2e6,国立市|city.kunitachi.tokyo.jp,国立市,https://www.city.kunitachi.tokyo.jp/kurashi/kotsu/3/1/5273.html,東京都,国立市,aoyagikko|kunikko,kunitachicity/aoyagikko|kunitachicity/kunikko,1000020132152,2,2,4,84,72,3,3,70.555,59.096,29.249,25.018,291.595,243.514,True
3a7d6c0f602ff1d7,瑞穂町|town.mizuho.tokyo.jp,瑞穂町,https://www.town.mizuho.tokyo.jp/kankyo/004/010/index.html,東京都,瑞穂町,DemandResponsiveTransport|communitybus,mizuhotown/DemandResponsiveTransport|mizuhotown/communitybus,1000020133035_1|mizuhomachi,2,2,6,95,62,3,3|715,49.29,43.648,29.027,27.707,370.872,359.092,True
1d9063022cf972f3,小笠原村|vill.ogasawara.tokyo.jp,小笠原村,https://www.vill.ogasawara.tokyo.jp/bus/,東京都,小笠原村,o,ogasawaravillage/o,6000020134210,1,1,3,42,29,3,3,23.542,18.0,7.45,5.833,139.401,109.489,True
1600b52697f9029b,立川市|city.tachikawa.lg.jp,立川市,https://www.city.tachikawa.lg.jp/kotsutaisaku/kururinnsaihenn.html,東京都,立川市,kururinbus,tachikawacity/kururinbus,9000020132021,1,1,5,173,90,4,3,77.456,32.885,41.556,18.157,447.584,197.887,True
1552c3539505721d,茅ヶ崎市|city.chigasaki.kanagawa.jp,茅ヶ崎市,https://www.city.chigasaki.kanagawa.jp/road/eboshi_s/index.html,神奈川県,茅ヶ崎市,eboshigou,chigasakicity/eboshigou,1000020142077_1,1,1,6,61,222,2,3,60.573,54.0,53.949,48.817,601.939,535.859,True
d250a1b76b3f936f,大新東|daishinto.co.jp,大新東株式会社,https://daishinto.co.jp/service/timetable/,神奈川県,大新東株式会社,Radiant-City,daishinto/Radiant-City,8012401019180,1,1,3,456,9,4,3,202.162,123.962,31.056,18.594,379.423,231.802,True
98e74cccf1f638f3,二宮町|town.ninomiya.kanagawa.jp,二宮町,http://www.town.ninomiya.kanagawa.jp/kurashi_tetsuduki/kurashi/kotsukikan/komyunithibasu/1506474416071.html,神奈川県,二宮町,Ninomiyatowncommunitybus,ninomiyatown/Ninomiyatowncommunitybus,2000020143421_1,1,1,2,10,61,1,3,9.212,0.077,5.251,0.044,76.44,0.638,True
69c3a87ab0a5025a,寒川町|town.samukawa.kanagawa.jp,寒川町,http://www.town.samukawa.kanagawa.jp/soshiki/toshikensetsu/toshikeikaku/tokei_kaihatsu/info/koukyoukoutsu/bus_mokusei/1443140073151.html,神奈川県,寒川町,mokusei-go_eastroute|mokusei-go_kuramiomuraroute|mokusei-go_southroute,samukawatown/mokusei-go_eastroute|samukawatown/mokusei-go_kuramiomuraroute|samukawatown/mokusei-go_southroute,7000020143219_2|7000020143219_3|7000020143219_１,3,3,3,39,67,4,3,26.239,26.759,13.93,14.205,199.327,203.277,True
04976492d7f8e9ff,ハマちゃんバス|city.yokosuka.kanagawa.jp,ハマちゃんバス,https://www.city.yokosuka.kanagawa.jp/4805/hamachanbus.html,神奈川県,横須賀市,hamachanbus,yokosukacity/hamachanbus,3000020142018,1,1,3,12,20,1,3,11.197,0.0,6.189,0.0,53.864,0.0,True
c19f59b01d9c6c8b,糸魚川バス|marukei-g.com,糸魚川バス株式会社,https://www.marukei-g.com/publics/index/25/,新潟県,糸魚川バス株式会社,itoigawabus,itoigawabus/itoigawabus,1110001021553,1,1,16,294,586,9,3,136.534,70.343,74.395,38.473,1786.291,904.454,True
e7006c28eb52a999,上越市市営バス|city.joetsu.niigata.jp,上越市市営バス,https://www.city.joetsu.niigata.jp,新潟県,上越市,joetsu,joetsucity/joetsu,9000020152226_0,1,1,7,50,136,7,3,23.702,7.436,11.799,3.412,286.495,89.56,True
2f32c8035cbee2f6,加茂市|city.kamo.niigata.jp,加茂市,https://www.city.kamo.niigata.jp/docs/66618.html,新潟県,加茂市,kamonbus,kamocity/kamonbus,3000020152099,1,1,6,50,128,3,3,48.966,29.615,31.619,18.371,718.804,429.613,True
8df36df6f2a7289b,村上市|city.murakami.lg.jp,村上市,https://www.city.murakami.lg.jp/soshiki/13/,新潟県,村上市,murakamisicommunitybus,murakamicity/murakamisicommunitybus,7000020152129,1,1,14,119,314,6,3,94.452,42.538,65.328,28.072,1576.173,676.106,True
650cdabae3687428,燕市|city.tsubame.niigata.jp,燕市,https://www.city.tsubame.niigata.jp/kurashi/kotsu/3/index.html,新潟県,燕市,tsubame_bus,tsubamecity/tsubame_bus,7000020152137,1,1,3,32,90,1,3,30.284,0.0,38.864,0.0,565.18,0.0,True
1bb76c0c3a4ba092,富山地方鉄道|chitetsu.co.jp,富山地方鉄道株式会社 ,https://www.chitetsu.co.jp/,富山県,富山地方鉄道,chitetsubus|chitetsushinaidensha,chitetsu/chitetsubus|chitetsu/chitetsushinaidensha,5230001002133,2,2,189,2077,1073,4,3,1216.91,847.0,798.371,554.267,12588.474,8731.699,True
48cf6f68749469f0,射水市コミュニティバス|city.imizu.toyama.jp,射水市コミュニティバス,https://www.city.imizu.toyama.jp/guide/svGuideDtl.aspx?servno=15,富山県,射水市,imizushi,imizucity/imizushi,2000020162116,1,1,43,124,383,9,3,66.257,32.683,40.7,14.063,737.701,244.837,True
1b94936e4378f261,加越能バス|kaetsunou.co.jp,加越能バス株式会社,http://www.kaetsunou.co.jp/,富山県,加越能バス,kaetsunouhimi|kaetsunouippan|kaetsunousekaiisan,kaetsunou/kaetsunouhimi|kaetsunou/kaetsunouippan|kaetsunou/kaetsunousekaiisan,5230001009830,3,3,81,562,775,7,3,300.487,241.481,222.098,170.166,4821.302,3901.419,True
e78303753ededa5f,上市町|town.kamiichi.toyama.jp,上市町,https://www.town.kamiichi.toyama.jp/page/1829.html,富山県,上市町,kamiichi,kamiichitown/kamiichi,4000020163228,1,1,11,38,75,5,3,32.87,19.192,17.616,9.583,324.953,180.831,True
51dcaa9323655323,黒部市|kurobe-koukyoukoutsuu.jp,黒部市,https://www.kurobe-koukyoukoutsuu.jp/,富山県,黒部市,shinkansenikuji-ishida-aimoto-minibus,kurobecity/shinkansenikuji-ishida-aimoto-minibus,7000020162078,1,1,5,59,112,5,3,47.701,0.0,27.163,0.0,415.488,0.0,True
5bd8b1d34c442334,滑川市|city.namerikawa.toyama.jp,滑川市,http://www.city.namerikawa.toyama.jp/,富山県,滑川市,norumycar,namerikawacity/norumycar,8000020162060,1,1,11,57,167,2,3,31.203,25.0,31.007,26.583,607.36,522.949,True
6051e7dca681aac3,富山県南砺市|city.nanto.toyama.jp,富山県南砺市,https://www.city.nanto.toyama.jp/cms-sypher/www/info/detail.jsp?id=736,富山県,南砺市,nanbus,nantocity/nanbus,2000020162108,1,1,72,123,294,5,3,113.392,20.0,79.643,17.7,1907.631,362.284,True
22f0ac1cacc5e405,入善町|town.nyuzen.toyama.jp,入善町,https://www.town.nyuzen.toyama.jp/gyosei/machizukuri/doro_kotsu/2/2/1916.html,富山県,入善町,noranmaicar,nyuzentown/noranmaicar,8000020163422,1,1,2,15,44,2,3,14.843,13.754,8.757,8.204,202.57,188.765,True
ee767fcd64f1e298,小矢部市|city.oyabe.toyama.jp,小矢部市,http://www.city.oyabe.toyama.jp/,富山県,小矢部市,oyabecitybus,oyabecity/oyabecitybus,7000020162094,1,1,22,27,105,1,3,25.138,0.0,12.212,0.0,247.534,0.0,True
cfd50c2d36fe78fc,高岡市|city.takaoka.toyama.jp,高岡市,https://www.city.takaoka.toyama.jp/gyosei/kurashi_tetsuzuki/doro_kotsuu/1/5581.html,富山県,高岡市,koueibus,takaokacity/koueibus,9000020162027,1,1,5,35,96,3,3,33.456,15.692,23.318,13.526,442.642,247.975,True
61dc5a121b4c9997,富山県立山町|town.tateyama.toyama.jp,富山県立山町,https://www.town.tateyama.toyama.jp/soshikikarasagasu/juminka/kankyo_anzenkakari/7/1/756.html,富山県,立山町,tateyama,tateyamatown/tateyama,4000020163236,1,1,26,93,121,8,3,60.672,16.588,25.037,5.001,567.37,113.243,True
91dd73b55ded9189,砺波市|city.tonami.lg.jp,砺波市,https://www.city.tonami.lg.jp,富山県,砺波市,tonamishieibasu,tonamicity/tonamishieibasu,7000020162086,1,1,5,13,135,1,3,12.019,0.0,12.681,0.0,214.521,0.0,True
fce462b6ac9604f4,富山県朝日町|town.asahi.toyama.jp,富山県朝日町,https://www.town.asahi.toyama.jp/soshiki/shokokanko/kotsu/2566.html,富山県,富山県朝日町,asahimachibus,toyama-asahitown/asahimachibus,7000020163431,1,1,9,51,102,3,3,33.495,0.0,28.028,0.0,641.807,0.0,True
1df912b2bac6ca04,富山市|city.toyama.lg.jp,富山市,https://www.city.toyama.lg.jp/shisei/machizukuri/1015396/1010291/1015788/1010292/1006265.html,富山県,富山市,oyamacommunitybus|yamadacommunitybus|yatsuocommunitybus,toyamacity/oyamacommunitybus|toyamacity/yamadacommunitybus|toyamacity/yatsuocommunitybus,4230001000047|9000020162019,3,3,43,188,265,12,3,140.525,65.43,56.279,29.036,1238.727,637.477,True
f5cb610e34e6525b,婦中コミュニティバス運営委員会|city.toyama.lg.jp,婦中コミュニティバス運営委員会,https://www.city.toyama.lg.jp/shisei/machizukuri/1015396/1010291/1015788/1010292/1006317.html,富山県,富山市,fuchucommunitybus,toyamacity/fuchucommunitybus,9000020162019,1,1,8,14,118,1,3,12.927,0.0,14.928,0.0,265.569,0.0,True
ff18d3979a4fc5f2,富山市|siminplaza.co.jp,富山市,http://www.siminplaza.co.jp/maidohaya,富山県,富山市,maidohayabus,toyamacity/maidohayabus,7230001002032,1,1,2,42,70,1,3,42.0,42.0,42.0,42.0,403.952,403.952,True
3020e137d1fbebb7,堀川南地域コミュニティバス運行事業推進協議会|city.toyama.lg.jp,堀川南地域コミュニティバス運行事業推進協議会,https://www.city.toyama.lg.jp/kurashi/road/1010282/1010291/1015788/1010292/1006319.html,富山県,富山市,horikawaminamicommunitybus,toyamacity/horikawaminamicommunitybus,9000020162019,1,1,2,8,30,1,3,7.51,0.0,4.521,0.0,53.299,0.0,True
965a5a0626110439,まちづくり公社呉羽|shokoren-toyama.or.jp,有限会社まちづくり公社呉羽,https://www.shokoren-toyama.or.jp/~kureha/bus/,富山県,富山市,kurehaikiikibus,toyamacity/kurehaikiikibus,8230002005561,1,1,7,22,83,3,3,20.651,7.0,21.308,7.475,387.64,135.037,True
9b32b843b06b34c2,魚津市|city.uozu.toyama.jp,魚津市,https://www.city.uozu.toyama.jp/guide/svGuideDtl.aspx?servno=23285,富山県,魚津市,junkai,uozucity/junkai,90000020162043,1,1,10,94,315,6,3,80.046,49.865,52.96,34.346,933.807,587.058,True
a58bddec65d6e101,白山市コミュニティバス「めぐーる」|city.hakusan.lg.jp,白山市コミュニティバス「めぐーる」,https://www.city.hakusan.lg.jp/machi/kotsu/1007749/index.html,石川県,白山市,hakusan_bus_meguru,hakusancity/hakusan_bus_meguru,6000020172103,1,1,21,208,335,10,3,116.621,35.817,67.225,26.204,1200.211,419.328,True
3307aa9f49e73586,小松市|city.komatsu.lg.jp,小松市,https://www.city.komatsu.lg.jp/soshiki/1985/rosenbasu/2/index.html,石川県,小松市,blue|kibagatasen|orange,komatsucity/blue|komatsucity/kibagatasen|komatsucity/orange,3000020172031,3,3,3,22,127,4,3,17.049,15.882,14.377,13.584,252.066,237.924,True
e7db52639c0167c9,野々市市|city.nonoichi.lg.jp,野々市市,https://www.city.nonoichi.lg.jp/site/bus/268.html,石川県,野々市市,communitybus,nonoichicity/communitybus,5000020172120,1,1,5,155,147,4,3,70.38,66.417,56.945,53.659,687.441,649.489,True
3d6dd8baa0da646c,内灘町|town.uchinada.lg.jp,内灘町,https://www.town.uchinada.lg.jp/soshiki/kikaku/2079.html,石川県,内灘町,communitybus,uchinadatown/communitybus,3000020173657,1,1,6,38,125,2,3,36.714,26.0,31.078,28.117,479.736,408.717,True
e60f9a53892db2a8,市川三郷町|town.ichikawamisato.yamanashi.jp,市川三郷町,https://www.town.ichikawamisato.yamanashi.jp/,山梨県,市川三郷町,ichikawamisatobus,ichikawamisatotown/ichikawamisatobus,7000020193461_1,1,1,3,21,59,5,3,12.41,0.0,6.717,0.0,111.544,0.0,True
71278f569f06a48b,甲斐市|city.kai.yamanashi.jp,甲斐市,https://www.city.kai.yamanashi.jp/kurashi_tetsuduki/kotsu/3345.html,山梨県,甲斐市,kaicitybus,kaicity/kaicitybus,3000020192104_1,1,1,7,25,166,7,3,7.188,7.821,5.728,5.627,92.822,88.077,True
586577078076c7e7,小菅村役場|vill.kosuge.yamanashi.jp,小菅村役場,http://www.vill.kosuge.yamanashi.jp/,山梨県,小菅村,kosugesoneibus,kosugevillage/kosugesoneibus,194425,1,1,4,4,26,1,3,3.693,0.0,2.262,0.0,44.893,0.0,True
e7de62023c0f0d35,北杜市|city.hokuto.yamanashi.jp,北杜市,https://www.city.hokuto.yamanashi.jp/,山梨県,北杜市,hokuto-bus,yamanashi-hokutocity/hokuto-bus,7000020192091_1,1,1,11,78,205,5,3,69.333,32.365,52.958,26.644,1170.663,604.494,True
4306c8f8c24de225,南部町|town.nanbu.yamanashi.jp,南部町,https://www.town.nanbu.yamanashi.jp/,山梨県,南部町,nanbucyoueibasu,yamanashi-nanbutown/nanbucyoueibasu,9000020193666_1,1,1,7,47,117,2,3,14.351,6.25,8.59,3.635,185.45,79.545,True
456dc643b0d57b15,上松町|town.agematsu.nagano.jp,上松町,https://www.town.agematsu.nagano.jp/kurashi/sumai_seikatsu/koukyoukoutu/communitybus.html,長野県,上松町,agematu,agematsutown/agematu,8000020204226,1,1,3,16,40,6,3,6.659,2.923,3.309,2.192,68.991,50.478,True
33c6ae00789f0c3f,青木村|vill.aoki.nagano.jp,青木村,https://www.vill.aoki.nagano.jp/buss.html,長野県,青木村,aokisoneibus,aokivillage/aokisoneibus,8000020203491,1,1,6,15,99,1,3,13.851,0.0,6.925,0.0,154.816,0.0,True
19e4ec09ca0d3855,千曲バス|chikuma-bus.com,千曲バス株式会社,https://chikuma-bus.com,長野県,千曲バス株式会社,rosenbus,chikuma-bus/rosenbus,6100001007813,1,1,11,310,407,10,3,94.487,47.077,90.602,51.315,1744.522,1027.354,True
d6788b7763d30b47,千曲市|city.chikuma.lg.jp,千曲市,https://www.city.chikuma.lg.jp/soshiki/sogoseisaku/doro_kotsu/1/9427.html,長野県,千曲市,chikumajunkanbus,chikumacity/chikumajunkanbus,2000020202185,1,1,9,130,270,10,3,57.739,17.29,46.075,16.046,851.619,293.947,True
f21366995d3e06ad,飯山市|city.iiyama.nagano.jp,飯山市,https://www.city.iiyama.nagano.jp/soshiki/kikakuzaisei/54359/public_traffic/bus-all.htm,長野県,飯山市,nanohanabus,iiyamacity/nanohanabus,4000020202134,1,1,1,6,39,1,3,5.512,0.0,4.716,0.0,68.084,0.0,True
7e2c638ff98684bf,軽井沢町|town.karuizawa.lg.jp,軽井沢町,https://www.town.karuizawa.lg.jp/page/16121.html,長野県,軽井沢町,junkan-bus,karuizawatown/junkan-bus,8000020203211,1,1,3,59,133,7,3,34.602,32.0,26.688,25.05,497.365,470.458,True
280868a7f60dfdeb,木曽広域連合|kisoji.com,木曽広域連合,https://www.kisoji.com/chiikishinko/kiso-bus/index.html,長野県,木曽広域連合,kiso-bus,kisokoikirengo/kiso-bus,3000020209279,1,1,7,87,295,4,3,81.019,50.0,66.611,42.2,1783.883,1129.822,True
c948f6cd0c1f0606,木曽町|town-kiso.com,木曽町,https://www.town-kiso.com/kurashi/douro/100071/101231/,長野県,木曽町,kisotown,kisotown/kisotown,1000020204323,1,1,2,22,172,5,3,9.249,6.423,8.322,6.095,150.607,120.259,True
4135578df6b610d2,木祖村|vill.kiso.nagano.jp,木祖村,https://www.vill.kiso.nagano.jp/kurashi_joho/doro_kotsu/himawari_tanpopo_zikokuhyou.html,長野県,木祖村,kisovill,kisovillage/kisovill,7000020204251,1,1,1,40,42,7,3,24.916,8.105,10.986,4.037,204.283,78.803,True
325beb17f5c6088f,草軽交通|kkkg.co.jp,草軽交通株式会社,http://www.kkkg.co.jp/,長野県,草軽交通株式会社,kusakarubus,kusakarukotsu/kusakarubus,1100001008411,1,1,11,138,111,3,3,46.0,46.0,43.35,43.35,1162.808,1162.808,True
a0536955309b648e,松本市|city.matsumoto.nagano.jp,松本市,https://www.city.matsumoto.nagano.jp/soshiki/222/3237.html,長野県,松本市,guruttomatsumotobus1|guruttomatsumotobus2,matsumotocity/guruttomatsumotobus1|matsumotocity/guruttomatsumotobus2,2000020202029|2000020202029	,2,2,34,948,1023,28,3,589.904,365.434,340.086,208.839,5109.666,2809.75,True
ec1254a3f6354514,飯田市|city.iida.lg.jp,飯田市,https://www.city.iida.lg.jp/soshiki/10/p0182.html,長野県,南信州地域交通問題協議会（南信州広域連合）,Minamishinshu-Iidacity-1|Minamishinshu-iida-2|Minamishinshu-iidacity-3,minamishinshu/Minamishinshu-Iidacity-1|minamishinshu/Minamishinshu-iida-2|minamishinshu/Minamishinshu-iidacity-3,2000020202053,3,3,9,72,301,7,3,33.874,29.23,26.207,15.379,451.606,228.3,True
84f8236a11792f03,豊丘村|vill.nagano-toyooka.lg.jp,豊丘村,https://www.vill.nagano-toyooka.lg.jp/06bousai/04soneibus/index.html,長野県,南信州地域交通問題協議会（南信州広域連合）,Minamishinshu-toyooka-1,minamishinshu/Minamishinshu-toyooka-1,6000020204161,1,1,6,30,114,1,3,27.816,0.0,13.027,0.0,227.756,0.0,True
7dff30484d5d20c6,根羽村|nebamura.jp,根羽村,http://www.nebamura.jp/access/bus/,長野県,南信州地域交通問題協議会（南信州広域連合）,Minamishinshu-seibu-1,minamishinshu/Minamishinshu-seibu-1,8000020204102,1,1,1,16,87,3,3,9.0,5.838,7.257,4.865,279.547,181.273,True
6d6497ac0a257cc6,伊那バス|ibgr.jp,伊那バス,https://www.ibgr.jp/general-route/,長野県,南信州地域交通問題協議会（南信州広域連合）,Minamishinshu-Ooshika-1,minamishinshu/Minamishinshu-Ooshika-1,7100001020617,1,1,1,11,34,4,3,8.659,5.481,7.354,4.751,183.652,118.001,True
ab0b0a7ec0089794,阿智村|vill.achi.lg.jp,阿智村,https://www.vill.achi.lg.jp/life/1/1/30/,長野県,南信州地域交通問題協議会（南信州広域連合）,Minamishinshu-achi-1,minamishinshu/Minamishinshu-achi-1,4000020204072,1,1,5,35,162,7,3,24.931,13.212,21.231,11.195,465.663,247.104,True
5277faacc2db1403,松川町|town.matsukawa.lg.jp,松川町,https://www.town.matsukawa.lg.jp/soshikikarasagasu/machizukuriseisakuka/kikakutyouseikakari/linear_kokyokotsukakari/communitybus/657.html,長野県,南信州地域交通問題協議会（南信州広域連合）,Minamishinshu-Matsukawa-1,minamishinshu/Minamishinshu-Matsukawa-1,6000020204021,1,1,3,22,53,2,3,17.839,0.0,7.783,0.0,149.084,0.0,True
03b4a68a30e7783d,下伊那南部地域公共交通対策協議会|town.anan.nagano.jp,下伊那南部地域公共交通対策協議会,http://www.town.anan.nagano.jp/no_information/nanbu-bus/664/,長野県,南信州地域交通問題協議会（南信州広域連合）,Minamishinshu-Nanbu-1,minamishinshu/Minamishinshu-Nanbu-1,4000020204048,1,1,3,32,145,3,3,28.625,0.0,19.602,0.0,551.344,0.0,True
29d55dd7c1d68dde,高森町|town.nagano-takamori.lg.jp,高森町,https://www.town.nagano-takamori.lg.jp/docs/13287.html,長野県,南信州地域交通問題協議会（南信州広域連合）,Minamishinshu-takamori-1,minamishinshu/Minamishinshu-takamori-1,5000020204030,1,1,4,15,72,1,3,13.887,0.0,12.344,0.0,249.893,0.0,True
f06bc82ae6008e16,信南交通|shinnan.co.jp,信南交通,https://www.shinnan.co.jp/sb/index.html,長野県,南信州地域交通問題協議会（南信州広域連合）,Minamishinshu-Shinnan-1,minamishinshu/Minamishinshu-Shinnan-1,2100001022519,1,1,8,94,288,4,3,51.264,21.308,43.276,17.449,987.485,416.486,True
cc301ad9d1e06a3f,喬木村|vill.takagi.lg.jp,喬木村,https://www.vill.takagi.lg.jp/doc/2023030700106/,長野県,南信州地域交通問題協議会（南信州広域連合）,Minamishinshu-takagi-1,minamishinshu/Minamishinshu-takagi-1,600020204153,1,1,7,41,197,9,3,24.355,0.0,12.985,0.0,239.121,0.0,True
4c768d4530768edc,長電バス|nagadenbus.co.jp,長電バス株式会社,https://www.nagadenbus.co.jp/,長野県,長電バス株式会社,nagadenbus-exp|nagadenbus-iizuna|nagadenbus-nagano|nagadenbus-nakano|obuse-romango,nagadenbus/nagadenbus-exp|nagadenbus/nagadenbus-iizuna|nagadenbus/nagadenbus-nagano|nagadenbus/nagadenbus-nakano|nagadenbus/obuse-romango,5100001002583,5,5,26,907,717,23,3,451.184,274.549,306.611,183.862,4623.98,2801.483,True
f9da7e40b6de3c85,池田町|ikedamachi.net,池田町,https://www.ikedamachi.net/0000000294.html,長野県,池田町,IkedaTownBus,nagano-ikedatown/IkedaTownBus,9000020204811,1,1,5,66,118,5,3,54.513,14.226,24.65,4.742,682.166,145.261,True
316fca9973bd4cc2,川上村|vill.kawakami.nagano.jp,川上村,http://www.vill.kawakami.nagano.jp/www/contents/1001000000010/index.html,長野県,川上村,kawakamibus,nagano-kawakamivillage/kawakamibus,4000020203041,1,1,1,40,44,9,3,16.843,14.906,9.803,8.121,287.035,243.548,True
4a30fed82cad514c,長野市|city.nagano.nagano.jp,長野市,https://www.city.nagano.nagano.jp/kotsu/menu/2/1/index.html,長野県,長野市,shiei_noriaibus,naganocity/shiei_noriaibus,3000020202011,1,1,24,261,931,7,3,220.234,15.0,138.96,7.083,2691.38,59.649,True
f26bbc90dee92ad3,南木曽町|town.nagiso.nagano.jp,南木曽町,http://www.town.nagiso.nagano.jp/gennkinamatidukuri/tiikisinnkoukyougikai/busdia.html,長野県,南木曽町,communitybus,nagisotown/communitybus,8000020204234,1,1,3,32,60,5,3,29.199,29.231,12.195,12.136,243.701,243.492,True
f6aa534fe33840cb,大桑村|vill.okuwa.lg.jp,大桑村,https://www.vill.okuwa.lg.jp/kurashi/kotsu/kuwachanbus-taxi.html,長野県,大桑村,kuwachan-bus,okuwavillage/kuwachan-bus,1000020204307,1,1,2,5,71,1,3,4.674,0.0,4.674,0.0,102.153,0.0,True
6213f4c061a2ae7f,大町市|city.omachi.nagano.jp,大町市,https://www.city.omachi.nagano.jp/00003000/00042000/tokkyuubasutouki_3.html,長野県,大町市,omachiraicholiner|omachisiminbus,omachicity/omachiraicholiner|omachicity/omachisiminbus,4000020202126,2,2,12,104,484,6,3,84.591,0.5,64.774,0.697,1423.797,22.345,True
94ad68ce99c4b0c6,王滝村|vill.otaki.nagano.jp,王滝村,https://www.vill.otaki.nagano.jp/kurashi/basu_tanohara.html,長野県,王滝村,otaki-village,otakivillage/otaki-village,6000020204293,1,1,1,4,29,1,3,0.216,1.455,0.27,1.818,5.591,37.61,True
098ab9bf279f9094,塩尻市|city.shiojiri.lg.jp,塩尻市,https://www.city.shiojiri.lg.jp/soshiki/33/3119.html,長野県,塩尻市,suteppukunn,shiojiricity/suteppukunn,3000020202151,1,1,8,75,363,8,3,38.844,27.641,33.394,26.613,691.786,551.053,True
07a038f861ab47c9,諏訪市|city.suwa.lg.jp,諏訪市,https://www.city.suwa.lg.jp/site/bus/38613.html#sp_headline_0,長野県,諏訪市,karinchanbas,suwacity/karinchanbas,2000020202061,1,1,5,25,169,2,3,23.989,13.731,27.044,16.461,420.436,238.581,True
dd48f912e29313b2,須坂市|city.suzaka.nagano.jp,須坂市,https://www.city.suzaka.nagano.jp/kurashi_tetsuzuki/kotsu_doro_kasen/2/2549.html,長野県,須坂市,suzakashiminbus,suzakicity/suzakashiminbus,1000020202070,1,1,29,71,172,6,3,61.887,41.421,33.593,22.29,531.532,365.949,True
f49d08bde3350dcc,東信観光バス|t-k-bus.com,東信観光バス,https://t-k-bus.com/,長野県,東信観光バス株式会社,rosenbus,toshinkanko-bus/rosenbus,3100001007485,1,1,2,41,79,4,3,25.736,12.0,12.264,5.9,302.088,154.348,True
b2627c72a60b05d5,上田市|city.ueda.nagano.jp,上田市,https://www.city.ueda.nagano.jp/soshiki/kotu/1837.html,長野県,上田市,uedashigaitizyunkanbus,uedacity/uedashigaitizyunkanbus,2000020202037,1,1,8,35,324,8,3,20.482,9.342,16.192,7.59,237.59,114.178,True
25ec70a07da2e36f,恵那市|city.ena.lg.jp,恵那市,https://www.city.ena.lg.jp/kurashi_tetsuzuki/kotsu_chushajo/kokyokotsukikan/index.html,岐阜県,恵那市,communitybus,enacity/communitybus,8000020212105,1,1,23,222,363,9,3,154.798,40.486,79.264,23.132,1756.357,507.417,True
96168af835554220,下呂市|city.gero.lg.jp,下呂市,https://www.city.gero.lg.jp/soshiki/8/21022.html,岐阜県,下呂市,gerobus,gerocity/gerobus,1000020212202,1,1,7,70,188,7,3,45.213,19.412,30.474,15.66,784.368,401.549,True
cd9a63cb830d4a60,山県市|city.yamagata.gifu.jp,山県市,https://www.city.yamagata.gifu.jp/soshiki/kikaku/22812.html,岐阜県,山県市,communitybus,gifu-yamagatacity/communitybus,6000020212156,1,1,3,46,136,7,3,19.985,14.0,14.649,3.983,277.037,90.198,True
b5c001fa617bb737,岐阜市|city.gifu.lg.jp,岐阜市,https://www.city.gifu.lg.jp/kurashi/douro/1002587/1002595/1002598.html,岐阜県,岐阜市,communitybus,gifucity/communitybus,6000020212016,1,1,20,201,1032,7,3,190.352,145.0,142.107,104.742,1887.524,1346.384,True
d8463c7ceeb20f70,郡上市|city.gujo.gifu.jp,郡上市,https://www.city.gujo.gifu.jp/life/servicebus/,岐阜県,郡上市,citybus,gujocity/citybus,4000020212199,1,1,18,115,500,18,3,63.488,16.485,40.287,13.737,802.789,178.29,True
c6458b2b6be0d781,八幡観光バス|8kan.net,八幡観光バス,https://8kan.net/bus/index.html,岐阜県,八幡観光バス,hachimanbus,hachikanbus/hachimanbus,3200002027935,1,1,2,59,132,5,3,25.484,14.833,21.034,11.711,577.677,326.846,True
439663fbdf09ee90,羽島市|city.hashima.lg.jp,羽島市,https://www.city.hashima.lg.jp/4043.html,岐阜県,羽島市,HashimaCityCommunityBus,hashimacity/HashimaCityCommunityBus,4000020212091,1,1,5,136,102,4,3,70.484,42.764,42.549,24.707,808.503,472.501,True
d23803d6d1fe6f62,七宗町|hichiso.jp,七宗町,https://www.hichiso.jp/top/life/kurasi/bus/,岐阜県,七宗町,choeibus,hichisotown/choeibus,9000020215040,1,1,3,46,62,3,3,36.011,9.808,16.821,5.255,413.115,128.751,True
b962df4999d8f8dc,飛騨市|city.hida.gifu.jp,飛騨市,https://www.city.hida.gifu.jp/site/koukyoukoutsuu/,岐阜県,飛騨市,communitybus,hidacity/communitybus,6000020212172,1,1,16,109,211,9,3,83.916,15.0,62.759,14.783,1295.603,278.019,True
f9f3684ad7886330,揖斐川町|town.ibigawa.lg.jp,揖斐川町,https://www.town.ibigawa.lg.jp/page/2080.html,岐阜県,揖斐川町,communitybus,ibigawatown/communitybus,8000020214019,1,1,17,121,174,8,3,65.176,35.0,29.683,18.983,664.551,447.52,True
f1395a6ac8895127,海津市|city.kaizu.lg.jp,海津市,https://www.city.kaizu.lg.jp/kurashi/category/1-5-5-1-0-0-0-0-0-0.html,岐阜県,海津市,communitybus,kaizucity/communitybus,9000020212211,1,1,5,146,55,5,3,87.042,50.308,43.517,32.872,967.553,740.527,True
830174a793bbacbc,可児市|city.kani.lg.jp,可児市,https://www.city.kani.lg.jp/4736.htm,岐阜県,可児市,satsukibus,kanicity/satsukibus,6000020212148,1,1,9,98,114,2,3,45.283,24.078,25.629,13.628,376.917,200.413,True
d9fd5b3e31a7f46a,笠松町|town.kasamatsu.gifu.jp,笠松町,https://www.town.kasamatsu.gifu.jp/docs/2013022800051/,岐阜県,笠松町,communitybus,kasamatsutown/communitybus,6000020213039,1,1,1,32,71,2,3,20.989,9.811,19.396,9.566,304.769,150.236,True
3b1f66c6c0289772,北恵那交通|kitaena.co.jp,北恵那交通株式会社,https://www.kitaena.co.jp/,岐阜県,北恵那交通,kitaena,kitaena/kitaena,3200001023316,1,1,15,357,315,6,3,175.138,121.431,86.521,61.432,2131.366,1569.239,True
5b34520d555eef80,岐阜県美濃加茂市|aiai-bus.com,岐阜県美濃加茂市,https://aiai-bus.com/,岐阜県,美濃加茂市,communitybus,minokamocity/communitybus,8000020212113,1,1,9,127,244,7,3,104.0,104.0,81.837,82.167,1434.093,1438.473,True
955fab470fe82245,御嵩町|town.mitake.lg.jp,御嵩町,https://www.town.mitake.lg.jp/portal/life-process/land-park-road-traffic/traffic/post0009749/,岐阜県,御嵩町,communitybus,mitaketown/communitybus,4000020215210,1,1,2,17,31,1,3,15.748,0.0,8.013,0.0,124.513,0.0,True
a2c87d36f392ed2f,瑞浪市|city.mizunami.lg.jp,瑞浪市,https://www.city.mizunami.lg.jp/kurashi/koutsu/1004598/1001556.html,岐阜県,瑞浪市,communitybus,mizunamicity/communitybus,4000020212083,1,1,9,33,202,3,3,29.537,7.784,18.611,4.768,378.314,86.124,True
7d95ed75e48600d3,岐阜県本巣市|city.motosu.lg.jp,岐阜県本巣市,https://www.city.motosu.lg.jp/category/1-11-1-0-0-0-0-0-0-0.html,岐阜県,本巣市,shieibus,motosucity/shieibus,5000020212181,1,1,7,53,158,6,3,31.291,12.75,22.931,9.636,426.951,162.647,True
5105e5bb31873e22,中津川市|city.nakatsugawa.lg.jp,中津川市,https://www.city.nakatsugawa.lg.jp/life/rt/1/3295.html,岐阜県,中津川市,communitybus,nakatsugawacity/communitybus,4000020212067,1,1,13,27,193,6,3,15.656,0.985,11.135,1.306,200.363,23.265,True
14edb104d1c03bd1,濃飛乗合自動車(濃飛バス)|nouhibus.co.jp,濃飛乗合自動車（濃飛バス）,https://www.nouhibus.co.jp/,岐阜県,濃飛乗合自動車（濃飛バス）,nouhibus|nouhibus_kanko|takayama_shuyu,nouhibus/nouhibus|nouhibus/nouhibus_kanko|nouhibus/takayama_shuyu,1200001025066|1200001025066_2|1200001025066_3,3,3,59,618,985,19,3,315.195,232.836,233.173,179.755,5780.187,4349.937,True
418d43df59fd3080,名阪近鉄バス|mkb.co.jp,名阪近鉄バス,https://www.mkb.co.jp/,岐阜県,大垣市,meihankintetsubus,ogakicity/meihankintetsubus,7180001033082,1,1,31,1017,459,14,3,543.342,355.436,262.134,169.8,4616.754,3111.798,True
c0b360a1c5ff93b2,関市|city.seki.lg.jp,関市,https://www.city.seki.lg.jp/0000018500.html,岐阜県,関市,itadorifureaibus,sekicity/itadorifureaibus,4000020212059,1,1,1,47,49,2,3,27.241,19.0,23.619,16.4,614.02,426.276,True
240be61e9bac238b,白鳥交通|shirotori-kotsu.com,白鳥交通,https://www.shirotori-kotsu.com/,岐阜県,白鳥交通,shirotorikotsu,shirotori-kotsu/shirotorikotsu,7200001026703,1,1,3,64,166,2,3,36.989,26.0,26.511,18.667,774.264,545.026,True
de1fd04691fc82a0,多治見市|city.tajimi.lg.jp,多治見市,https://www.city.tajimi.lg.jp/kurashi/toshikekaku/kotsu/kikyobus/index.html,岐阜県,多治見市,kikyobus,tajimicity/kikyobus,5000020212041,1,1,4,40,60,2,3,34.237,39.942,22.32,27.283,210.53,263.467,True
1b46428c40996e26,高山市|city.takayama.lg.jp,高山市,https://www.city.takayama.lg.jp/kurashi/1000023/1000126/1001162.html,岐阜県,高山市,noramaicar|takanego,takayamacity/noramaicar|takayamacity/takanego,6000020212032|6000020212032_T,2,2,25,141,696,11,3,90.906,39.0,86.495,37.783,1954.342,884.004,True
04afcd6e81f821eb,東濃鉄道|tohtetsu.co.jp,東濃鉄道株式会社,https://tohtetsu.co.jp/,岐阜県,東濃鉄道,tohtetsu_ena|tohtetsu_kani|tohtetsu_tajimi,tohtetsu/tohtetsu_ena|tohtetsu/tohtetsu_kani|tohtetsu/tohtetsu_tajimi,5200001020872_1,3,3,37,668,497,9,3,399.386,241.354,205.452,120.716,4066.928,2381.465,True
b015442b14fc089a,土岐市|city.toki.lg.jp,土岐市,https://www.city.toki.lg.jp/docs/copy-6av6e0hmvkgfm.html,岐阜県,土岐市,communitybus,tokicity/communitybus,8000020212121,1,1,8,71,173,5,3,44.448,24.979,20.497,11.17,396.949,194.511,True
ab65c7c9dff9f6db,八百津町|town.yaotsu.lg.jp,八百津町,https://www.town.yaotsu.lg.jp/1049.htm,岐阜県,八百津町,communitybus|yaobus,yaotsutown/communitybus|yaotsutown/yaobus,8000020215058,2,2,7,146,96,6,3,45.23,41.558,24.923,18.786,467.814,328.359,True
bf2a0bd7316bea0b,藤枝市|city.fujieda.shizuoka.jp,藤枝市,https://www.city.fujieda.shizuoka.jp/benri/bus/bustimetable.html,静岡県,藤枝市,gtfsfjed,fujiedacity/gtfsfjed,1000020222143,1,1,7,154,201,4,3,92.12,59.0,44.078,29.45,840.217,574.391,True
a2b53f0452fbce52,掛川バスサービス|kakegawabus.co.jp,掛川バスサービス株式会社,http://www.kakegawabus.co.jp/,静岡県,掛川市,kakegawa6,kakegawacity/kakegawa6,3080401014282,1,1,37,172,317,2,3,100.828,68.0,57.518,40.117,1043.933,716.288,True
a7fccbf6903c1db4,掛川市|city.kakegawa.shizuoka.jp,掛川市,https://www.city.kakegawa.shizuoka.jp/gyosei/kurashi/kotsu/bus/,静岡県,掛川市,kakegawaosuka,kakegawacity/kakegawaosuka,1000020222135,1,1,1,14,26,1,3,12.981,0.0,7.696,0.0,196.262,0.0,True
2a7012120d7bf2f9,島田市コミュニティバス|city.shimada.shizuoka.jp,島田市コミュニティバス,https://www.city.shimada.shizuoka.jp/kurashi/tetuduki/kotu-kuko/kotu/bus/,静岡県,島田市,shimada_combus,shimadacity/shimada_combus,6000020222097_1,1,1,13,136,455,5,3,128.333,58.173,73.603,36.269,1378.315,684.035,True
76724c61520c60c4,静岡市自主運行バス|city.shizuoka.lg.jp,静岡市自主運行バス,https://www.city.shizuoka.lg.jp/p008613.html,静岡県,静岡市,ikawa|iryo-fukushi|ryougouchi|yui|yui-kanbara,shizuokacity/ikawa|shizuokacity/iryo-fukushi|shizuokacity/ryougouchi|shizuokacity/yui|shizuokacity/yui-kanbara,8000020221007_1|8000020221007_2|8000020221007_4|8000020221007_5|8000020221007_7,5,5,16,240,164,10,3,123.396,48.984,46.26,22.039,827.711,391.394,True
1674aafdd72afabb,みよし市|city.aichi-miyoshi.lg.jp,みよし市,https://www.city.aichi-miyoshi.lg.jp/soshiki/keieikikaku/kikaku/koukyoukoutu/sansanbusu/1685.html,愛知県,みよし市,sansanbus,aichi-miyoshicity/sansanbus,6000020232360_0,1,1,3,92,137,1,3,92.0,92.0,89.367,89.367,1313.697,1313.697,True
ad24427aaf7dfc35,あま市|city.ama.aichi.jp,あま市,https://www.city.ama.aichi.jp/kurashi/kotsu/koutuu/1002512.html,愛知県,あま市,amashijunkaibasu,amacity/amashijunkaibasu,5000020232378,1,1,3,15,154,1,3,9.008,0.0,9.308,0.0,153.813,0.0,True
10644de5cbc62e2c,安城市|city.anjo.aichi.jp,安城市,https://www.city.anjo.aichi.jp/kurasu/dorokotsu/ankurubus/ankuru4.html,愛知県,安城市,AnkuruBus,anjocity/AnkuruBus,5000020232122,1,1,11,126,282,1,3,124.552,123.577,93.2,92.47,1305.372,1295.155,True
f0a62b949c81c008,あおい交通|aoi-komaki.jp,あおい交通,https://aoi-komaki.jp/bus,愛知県,あおい交通,aoikotsu,aoi-komaki/aoikotsu,1180001075460,1,1,5,190,87,4,3,145.13,127.918,90.057,75.385,1758.011,1542.146,True
367f26a9cc1d545e,知立市|city.chiryu.aichi.jp,知立市,https://www.city.chiryu.aichi.jp/soshiki/toshiseibi/machizukuri/gyomu/1/1445358636807.html,愛知県,知立市,communitybus,chiryucity/communitybus,5000020232254,1,1,6,111,106,7,3,49.243,49.528,46.374,46.639,551.711,555.897,True
b25ab01212f4416c,知多乗合|chitabus.co.jp,知多乗合株式会社,https://www.chitabus.co.jp/,愛知県,知多乗合（知多バス）,chitabus,chitabus/chitabus,8180001091831,1,1,17,450,293,2,3,252.437,192.0,114.304,91.35,1655.694,1316.797,True
51902e0a7db29e64,知多市|city.chita.lg.jp,知多市,https://www.city.chita.lg.jp/docs/2013122600193/,愛知県,知多市,chita-aiaibus,chitacity/chita-aiaibus,5000020232246,1,1,4,41,119,2,3,21.507,18.661,22.796,20.56,368.721,332.47,True
5ef02203d47d9267,愛知県蒲郡市|city.gamagori.lg.jp,愛知県蒲郡市,https://www.city.gamagori.lg.jp/unit/kotsu/communitybus.html,愛知県,蒲郡市,communitybus,gamagoricity/communitybus,3000020232149,1,1,16,61,228,7,3,36.249,29.846,24.093,19.822,288.222,237.229,True
b2dbc8959ae05bcf,碧南市|city.hekinan.lg.jp,碧南市,https://www.city.hekinan.lg.jp/soshiki/keizai_kankyo/shoko/1_6/index.html,愛知県,碧南市,kurukuru-bus,hekinancity/kurukuru-bus,1000020232092,1,1,4,22,227,1,3,21.582,21.788,44.292,44.716,608.684,614.514,True
d501390145ea892f,東浦町|town.aichi-higashiura.lg.jp,東浦町,https://www.town.aichi-higashiura.lg.jp/kurashi/doro_kotsu/urara/,愛知県,東浦町,communitybus,higashiuratown/communitybus,2000020234427,1,1,5,75,156,4,3,73.623,64.035,44.878,38.936,629.474,552.126,True
d6738de4e4c40faf,刈谷市|city.kariya.lg.jp,刈谷市,https://www.city.kariya.lg.jp/kurashi/road_park/kotsu/1021258/index.html,愛知県,刈谷市,communitybus,kariyacity/communitybus,5000020232106,1,1,15,276,227,3,3,143.762,143.192,140.956,133.646,1689.042,1682.47,True
f206fa6dcc9c7844,北名古屋市|city.kitanagoya.lg.jp,北名古屋市,https://www.city.kitanagoya.lg.jp/kurashi/1005922/1001884/index.html,愛知県,北名古屋市,communitybus,kitanagoyacity/communitybus,7000020232343,1,1,10,67,145,1,3,61.354,32.543,39.682,21.048,493.986,262.016,True
c9f164492de5be85,北設楽郡公共交通活性化協議会|odekake-hokusetsu.jp,北設楽郡公共交通活性化協議会,https://www.odekake-hokusetsu.jp/,愛知県,北設楽郡公共交通活性化協議会,odekakehokusetsu,kitashitara/odekakehokusetsu,2700150044427,1,1,10,130,180,6,3,93.632,20.7,44.915,11.224,1095.876,280.337,True
17795a231de33cea,南知多町役場|town.minamichita.lg.jp,南知多町役場,http://www.town.minamichita.lg.jp/kurashi/bus/index.html,愛知県,南知多町,communitybus,minamichitatown/communitybus,2000020234451,1,1,2,33,105,2,3,32.209,31.2,59.553,58.581,1198.965,1176.558,True
a150614825d4fd08,長久手市|city.nagakute.lg.jp,長久手市,https://www.city.nagakute.lg.jp/kurashi_tetsuzuki/kokyokotsu/1/21391.html,愛知県,長久手市,communitybus,nagakutecity/communitybus,5000020232386,1,1,8,74,164,2,3,41.093,31.429,46.785,36.307,504.507,383.154,True
3d3498f745c2eec9,名鉄東部交通|meitetsu-toubukoutsu.com,名鉄東部交通株式会社,https://www.meitetsu-toubukoutsu.com/bus/timetable.php,愛知県,西尾市,meitestu_tobu,nishiocity/meitestu_tobu,3180301019438,1,1,5,172,144,3,3,100.126,80.0,60.285,47.6,1285.091,1043.265,True
4c4bda4e9aa57808,愛知県西尾市|city.nishio.aichi.jp,愛知県西尾市,https://www.city.nishio.aichi.jp/kurashi/kotsu/1001410/1002009.html,愛知県,西尾市,rokumangokukururinbus,nishiocity/rokumangokukururinbus,4000020232131,1,1,8,77,227,2,3,76.019,76.019,53.587,53.628,860.093,860.764,True
45d288ab46a15919,日進市|city.nisshin.lg.jp,日進市,https://www.city.nisshin.lg.jp/department/seikatu/ido/1/,愛知県,日進市,communitybus,nisshincity/communitybus,8000020232301,1,1,9,180,256,4,3,84.189,73.409,70.448,61.489,899.68,769.52,True
08b0195bfe9286b4,大口町|town.oguchi.lg.jp,大口町,https://www.town.oguchi.lg.jp/3079.htm,愛知県,大口町,communitybus,oguchitown/communitybus,4000020233617,1,1,14,74,151,2,3,70.794,40.212,28.943,19.158,419.225,277.089,True
e9f46e5051432948,尾張旭市|city.owariasahi.lg.jp,尾張旭市,https://www.city.owariasahi.lg.jp/site/asapy-bus/,愛知県,尾張旭市,communitybus,owariasahicity/communitybus,5000020232262,1,1,4,76,169,3,3,34.897,20.0,52.547,30.0,653.586,375.079,True
1ed9276944e13cdb,瀬戸市コミュニティバス|city.seto.aichi.jp,瀬戸市コミュニティバス,http://www.city.seto.aichi.jp/bunya/koukyoukoutuu/,愛知県,瀬戸市,setocitybus,setocity/setocitybus,3000020232041,1,1,19,104,231,7,3,87.004,44.096,36.209,23.207,558.817,381.946,True
dc3fe2de808edf45,新城市|city.shinshiro.lg.jp,新城市,https://www.city.shinshiro.lg.jp/kurashi/kokyo-kotsu/index.html,愛知県,新城市,sbus,shinshirocity/sbus,7000020232211,1,1,10,56,156,6,3,45.401,14.033,39.091,13.468,730.37,279.199,True
0ab39fb6e94f7c25,武豊町|town.taketoyo.lg.jp,武豊町,http://www.town.taketoyo.lg.jp/contents_detail.php?co=kak&frmId=517,愛知県,武豊町,communitybus,taketoyotown/communitybus,9000020234478,1,1,2,18,47,1,3,18.0,18.0,15.0,15.0,218.73,218.73,True
99d4d7f296d88b89,東海市|city.tokai.aichi.jp,東海市,http://www.city.tokai.aichi.jp/7118.htm,愛知県,東海市,tokai-ranranbus,tokaicity/tokai-ranranbus,6000020232220,1,1,21,140,250,2,3,85.627,50.029,68.734,44.372,786.837,505.522,True
a04bcadaf5b59f24,コミュニティバスGruun|city.tokoname.aichi.jp,コミュニティバス Gruun,https://www.city.tokoname.aichi.jp/kurashi/1006388/1006546.html,愛知県,常滑市,Gruun,tokonamecity/Gruun,3000020232165,1,1,6,118,90,1,3,118.0,118.0,42.4,42.4,672.692,672.692,True
3992d10d620b08e1,豊明市ひまわりバス|city.toyoake.lg.jp,豊明市ひまわりバス,https://www.city.toyoake.lg.jp/3650.htm,愛知県,豊明市,himawaribus,toyoakecity/himawaribus,3000020232297_0,1,1,13,30,78,1,3,29.54,29.423,28.752,28.638,281.371,280.255,True
668049f405f19758,豊田市|city.toyota.aichi.jp,豊田市,https://www.city.toyota.aichi.jp/kurashi/koutsu/bus/,愛知県,豊田市,chiikibus|kikanbus,toyotacity/chiikibus|toyotacity/kikanbus,5000020232114_1|5000020232114_2,2,2,44,1066,997,21,3,581.619,413.867,458.487,323.427,8345.488,6011.764,True
534900febdcbb0cf,豊山町|town.toyoyama.lg.jp,豊山町,https://www.town.toyoyama.lg.jp/kurashi/koutu/,愛知県,豊山町,communitybus,toyoyamatown/communitybus,1000020233421,1,1,2,54,49,2,3,32.651,19.664,29.232,18.877,422.879,267.579,True
7dd07348305faca9,バスネット津|sites.google.com,バスネット津,https://sites.google.com/view/busnettsu/,三重県,バスネット津,guruttotsubus,busnet-tsu/guruttotsubus,6190005003049,1,1,1,8,25,1,3,7.301,0.0,5.233,0.0,59.577,0.0,True
2a56784094b70e97,伊賀市|city.iga.lg.jp,伊賀市,https://www.city.iga.lg.jp/category/10-15-2-0-0-0-0-0-0-0.html,三重県,伊賀市,communitybus,igacity/communitybus,6000020242161,1,1,17,112,354,5,3,89.517,24.885,62.781,19.314,1289.925,279.117,True
e8fc60bafb8c0468,いなべ市|city.inabe.mie.jp,いなべ市,https://www.city.inabe.mie.jp/kurashi/kotsu/kotsu/1000821.html,三重県,いなべ市,fukushibus,inabecity/fukushibus,7000020242144,1,1,13,115,438,1,3,106.188,0.0,69.438,0.0,1326.134,0.0,True
37252b9e42c44ca2,伊勢市|city.ise.mie.jp,伊勢市,https://www.city.ise.mie.jp/kurashi/koutsu/index.html,三重県,伊勢市,communitybus|numakibus,isecity/communitybus|isecity/numakibus,5000020242039,2,2,11,161,247,4,3,60.901,55.336,69.848,66.93,914.606,850.859,True
bbad295b99d028e4,亀山市|city.kameyama.mie.jp,亀山市,http://www.city.kameyama.mie.jp/soshiki/sanken/sansin/shokogyo/docs/2014112305289/,三重県,亀山市,communitybus,kameyamacity/communitybus,9000020242101,1,1,8,70,200,5,3,63.861,34.379,36.451,20.883,678.889,374.488,True
065989f3242db4d2,川越町|town.kawagoe.mie.jp,川越町,https://www.town.kawagoe.mie.jp,三重県,川越町,fureaibus,kawagoetown/fureaibus,4000020243442,1,1,3,24,32,1,3,22.161,11.769,14.866,7.895,172.855,91.8,True
3b200490340155b7,紀宝町|town.kiho.lg.jp,紀宝町,https://www.town.kiho.lg.jp/life/handbook/convenience/bus/schedule/,三重県,紀宝町,chominbus,kihotown/chominbus,1000020245623,1,1,3,25,168,2,3,24.853,23.0,21.131,20.05,447.568,424.53,True
7affe91f4fb66236,木曽岬町|town.kisosaki.lg.jp,木曽岬町,https://www.town.kisosaki.lg.jp/contents_detail.php?frmId=921,三重県,木曽岬町,communitybus,kisosakitown/communitybus,7000020243035,1,1,2,46,69,1,3,46.0,46.0,27.717,27.717,482.675,482.675,True
b94724e1e11c8584,菰野町|www2.town.komono.mie.jp,菰野町,https://www2.town.komono.mie.jp/www/contents/1568974531589/index.html,三重県,菰野町,communitybus,komonotown/communitybus,4000020243418,1,1,6,61,98,3,3,30.759,7.7,23.721,6.789,405.849,110.662,True
3bab256709f41106,熊野市|city.kumano.lg.jp,熊野市,https://www.city.kumano.lg.jp/public_transport/Japanese/04City_bus_tour/04Ja.htm,三重県,熊野市,communitybus|shuyubus,kumanocity/communitybus|kumanocity/shuyubus,7000020242128|7000020242128_2,2,2,7,59,246,7,3,44.44,50.981,36.17,40.504,850.643,933.161,True
755f78334a0101f7,桑名市|city.kuwana.lg.jp,桑名市,https://www.city.kuwana.lg.jp/maas/kurashi/koutsuu/24-57172-225-351.html,三重県,桑名市,communitybus,kuwanacity/communitybus,5000020242055,1,1,15,54,312,1,3,53.231,26.518,48.549,24.185,745.255,371.258,True
77a2bd43ffba906e,松阪市|city.matsusaka.mie.jp,松阪市,https://www.city.matsusaka.mie.jp/site/community-koutu/,三重県,松阪市,communitybus,matsusakacity/communitybus,5000020242047,1,1,10,134,228,5,3,87.782,52.433,64.733,32.774,946.166,425.89,True
9c331ed26ad3d24f,三重交通(南紀営業所)|sanco.co.jp,三重交通(南紀営業所),https://www.sanco.co.jp/,三重県,三重交通,sancoinanki,mie-kotsu/sancoinanki,7190001001047_9,1,1,4,121,254,2,3,54.706,46.468,41.675,34.92,1125.941,952.892,True
7b5323b91d158bfc,三重交通(中勢営業所)|sanco.co.jp,三重交通(中勢営業所),https://www.sanco.co.jp/,三重県,三重交通,sancochusei,mie-kotsu/sancochusei,7190001001047_2,1,1,29,1877,924,6,3,730.512,568.5,455.991,354.917,8111.435,6521.882,True
9054866ac42da288,三重交通(伊賀営業所)|sanco.co.jp,三重交通(伊賀営業所),https://www.sanco.co.jp/,三重県,三重交通,sancoiga,mie-kotsu/sancoiga,7190001001047_4,1,1,19,820,579,3,3,327.332,243.205,174.176,128.166,4306.217,3299.628,True
df33cf01f1a42b00,三重交通(志摩営業所)|sanco.co.jp,三重交通(志摩営業所),https://www.sanco.co.jp/,三重県,三重交通,sancoshima,mie-kotsu/sancoshima,7190001001047_7,1,1,16,311,367,2,3,32.06,27.455,29.51,22.182,651.224,482.42,True
4804a0391bd4610d,三重交通(松阪営業所)|sanco.co.jp,三重交通(松阪営業所),https://www.sanco.co.jp/,三重県,三重交通,sancomatsusaka,mie-kotsu/sancomatsusaka,7190001001047_5,1,1,11,355,369,3,3,152.484,100.0,102.105,70.583,2502.947,1761.873,True
d7ffba0c9b9c74fa,三重交通(四日市営業所)|sanco.co.jp,三重交通(四日市営業所),https://www.sanco.co.jp/,三重県,三重交通,sancoyokkaichi,mie-kotsu/sancoyokkaichi,7190001001047_1,1,1,17,1374,603,3,3,570.683,397.0,395.768,264.767,7618.634,5403.56,True
fde5953a8ba11f07,三重交通(桑名営業所)|sanco.co.jp,三重交通(桑名営業所),https://www.sanco.co.jp/,三重県,三重交通,sancokuwana,mie-kotsu/sancokuwana,7190001001047_3,1,1,14,1429,438,3,3,547.39,438.0,419.188,320.15,10616.97,7971.641,True
46403a81ab310685,三重交通(伊勢営業所)|sanco.co.jp,三重交通(伊勢営業所),https://www.sanco.co.jp/,三重県,三重交通,sancoise,mie-kotsu/sancoise,7190001001047_6,1,1,15,782,442,3,3,274.414,253.0,183.179,167.367,3585.466,3290.273,True
c506b762db2225ed,明和町|town.meiwa.mie.jp,明和町,https://www.town.meiwa.mie.jp/kurashi/doro_kotsu/chomin_bus/index.html,三重県,明和町,chominbus,mie-meiwatown/chominbus,6000020244422,1,1,2,15,36,1,3,14.885,15.0,13.893,14.0,205.389,206.975,True
d3284d2ef4f58b7a,南伊勢町|town.minamiise.lg.jp,南伊勢町,https://www.town.minamiise.lg.jp/admin/shoshiki/kankyou/seikatsu/bus/512.html,三重県,南伊勢町,choeibus,minamiisetown/choeibus,1000020244724,1,1,10,139,163,4,3,113.683,91.0,66.743,51.217,1398.826,1128.256,True
c4de497042e3a761,三重県名張市|city.nabari.lg.jp,三重県名張市,https://www.city.nabari.lg.jp/020/085/100/index.html,三重県,名張市,communitybus,nabaricity/communitybus,4000020242080,1,1,10,56,183,4,3,49.142,0.0,24.345,0.0,389.025,0.0,True
65d4d24224b4a518,大台町|odaitown.jp,大台町,https://www.odaitown.jp/soshiki/yakuba/8/4/7_2/2294.html,三重県,大台町,choeibus,odaitown/choeibus,5000020244431,1,1,3,26,103,4,3,21.475,16.0,17.964,15.95,486.84,440.499,True
46a618bc4afa3021,尾鷲市|city.owase.lg.jp,尾鷲市,https://www.city.owase.lg.jp/category/7-3-10-2-0-0-0-0-0-0.html,三重県,尾鷲市,fureaibus,owasecity/fureaibus,3000020242098,1,1,6,63,146,4,3,61.0,54.5,34.283,32.067,711.985,678.051,True
3cc877fe3acb2648,生活バス四日市|rosenzu.com,生活バス四日市,https://www.rosenzu.com/sbus/,三重県,生活バス四日市,sbusyokkaichi,seikatsubus-yokkaichi/sbusyokkaichi,5190005009369,1,1,1,8,40,1,3,8.0,0.0,5.867,0.0,74.723,0.0,True
6b32abc949aac89f,志摩市|city.shima.mie.jp,志摩市,https://www.city.shima.mie.jp/kurashi_tetsuzuki/kokyokotu/index.html,三重県,志摩市,anori,shimacity/anori,7000020242152,1,1,1,6,27,1,3,0.514,3.176,0.317,1.959,5.883,36.333,True
dc45d9f674c7eb29,鈴鹿市|city.suzuka.lg.jp,鈴鹿市,https://www.city.suzuka.lg.jp/shisei/cityprofile/1004196/1009619.html,三重県,鈴鹿市,communitybus,suzukacity/communitybus,5000020242071,1,1,4,72,248,5,3,54.845,53.0,70.711,69.55,1355.432,1323.429,True
82f8e2a322296fbd,多気町|town.taki.mie.jp,多気町,https://www.town.taki.mie.jp/life/soshiki/kankyo/1/index.html,三重県,多気町,choeibus,takitown/choeibus,6000020244414,1,1,1,9,51,1,3,8.245,0.0,6.871,0.0,162.892,0.0,True
86632681cd96861c,鳥羽市|city.toba.mie.jp,鳥羽市,https://www.city.toba.mie.jp/soshiki/t_kanri/gyomu/doro_kotsu/kokyo_kotsu/1910.html,三重県,鳥羽市,communitybus,tobacity/communitybus,8000020242110,1,1,5,134,135,3,3,78.355,72.0,55.7,52.25,946.614,898.346,True
0df2f44283a5f464,東員町|town.toin.lg.jp,東員町,https://www.town.toin.lg.jp/kurashi_tetsuzuki/kokyokotsu/1/index.html,三重県,東員町,communitybus,tointown/communitybus,9000020243248,1,1,4,31,159,1,3,30.804,30.508,31.053,30.754,470.888,466.356,True
b231d467c29dfdb0,津市|info.city.tsu.mie.jp,津市,https://www.info.city.tsu.mie.jp/kurashi/douro_koutsuu/1002291/1011566.html,三重県,津市,communitybus,tsucity/communitybus,7000020242012,1,1,19,159,373,17,3,39.356,14.221,36.13,10.045,681.516,184.12,True
25725638edbeda10,度会町|town.watarai.lg.jp,度会町,https://www.town.watarai.lg.jp/category_list.php?frmCd=1-10-1-0-0,三重県,度会町,choeibus,wataraitown/choeibus,1000020244708,1,1,3,12,91,3,3,2.36,0.0,1.669,0.0,41.876,0.0,True
2e24efa74037fa6f,四日市市|city.yokkaichi.lg.jp,四日市市,https://www.city.yokkaichi.lg.jp/www/contents/1001000001840/index.html,三重県,四日市市,communitybus,yokkaichicity/communitybus,6000020242021,1,1,2,17,37,2,3,8.38,8.321,7.66,7.64,126.389,126.329,True
f8c028722fa3ee00,東近江市|city.higashiomi.shiga.jp,東近江市,https://www.city.higashiomi.shiga.jp/0000007636.html,滋賀県,東近江市,higasiohmisicommunitybus,higashiomicity/higasiohmisicommunitybus,2000020252131,1,1,12,115,271,6,3,103.951,78.24,69.274,53.151,1292.952,1009.391,True
25f5a95f365d2379,甲賀市コミュニティバス|city.koka.lg.jp,甲賀市コミュニティバス,http://www.city.koka.lg.jp/1981.htm,滋賀県,甲賀市,sinaicommunitybus,kokacity/sinaicommunitybus,7000020252093,1,1,15,271,436,30,3,213.418,95.135,121.598,56.853,2764.805,1323.805,True
78b9257d94ba14e6,草津市|city.kusatsu.shiga.jp,草津市,https://www.city.kusatsu.shiga.jp/kurashi/kotsudorokasen/mamebus/jikokuhyou.html,滋賀県,草津市,kusatsusimamebus,kusatsucity/kusatsusimamebus,7000020252069,1,1,5,82,138,3,3,50.919,18.496,37.479,13.077,470.357,171.643,True
378ab4f2c75eff26,近江鉄道|ohmitetudo.co.jp,近江鉄道,https://www.ohmitetudo.co.jp/bus/,滋賀県,守山市,kuruttobus,moriyamacity/kuruttobus,1160001008109,1,1,2,20,135,2,3,18.512,4.884,15.581,4.233,209.438,59.248,True
aef4e3ecacfed9e0,長浜市|city.nagahama.lg.jp,長浜市,https://www.city.nagahama.lg.jp/0000002296.html,滋賀県,長浜市,nishiazaiodekakewagon,nagahamacity/nishiazaiodekakewagon,9000020252034,1,1,3,15,35,1,3,14.733,7.333,13.555,6.747,260.126,129.475,True
4b30648412728a98,近江八幡市(あかこんバス)|city.omihachiman.lg.jp,近江八幡市（あかこんバス）,https://www.city.omihachiman.lg.jp/soshiki/kotsu/1/1/index.html,滋賀県,近江八幡市,akakonbus,omihachimancity/akakonbus,9000020252042,1,1,12,133,449,1,3,130.56,65.736,98.591,49.639,1685.005,848.385,True
9863f74a3e136ce4,日野町|town.shiga-hino.lg.jp,日野町,https://www.town.shiga-hino.lg.jp/0000003577.html,滋賀県,日野町,choueibus,shiga-hinotown/choueibus,3000020253839 ,1,1,3,56,106,3,3,39.874,10.577,20.353,5.321,391.366,100.016,True
108518c2f65ca1ea,湖南市|city.shiga-konan.lg.jp,湖南市,https://www.city.shiga-konan.lg.jp/kurashi/doro/2/2/index.html,滋賀県,湖南市,konansimegurukun,shiga-konancity/konansimegurukun,2000020252115,1,1,13,106,224,4,3,95.571,44.135,53.061,26.742,922.196,466.551,True
794bb9caf6c41de1,高島市|city.takashima.lg.jp,高島市,http://www.city.takashima.lg.jp/www/contents/1615879446143/index.html,滋賀県,高島市,takasimasicommunitybus,takashimacity/takasimasicommunitybus,2000020252123,1,1,18,181,305,11,3,169.452,107.24,87.099,57.988,1925.287,1352.975,True
f024f25c51707d57,野洲市|city.yasu.lg.jp,野洲市,https://www.city.yasu.lg.jp/soshiki/tosi/komibasu/1450767151108.html,滋賀県,野洲市,onoriyasu,yasucity/onoriyasu,2000020252107,1,1,12,49,160,1,3,45.245,24.029,40.751,21.642,759.255,403.225,True
4334858809a92bbf,神姫観光|limonbus.com,神姫観光株式会社,https://www.limonbus.com/en/,大阪府,神姫観光,limonbus,shinkikanko/limonbus,2140001059268,1,1,4,4,11,1,3,4.0,4.0,40.083,40.083,1156.627,1156.627,True
381f9d34c5253639,明石市|city.akashi.lg.jp,明石市,https://www.city.akashi.lg.jp/doboku/kousei_ka/machizukuri/kotsu/kokyo/taco-bus/rosenzu/index.html#rosenzu,兵庫県,明石市,tacobustacobusmini,akashicity/tacobustacobusmini,9000020282031_1,1,1,15,446,260,2,3,228.025,217.0,118.207,110.567,1393.448,1288.367,True
a84f1780d62f6711,東備西播定住自立圏形成推進協議会|city.ako.lg.jp,東備西播定住自立圏形成推進協議会,https://www.city.ako.lg.jp/koushitsu/kikaku/areabus.html,兵庫県,赤穂市,teijuurou,akocity/teijuurou,2000020282120_1,1,1,2,8,154,1,3,7.887,3.929,9.793,4.878,220.424,109.796,True
da2690b82cb9e143,赤穂市|city.ako.lg.jp,赤穂市,https://www.city.ako.lg.jp/koushitsu/kikaku/yuranosuke.html,兵庫県,赤穂市,yuranosuke,akocity/yuranosuke,2000020282120_1,1,1,6,32,254,3,3,16.095,6.384,15.862,5.492,290.523,102.325,True
78cfe51698f6c2f7,淡路市|city.awaji.lg.jp,淡路市,http://www.city.awaji.lg.jp/soshiki/toshisoumu/26263.html,兵庫県,淡路市,awajinawahimebus,awajicity/awajinawahimebus,2000020282260,1,1,6,124,223,3,3,57.287,61.75,97.351,98.246,11989.938,151095.933,True
af67b0c25c3ecdbf,福崎町|town.fukusaki.hyogo.jp,福崎町,http://www.town.fukusaki.hyogo.jp/0000000924.html,兵庫県,福崎町,junkai-fukuhime-fukusakikasairenkei,fukusakitown/junkai-fukuhime-fukusakikasairenkei,9000020284432_1,1,1,7,42,196,5,3,29.433,7.692,22.657,6.282,408.9,97.823,True
c0ec2abe4d5fae40,姫路市|city.himeji.lg.jp,姫路市,https://www.city.himeji.lg.jp/sangyo/0000004453.html,兵庫県,姫路市,ieshima-boze-yukihiko,himejicity/ieshima-boze-yukihiko,1000020282014,1,1,5,74,108,6,3,33.535,3.487,14.889,1.638,165.429,11.612,True
509bb0712b56ee5e,神河町|town.kamikawa.hyogo.jp,神河町,https://www.town.kamikawa.hyogo.jp/0000003001.html,兵庫県,神河町,communitybus,hyogo-kamikawatown/communitybus,7000020284467_1,1,1,5,118,241,3,3,58.39,35.417,31.724,22.007,811.307,538.069,True
15fca94b47bc0706,小野市|city.ono.hyogo.jp,小野市,https://www.city.ono.hyogo.jp/soshikikarasagasu/sogoseisakubu_kotsuseisakugroup/gyomuannai/3/1/1831.html,兵庫県,小野市,ranranbus,hyogo-ono/ranranbus,8000020282189_1,1,1,12,99,309,17,3,46.26,23.667,28.026,17.233,520.992,298.326,True
0d56b56bd66de99d,市川町|town.ichikawa.lg.jp,市川町,https://www.town.ichikawa.lg.jp/info/628,兵庫県,市川町,communitybus,ichikawatown/communitybus,9000020284424_1,1,1,2,13,114,1,3,12.9,0.0,15.183,0.0,356.301,0.0,True
84a055b672744d86,猪名川町|town.inagawa.lg.jp,猪名川町,https://www.town.inagawa.lg.jp/soshiki/1024/koukyoukotsu/hureaibus/jikoku_rosen_untin.html,兵庫県,猪名川町,fureaibus,inagawatown/fureaibus,2000020283011_1,1,1,2,8,136,1,3,7.877,0.0,10.667,0.0,169.288,0.0,True
1d24791b4d7eba25,加古川市|city.kakogawa.lg.jp,加古川市,https://www.city.kakogawa.lg.jp/soshikikarasagasu/tosi_kekaku/tosikekakuka/kotsuseisaku/communitykoutuu/index.html,兵庫県,加古川市,kakobuskakobusmini,kakogawacity/kakobuskakobusmini,3000020282103_1,1,1,13,500,404,8,3,271.518,137.741,138.743,75.286,1996.873,1081.314,True
b4a54f2399be6b66,上郡町|town.kamigori.hyogo.jp,上郡町,https://www.town.kamigori.hyogo.jp/soshiki/chiiki/gyomuannai/16/2_1/6140.html,兵庫県,上郡町,ainorigo,kamigoritown/ainorigo,6000020284815_1,1,1,8,65,133,1,3,59.75,32.19,17.435,9.393,468.185,252.236,True
f511057c68f76932,加西市|city.kasai.hyogo.jp,加西市,http://www.city.kasai.hyogo.jp/01kura/12jiko/01jiko.htm#20,兵庫県,加西市,kasaineppihappybus|unifureaitomi,kasaicity/kasaineppihappybus|kasaicity/unifureaitomi,4000020282201|4000020282201_1,2,2,13,106,324,8,3,61.728,11.769,31.157,3.923,570.252,75.679,True
f2f3b6f31df3de7d,神鉄タクシー|shintetsu.co.jp,神鉄タクシー株式会社,https://www.shintetsu.co.jp/taxi/,兵庫県,神戸市,kobe-satoyama|kobe-shiokaze,kobecity/kobe-satoyama|kobecity/kobe-shiokaze,2140001015080|2140001015080_1,2,2,4,47,30,3,3,43.513,22.567,11.459,5.905,110.595,56.815,True
a8fd65c38715d60a,山陽タクシー|sanyo-taxi.jp,山陽タクシー株式会社,https://sanyo-taxi.jp/community-bus/,兵庫県,神戸市,kobe-shiokaze,kobecity/kobe-shiokaze,9000020281000_1,1,1,3,19,41,2,3,17.411,4.904,10.614,4.904,104.369,44.828,True
e619a910660496f6,東京・日本交通神戸営業所|city.kobe.lg.jp,東京・日本交通株式会社神戸営業所,https://www.city.kobe.lg.jp/a80014/shise/kekaku/jutakutoshikyoku/sogokotsu/nishiokamoto.html,兵庫県,神戸市,kobe-shiokaze,kobecity/kobe-shiokaze,6140001013659_1,1,1,1,19,14,1,3,17.627,9.317,7.592,4.013,68.335,36.12,True
f2ab3427cf3bf892,キクヤ交通|city.kobe.lg.jp,キクヤ交通株式会社,https://www.city.kobe.lg.jp/a80014/shise/kekaku/jutakutoshikyoku/sogokotsu/chuokutobu.html,兵庫県,神戸市,kobe-shiokaze,kobecity/kobe-shiokaze,2140001016566_1,1,1,2,15,24,1,3,13.745,0.0,7.545,0.0,56.406,0.0,True
dc25c40a36fd1911,スターハイヤー|city.kobe.lg.jp,スターハイヤー株式会社,https://www.city.kobe.lg.jp/a80014/shise/kekaku/jutakutoshikyoku/sogokotsu/nishisuma.html,兵庫県,神戸市,kobe-shiokaze,kobecity/kobe-shiokaze,2140001019172_1,1,1,2,40,33,2,3,23.27,15.846,11.621,7.147,111.625,73.007,True
bd7872f15728c2e8,南あわじ市|city.minamiawaji.hyogo.jp,南あわじ市,https://www.city.minamiawaji.hyogo.jp/soshiki/kyoudou/ranranbus.html,兵庫県,南あわじ市,lanrunbus,minamiawajicity/lanrunbus,3000020282243,1,1,10,87,274,1,3,87.0,87.0,77.3,77.3,1720.988,1720.988,True
66e9f405931569f2,西宮市(さくらやまなみバス)|nishi.or.jp,西宮市（さくらやまなみバス）,https://www.nishi.or.jp/kotsu/sakurayamanamibus/index.html,兵庫県,西宮市,sakurayamanami,nishinomiyacity/sakurayamanami,8000020282049_3,1,1,9,104,76,3,3,44.386,28.92,56.428,38.734,923.44,627.215,True
0fe7949bde51db5b,西宮市|nishi.or.jp,西宮市,https://www.nishi.or.jp/kotsu/kotsu/kotsukeikaku/community/comm-bus-najio.html,兵庫県,西宮市,koyoen|najio-ikunokogen,nishinomiyacity/koyoen|nishinomiyacity/najio-ikunokogen,8000020282049_3|8000020282049_4,2,2,8,36,60,2,3,33.647,0.0,11.516,0.0,171.604,0.0,True
4fd1ccc8f3f8581a,「ぐるっと生瀬」運行協議会|guruttonamaze.com,「ぐるっと生瀬」運行協議会,http://guruttonamaze.com/6root.html,兵庫県,西宮市,guruttonamaze,nishinomiyacity/guruttonamaze,8000020282049_2,1,1,4,23,56,1,3,21.789,11.5,7.942,4.192,124.656,65.791,True
e44e923a4b6ca43b,西脇市|city.nishiwaki.lg.jp,西脇市,https://www.city.nishiwaki.lg.jp/kurashi/kokyokotsu/1460633528877.html,兵庫県,西脇市,loopbus-orihimebus,nishiwakicity/loopbus-orihimebus,1000020282138_1,1,1,2,42,120,2,3,9.069,2.5,6.734,1.908,112.196,27.793,True
bfa69af863f27bbb,佐用町|town.sayo.lg.jp,佐用町,https://www.town.sayo.lg.jp/cms-sypher/www/info/detail.jsp?id=2178,兵庫県,佐用町,communitybus,sayotown/communitybus,5000020285013_1,1,1,2,12,72,1,3,11.08,0.0,5.786,0.0,165.63,0.0,True
f19cc086761d29ec,新温泉町民バス「夢つばめ」|town.shinonsen.hyogo.jp,新温泉町民バス「夢つばめ」,http://www.town.shinonsen.hyogo.jp/,兵庫県,新温泉町,yumetsubame,shinonsentown/yumetsubame,6000020285862,1,1,11,132,169,11,3,0.0,0.0,0.0,0.0,0.0,0.0,False
dfbfa41bae0f72c3,ウイング神姫|shinkibus.co.jp,株式会社ウイング神姫,https://www.shinkibus.co.jp/bus/area/shiso/index.html,兵庫県,宍粟市,shitanbus-wingshinki,shisocity/shitanbus-wingshinki,8140001059270,1,1,15,151,441,18,3,64.199,5.5,32.643,1.742,686.446,17.353,True
bf192fc5c7fad648,篠陽タクシー|city.shiso.lg.jp,篠陽タクシー有限会社,https://www.city.shiso.lg.jp/soshiki/shiminseikatsu/shiminnkyoudou/tantojoho/kokyokotu/index.html,兵庫県,宍粟市,shitanbus,shisocity/shitanbus,5140002032634,1,1,2,16,104,2,3,11.318,0.0,5.851,0.0,155.688,0.0,True
30841bd52059a753,洲本市コミュニティバス|city.sumoto.lg.jp,洲本市コミュニティバス,https://www.city.sumoto.lg.jp/soshiki/7/1505.html,兵庫県,洲本市,communitybus,sumotocity/communitybus,2802057_1,1,1,2,17,62,2,3,16.862,16.827,14.68,14.654,368.07,367.357,True
8af3ba1e65af1d94,フクユタクシー|fukuyu.jp,フクユタクシー,https://fukuyu.jp/business/bus,兵庫県,宝塚市,runrunbus,takarazukacity/runrunbus,1140001078863_1,1,1,1,55,10,2,3,25.724,12.953,9.861,4.965,58.519,29.466,True
94ec5a53e4ffc1bd,高砂市|city.takasago.lg.jp,高砂市,https://www.city.takasago.lg.jp/gyoseisite/kurashi_tetsuzuki/doro_kotsu/1/index.html,兵庫県,高砂市,jotonbus,takasagocity/jotonbus,1000020282162_1,1,1,6,139,119,5,3,75.421,47.367,34.049,23.055,459.122,321.904,True
9af5db3eaef67451,たつの市|city.tatsuno.lg.jp,たつの市,https://www.city.tatsuno.lg.jp/kikaku/comibus.html,兵庫県,たつの市,communitybus,tatsunocity/communitybus,1000020282294_1,1,1,7,32,140,1,3,29.625,15.714,30.15,15.993,615.053,326.244,True
a7dcaf15031f9ef8,豊岡市|city.toyooka.lg.jp,豊岡市,https://www.city.toyooka.lg.jp/kurashi/dorokotsu/buskotsu/1019743.html,兵庫県,豊岡市,inacar|kobus,toyookacity/inacar|toyookacity/kobus,7000020282090,2,2,8,63,215,6,3,55.05,15.962,33.559,11.828,639.146,149.382,True
80e36f594c8c1662,大和郡山市|city.yamatokoriyama.lg.jp,大和郡山市,https://www.city.yamatokoriyama.lg.jp/soshiki/koutu/7/1263.html,奈良県,大和郡山市,kingyobus,yamatokoriyamacity/kingyobus,3000020292036_1,1,1,3,19,75,1,3,8.755,0.0,9.638,0.0,112.21,0.0,True
caeb6b2224486213,大和高田市コミュニティバスきぼう号|city.yamatotakada.nara.jp,大和高田市コミュニティバスきぼう号,https://www.city.yamatotakada.nara.jp/soshikikarasagasu/machishinkoka/1/2625.html,奈良県,大和高田市,communitybuskibougou,yamatotakadacity/communitybuskibougou,3000020292028_0,1,1,8,18,62,1,3,13.348,14.123,19.305,20.426,179.259,189.672,True
9cf4670d46004eba,有田川町|town.aridagawa.lg.jp,有田川町,https://www.town.aridagawa.lg.jp/top/kakuka/kibi/3/1/2/953.html,和歌山県,有田川町,aridagawatownbus,aridagawatown/aridagawatownbus,5000020303666,1,1,15,33,164,8,3,6.316,0.0,4.064,0.0,61.843,0.0,True
2bd6480f87ef3775,中紀バス|chukibus-group.co.jp,中紀バス,https://www.chukibus-group.co.jp/,和歌山県,中紀バス,chukibus,chukibus/chukibus,8170001010288,1,1,6,60,148,4,3,47.13,23.327,19.969,10.945,441.283,247.777,True
f68aae6e777c4dcb,岩出市|city.iwade.lg.jp,岩出市,https://www.city.iwade.lg.jp/soshiki/3/2588.html,和歌山県,岩出市,junkaibus,iwadecity/junkaibus,3000020302091,1,1,3,24,177,1,3,23.875,23.368,27.722,27.133,398.452,389.998,True
eba9cc2aad5e2626,かつらぎ町|town.katsuragi.wakayama.jp,かつらぎ町,https://www.town.katsuragi.wakayama.jp/010/070/2023-0816-0925-18.html,和歌山県,かつらぎ町,community-bus,katsuragitown/community-bus,4000020303411,1,1,3,24,77,2,3,23.448,20.596,15.259,14.221,272.382,256.488,True
ced8e01232dc6a56,紀の川市|city.kinokawa.lg.jp,紀の川市,https://www.city.kinokawa.lg.jp/007/,和歌山県,紀の川市,kinokawa_bus,kinokawacity/kinokawa_bus,4000020302082,1,1,16,72,367,2,3,70.963,59.077,66.746,46.654,1236.495,846.355,True
cad9c8e1fd143fcf,熊野御坊南海バス|kumanogobobus.nankai-nanki.jp,熊野御坊南海バス,https://kumanogobobus.nankai-nanki.jp/local/kumano/,和歌山県,熊野御坊南海バス株式会社,kumanogobobus_gobo|kumanogobobus_kumano,kumanogobobus/kumanogobobus_gobo|kumanogobobus/kumanogobobus_kumano,7170001011444,2,2,31,288,690,9,3,229.72,202.491,150.823,131.509,3791.178,3314.021,True
cac812f9ff9efcff,串本タクシー|kushimoto-taxi.co.jp,串本タクシー,http://www.kushimoto-taxi.co.jp/,和歌山県,くしもと観光周遊バス推進協議会（事務局：和歌山県立南紀熊野ジオパークセンター））,bus-kushimotokankoshuyu-wakayama-jp,kushimoto/bus-kushimotokankoshuyu-wakayama-jp,3170001011737,1,1,1,11,7,2,3,5.045,5.0,7.504,7.5,109.727,109.65,True
93f9b320d8365656,明光バス|meikobus.jp,明光バス,https://meikobus.jp/,和歌山県,明光バス株式会社,meikobus,meikobus/meikobus,5170001009151,1,1,24,218,434,23,3,153.568,157.586,164.51,173.474,4368.918,4754.541,True
e2b70194d2e58029,南海りんかんバス|rinkan.co.jp,南海りんかんバス,http://www.rinkan.co.jp/koyasan/,和歌山県,南海りんかんバス株式会社,hashimoto-rinkandenentoshi|koyasan,rinkan/hashimoto-rinkandenentoshi|rinkan/koyasan,7170001010693,2,2,24,462,145,12,3,234.685,208.846,85.597,78.348,1236.645,1073.994,True
bcf0e549eb803da4,龍神自動車|ryujinbus.com,龍神自動車,https://www.ryujinbus.com/routebus/,和歌山県,龍神自動車株式会社,ryujinbus,ryujinbus/ryujinbus,9170001008975,1,1,12,67,446,9,3,55.478,39.464,50.656,42.758,1276.914,1099.448,True
21500d6267aa8560,田辺市|city.tanabe.lg.jp,田辺市,https://www.city.tanabe.lg.jp/soshiki/kikaku/1/1_1/337.html,和歌山県,田辺市,Jumin-Bus,tanabecity/Jumin-Bus,4000020302066,1,1,10,34,248,10,3,15.693,0.0,12.112,0.0,296.867,0.0,True
f5a60f311d4e2b6b,益田市|city.masuda.lg.jp,益田市,https://www.city.masuda.lg.jp/soshikikarasagasu/seisakukikakukyoku/koutsutaisakuka/5/2/10865.html,島根県,益田市,noriai,masudacity/noriai,2000020322041,1,1,2,10,109,1,3,9.354,0.0,8.231,0.0,216.113,0.0,True
7d4b89eb4c2873f7,早島町|town.hayashima.lg.jp,早島町,http://www.town.hayashima.lg.jp/soshikikarasagasu/kikaku/communitybus/communitybus.html,岡山県,早島町,hayashimatowncommunitybus,hayashimatown/hayashimatowncommunitybus,2000020334235,1,1,2,44,76,2,3,40.966,17.308,15.176,6.498,238.9,102.608,True
8ff33a5795ac2fd5,北振バス|city.ibara.okayama.jp,北振バス株式会社,https://www.city.ibara.okayama.jp/soshiki/3/1962.html,岡山県,北振バス株式会社,ibaraaiaibus,hokushin-bus/ibaraaiaibus,3260001018112,1,1,6,55,135,6,3,16.889,14.308,18.669,15.651,351.166,296.124,True
b8f620e6d3007214,北振バス|hokushin-bus.com,北振バス株式会社,http://www.hokushin-bus.com/,岡山県,北振バス株式会社,hokushinbus,hokushin-bus/hokushinbus,3260001018112,1,1,15,154,213,6,3,69.881,40.0,41.248,25.275,988.161,608.218,True
d8f8001f08b52449,鏡野町|town.kagamino.lg.jp,鏡野町,http://www.town.kagamino.lg.jp/?p=80305,岡山県,鏡野町,kagaminotownbus,kagaminotown/kagaminotownbus,9000020336068,1,1,5,26,248,5,3,20.199,12.0,17.45,9.817,397.71,222.027,True
ea7cf9753b02fce3,真庭市コミュニティバス『まにわくん』|city.maniwa.lg.jp,真庭市コミュニティバス『まにわくん』,https://www.city.maniwa.lg.jp/soshiki/12/1764.html,岡山県,真庭市,maniwakun,maniwacity/maniwakun,7000020332143_1,1,1,3,33,337,4,3,32.23,29.75,38.646,36.053,1120.873,1050.023,True
f855d437824f374b,奈義町|town.nagi.okayama.jp,奈義町,https://www.town.nagi.okayama.jp/gyousei/kurashi/sumai/seikatsukankyou/nagibus.html,岡山県,奈義町,nagibus,nagitown/nagibus,4000020336238,1,1,1,8,54,1,3,7.418,3.923,5.749,3.04,157.114,83.095,True
ef464b3fdea9c8eb,新見市|city.niimi.okayama.jp,新見市,https://www.city.niimi.okayama.jp/kurashi/kurashi_detail/index/8.html,岡山県,新見市,niimishieibus,niimicity/niimishieibus,6260001018935,1,1,10,54,295,9,3,46.847,1.923,18.794,0.585,500.594,12.497,True
7b2f67959fe885f1,瀬戸内市|city.setouchi.lg.jp,瀬戸内市,https://www.city.setouchi.lg.jp/uploaded/attachment/127865.pdf,岡山県,瀬戸内市,setouchicitybus|setouchicitykankobus,setouchicity/setouchicitybus|setouchicity/setouchicitykankobus,7000020332127,2,2,9,163,252,3,3,99.373,59.185,63.401,30.692,1487.77,687.149,True
6beb8ee79189ef88,勝央町|town.shoo.lg.jp,勝央町,https://www.town.shoo.lg.jp/soshiki/16/1266.html,岡山県,勝央町,shoochofureaibus,shootown/shoochofureaibus,5000020336220,1,1,7,16,91,1,3,12.571,0.0,9.01,0.0,191.128,0.0,True
92e5c5e493557ae6,阿佐海岸鉄道|asatetu.com,阿佐海岸鉄道株式会社,https://asatetu.com/schedule/,徳島県,阿佐海岸鉄道株式会社,asakaigantetsudo,asatetu/asakaigantetsudo,4480001006911,1,1,2,40,16,4,3,25.739,22.0,14.495,14.183,373.788,385.24,True
126c22215149d4e2,東みよし町|town.higashimiyoshi.lg.jp,東みよし町,https://www.town.higashimiyoshi.lg.jp/docs/984.html,徳島県,東みよし町,higashimiyoshitownbus,higashimiyoshitown/higashimiyoshitownbus,9000020364894,1,1,2,15,63,2,3,14.304,10.364,7.384,5.413,189.947,139.241,True
4a169d52710fc115,海陽町|town.kaiyo.lg.jp,海陽町,https://www.town.kaiyo.lg.jp/docs/2020021400014/,徳島県,海陽町,kaiyotownbus,kaiyotown/kaiyotownbus,8000020363880,1,1,3,21,68,2,3,20.92,14.0,20.206,14.412,460.76,330.522,True
e8ea0428abe63191,北島町|town.kitajima.lg.jp,北島町,https://www.town.kitajima.lg.jp/mobile/docs/2280397.html,徳島県,北島町,kitajimatownfukushibus,kitajimatown/kitajimatownfukushibus,8000020364029,1,1,8,20,80,4,3,5.303,0.0,3.523,0.0,55.236,0.0,True
6c20f81da3d46821,松茂町|town.matsushige.tokushima.jp,松茂町,https://www.town.matsushige.tokushima.jp/docs/2023032400011/,徳島県,松茂町,matsushigetownbus,matsushigetown/matsushigetownbus,9000020364011,1,1,4,56,59,4,3,35.506,25.623,15.057,10.545,201.68,142.067,True
79cd83ec94a17d8a,那賀町|town.tokushima-naka.lg.jp,那賀町,https://www.town.tokushima-naka.lg.jp/gyosei/kurashi/kotsu/2812.html,徳島県,那賀町,nakatownbus,nakatown/nakatownbus,5000020363685,1,1,7,34,99,4,3,19.85,0.0,10.004,0.0,241.452,0.0,True
44f66019228b9560,鳴門市|city.naruto.tokushima.jp,鳴門市,https://www.city.naruto.tokushima.jp/kurashi/sumai/kotsu/bus/tiiki.html,徳島県,鳴門市,narutocitychiikibus,narutocity/narutocitychiikibus,6000020362026,1,1,3,39,69,3,3,28.464,22.0,11.489,9.55,172.436,139.978,True
771e9534464a7690,徳島バス|tokubus.co.jp,徳島バス,https://www.tokubus.co.jp/routebus/,徳島県,徳島バス株式会社,tokushimabus,tokubus/tokushimabus,4480001001730,1,1,85,1888,1622,12,3,998.304,878.0,819.783,701.667,15640.056,14043.978,True
5e572e2a3dec774c,徳島バス南部|nanbu.tokubus.co.jp,徳島バス南部,https://nanbu.tokubus.co.jp/,徳島県,徳島バス南部株式会社,tokushimabusnanbu,tokubus-nanbu/tokushimabusnanbu,1480001007020,1,1,13,77,376,1,3,77.0,77.0,73.033,73.033,2108.271,2108.271,True
b4a3b984e8b39756,三好市|miyoshi.i-tokushima.jp,三好市,https://www.miyoshi.i-tokushima.jp/kurashi/kotsu/shiei-bus/,徳島県,三好市,miyoshicitybus,tokushima-miyoshicity/miyoshicitybus,4000020362085,1,1,15,166,548,15,3,115.356,93.865,68.692,55.969,1590.222,1319.879,True
ff7f41a7c451e031,徳島市交通局|city.tokushima.tokushima.jp,徳島市交通局,https://www.city.tokushima.tokushima.jp/bus/,徳島県,徳島市交通局,tokushimacitybus,tokushima-shiei/tokushimacitybus,6000020362018,1,1,5,241,106,2,3,109.379,134.0,65.825,68.667,705.69,714.811,True
19cac7a5f2f6d84b,上八万バス運営委員会|city.tokushima.tokushima.jp,上八万バス運営委員会,https://www.city.tokushima.tokushima.jp/smph/kurashi/koutsu/kotsu/jishuunko_bus/kamihachiman_komibas.html,徳島県,徳島市,kamihachimanbus,tokushimacity/kamihachimanbus,6000020362018,1,1,3,15,31,3,3,2.912,0.0,1.996,0.0,30.914,0.0,True
ee4d27347ce9f3c9,応神ふれあいバス運行協議会|city.tokushima.tokushima.jp,応神ふれあいバス運行協議会,https://www.city.tokushima.tokushima.jp/smph/kurashi/koutsu/kotsu/jishuunko_bus/ojin_fureaibus.html,徳島県,徳島市,oujinfureaibus,tokushimacity/oujinfureaibus,6000020362018,1,1,2,16,38,2,3,4.536,0.0,2.68,0.0,36.22,0.0,True
66264ba5f3e92934,つるぎ町|town.tokushima-tsurugi.lg.jp,つるぎ町,https://www.town.tokushima-tsurugi.lg.jp/fs/4/3/0/4/7/4/_/__3_____________.pdf,徳島県,つるぎ町,tsurugitownbus,tsurugitown/tsurugitownbus,7000020364681,1,1,2,27,120,4,3,15.943,13.635,18.866,14.48,392.861,257.147,True
2bb00c4604794719,吉野川市|city.yoshinogawa.lg.jp,吉野川市,https://www.city.yoshinogawa.lg.jp/docs/2025030300034/,徳島県,吉野川市,yoshinogawacitybus,yoshinogawacity/yoshinogawacitybus,5000020362051,1,1,1,8,29,1,3,7.969,8.0,6.243,6.267,158.16,158.768,True
ca91fc798a0befb1,観音寺市のりあいバス|city.kanonji.kagawa.jp,観音寺市のりあいバス,https://www.city.kanonji.kagawa.jp/soshiki/7/206.html,香川県,観音寺市,kanonjishi-noriaibus,kanonjicity/kanonjishi-noriaibus,8000020372056,1,1,6,31,77,2,3,20.649,10.135,35.039,17.098,577.41,281.158,True
2298d9a183607775,琴参バス|kotosan.co.jp,琴参バス株式会社,https://www.kotosan.co.jp/,香川県,琴参バス株式会社,kotohira-local|marugame-community|sakaide-local,kotosan/kotohira-local|kotosan/marugame-community|kotosan/sakaide-local,3470001009643,3,3,27,533,834,12,3,200.287,114.596,166.306,106.823,3200.18,1932.021,True
1fb6bee0e3d4ae4a,三豊市コミュニティバス|city.mitoyo.lg.jp,三豊市コミュニティバス,https://www.city.mitoyo.lg.jp/kurashi/kotsu/11697.html,香川県,三豊市,mitoyocommunitybus,mitoyocity/mitoyocommunitybus,7000020372081,1,1,12,185,372,4,3,140.326,85.817,107.182,63.088,2275.749,1324.715,True
4f21ad129e1f7043,直島町|town.naoshima.lg.jp,直島町,http://www.town.naoshima.lg.jp/about/naoshima/access.html,香川県,直島町,naoshima,naoshimatown/naoshima,9000020373648,1,1,2,89,39,5,3,64.791,69.469,16.876,17.421,268.681,276.531,True
37628618e0f74a24,西讃観光|seisan-bus.co.jp,西讃観光,https://seisan-bus.co.jp/limousine/,香川県,西讃観光,seisankanko_limousine,seisan-kanko/seisankanko_limousine,4470001009972,1,1,2,14,12,1,3,14.0,14.0,21.083,21.083,901.72,901.72,True
56b7324264b7a179,安芸市|city.aki.kochi.jp,安芸市,https://www.city.aki.kochi.jp/life/dtl.php?hdnKey=5813,高知県,安芸市,GTFS-Akicity_Bus,akicity/GTFS-Akicity_Bus,6000020392031,1,1,9,44,101,6,3,31.145,20.0,24.509,20.15,441.245,368.155,True
9e458242bfce2ead,芸西村|vill.geisei.kochi.jp,芸西村,http://www.vill.geisei.kochi.jp/pages/m000780.php,高知県,芸西村,GTFS-Geiseivill_Bus,geiseivillage/GTFS-Geiseivill_Bus,6000020393070,1,1,3,21,43,3,3,6.467,3.377,3.03,1.423,35.332,17.597,True
30de919eef272ee7,いの町|town.ino.kochi.jp,いの町,https://www.town.ino.kochi.jp/chosei/chouseijoho/1756/,高知県,いの町,GTFS-Inotown_HongawaArea|GTFS-Inotown_Loopbus,inotown/GTFS-Inotown_HongawaArea|inotown/GTFS-Inotown_Loopbus,9000020393860_1|9000020393860_2,2,2,3,33,86,4,3,16.634,15.75,13.74,12.861,198.745,183.329,True
2f5117c67bd61062,ジェイアール四国バス|jr-shikokubus.co.jp,ジェイアール四国バス株式会社,https://www.jr-shikokubus.co.jp/,高知県,ジェイアール四国バス株式会社 高知支店,GTFS-JRbus_Otochi,jr-shikoku-bus-kochi/GTFS-JRbus_Otochi,5470001004840_3,1,1,1,22,58,1,3,22.0,22.0,9.267,9.267,243.132,243.132,True
13a6e284148c1268,香美市|city.kami.lg.jp,香美市,https://www.city.kami.lg.jp/soshiki/11/shiei-bus03.html,高知県,香美市,GTFS-Kamicity_Bus|GTFS-Kamicity_Demandbus,kamicity/GTFS-Kamicity_Bus|kamicity/GTFS-Kamicity_Demandbus,8000020392120_1|8000020392120_2,2,2,13,100,362,13,3,75.237,43.154,38.028,22.002,891.926,578.557,True
2445a693c134f77a,県交北部交通|khkhokubu.com,株式会社県交北部交通,https://www.khkhokubu.com/,高知県,株式会社県交北部交通,GTFS-Hokubutraffic_Localbus,khkhokubu-kotsu/GTFS-Hokubutraffic_Localbus,9490001000553,1,1,2,101,438,3,3,43.214,27.857,57.095,41.114,1553.698,1142.069,True
86a6b53d524240eb,北川村|kitagawamura.jp,北川村,http://www.kitagawamura.jp/life/dtl.php?hdnKey=932,高知県,北川村,GTFS-Kitagawavill_Bus,kitagawavillage/GTFS-Kitagawavill_Bus,7000020393053,1,1,7,88,42,3,3,29.739,28.442,15.898,15.512,321.349,312.935,True
978eefc03e49f305,高知駅前観光|kochiekimaekanko.jp,株式会社高知駅前観光,https://kochiekimaekanko.jp/,高知県,株式会社高知駅前観光,GTFS-Ekimae_Airportbus|GTFS-Ekimae_Expressbus,kochi-ekimae-kanko/GTFS-Ekimae_Airportbus|kochi-ekimae-kanko/GTFS-Ekimae_Expressbus,9490001000578_1|9490001000578_2,2,2,6,55,35,5,3,52.68,55.0,47.89,74.983,1719.623,3169.818,True
5a10a68074d9a2e6,高知県観光コンベンション協会|kochi-tabi.jp,公益財団法人高知県観光コンベンション協会,https://kochi-tabi.jp/lp/my-bus/,高知県,公益財団法人高知県観光コンベンション協会,GTFS-KVCA_MY-YUbus,kochi-kanko-convention/GTFS-KVCA_MY-YUbus,1490005000417,1,1,1,78,16,5,3,12.692,18.0,11.423,16.2,146.908,208.471,True
f577dacd81c19eea,香南市|city.kochi-konan.lg.jp,香南市,https://www.city.kochi-konan.lg.jp/soshikikarasagasu/chiikishienka/kokyokotsu/konanbus/,高知県,香南市,GTFS-Konancity_Bus,kochi-konancity/GTFS-Konancity_Bus,9000020392111_1,1,1,14,162,232,4,3,89.636,71.0,33.872,25.75,706.93,544.458,True
e0f90c75da5e7600,高知高陵交通|koryokoutsu.net,高知高陵交通株式会社,http://koryokoutsu.net/,高知県,高知高陵交通株式会社,GTFS-Koryotraffic_Localbus,kochi-koryo-kotsu/GTFS-Koryotraffic_Localbus,6490001005761,1,1,8,121,583,2,3,66.2,54.0,55.677,52.017,1635.561,1530.905,True
d7889a09cadaf934,高知西南交通|kochi-seinan.co.jp,高知西南交通株式会社,http://www.kochi-seinan.co.jp/,高知県,高知西南交通株式会社,GTFS-Seinan_Expressbus|GTFS-Seinantraffic_Akamego|GTFS-Seinantraffic_Localbus|GTFS-Seinantraffic_Riverbus|GTFS-Seinantraffic_Shimaashi,kochi-seinan-kotsu/GTFS-Seinan_Expressbus|kochi-seinan-kotsu/GTFS-Seinantraffic_Akamego|kochi-seinan-kotsu/GTFS-Seinantraffic_Localbus|kochi-seinan-kotsu/GTFS-Seinantraffic_Riverbus|kochi-seinan-kotsu/GTFS-Seinantraffic_Shimaashi,5490001004905_1|5490001004905_2|5490001004905_3|5490001004905_4|5490001004905_5,5,5,28,330,1073,8,3,74.685,50.942,86.786,86.882,2354.244,2063.304,True
7aaa8829daed2cb9,須崎市|city.susaki.lg.jp,須崎市,https://www.city.susaki.lg.jp/life/detail.php?hdnKey=3386,高知県,須崎市,GTFS-Susakicity_Bus,kochi-suzakicity/GTFS-Susakicity_Bus,5000020392065_1,1,1,1,14,47,1,3,14.0,14.0,11.2,11.2,187.939,187.939,True
f07cbf6e254eeca8,高知東部交通|toubukoutuu.jimdofree.com,高知東部交通株式会社,https://toubukoutuu.jimdofree.com/,高知県,高知東部交通株式会社,GTFS-Tobutraffic_Localbus,kochi-tobu-kotsu/GTFS-Tobutraffic_Localbus,1490001006723,1,1,5,150,603,2,3,80.13,69.0,121.656,105.1,3599.756,3090.054,True
1ff38f65d34f6fa2,津野町|town.kochi-tsuno.lg.jp,津野町,https://town.kochi-tsuno.lg.jp/section/post_3690,高知県,津野町,GTFS-Tsunotown_Bus,kochi-tsunotown/GTFS-Tsunotown_Bus,2000020394114,1,1,17,81,283,7,3,17.947,0.0,13.782,0.0,295.305,0.0,True
791b873a3a70fc7d,黒岩観光|kurokan.net,有限会社黒岩観光,http://kurokan.net/,高知県,有限会社黒岩観光,GTFS-Kuroiwakanko_Localbus,kuroiwa-kanko/GTFS-Kuroiwakanko_Localbus,6490002009943,1,1,4,55,181,8,3,45.774,32.0,23.228,17.317,691.996,533.254,True
06127f36e21f81a7,三原村|vill.mihara.kochi.jp,三原村,https://www.vill.mihara.kochi.jp/life/list.php?hdnKeyword=%E4%B8%89%E5%8E%9F%E6%9D%91%E3%83%90%E3%82%B9,高知県,三原村,GTFS-Miharavill_Bus,miharavillage/GTFS-Miharavill_Bus,1000020394271,1,1,9,45,44,4,3,15.215,0.0,10.234,0.0,208.645,0.0,True
efa058ba678f865e,本山町|town.motoyama.kochi.jp,本山町,https://www.town.motoyama.kochi.jp/soshikikarasagasu/seisakukikakuka/1_1/387.html,高知県,本山町,GTFS-Motoyamatown_Bus,motoyamatown/GTFS-Motoyamatown_Bus,5000020393410,1,1,4,28,99,4,3,5.489,0.0,4.448,0.0,65.132,0.0,True
caaed3c5d20cedb5,室戸市|city.muroto.kochi.jp,室戸市,https://www.city.muroto.kochi.jp/pages/page1816.php,高知県,室戸市,GTFS-Murotocity_Bus,murotocity/GTFS-Murotocity_Bus,7000020392022,1,1,9,71,225,4,3,13.885,0.0,9.167,0.0,144.556,0.0,True
e74f8e0297310c23,中土佐町|town.nakatosa.lg.jp,中土佐町,https://www.town.nakatosa.lg.jp/life/detail.php?hdnKey=1248,高知県,中土佐町,GTFS-Nakatosatown_Bus,nakatosatown/GTFS-Nakatosatown_Bus,9000020394017,1,1,7,44,125,5,3,15.137,5.885,7.767,3.081,155.789,62.342,True
1cbc1f36772e9844,南国市|city.nankoku.lg.jp,南国市,https://www.city.nankoku.lg.jp/life/life_dtl.php?hdnKey=8231,高知県,南国市,GTFS-Nankokucity_Bus,nangokucity/GTFS-Nankokucity_Bus,5000020392049,1,1,4,52,240,1,3,52.0,52.0,31.7,31.7,668.218,668.218,True
d918491da3d91640,仁淀川町|town.niyodogawa.lg.jp,仁淀川町,https://www.town.niyodogawa.lg.jp/life/kokyokotsu.php,高知県,仁淀川町,GTFS-Niyodogawatown_Townsbus,niyodogawatown/GTFS-Niyodogawatown_Townsbus,8000020393878_1,1,1,10,59,210,8,3,48.234,6.5,16.993,2.217,402.395,64.372,True
4419f79ed84914eb,大月町|town.otsuki.kochi.jp,大月町,https://www.town.otsuki.kochi.jp/life/dtl.php?hdnKey=1794,高知県,大月町,GTFS-Otsukitown_Bus,otsukitown/GTFS-Otsukitown_Bus,2000020394246,1,1,1,6,22,1,3,5.586,0.0,2.048,0.0,46.059,0.0,True
c5c8eb0ae04e4623,嶺北観光自動車|reihoku-kanko.net,有限会社嶺北観光自動車,https://reihoku-kanko.net/free/rosen,高知県,有限会社嶺北観光自動車,GTFS-Reihokukanko_Localbus,reihoku-kanko/GTFS-Reihokukanko_Localbus,2490002012513,1,1,7,101,468,8,3,88.016,79.0,45.152,41.567,1212.704,1136.96,True
24b96d12b0e7fcd5,佐川町|town.sakawa.lg.jp,佐川町,https://www.town.sakawa.lg.jp/life/dtl.php?hdnKey=1605,高知県,佐川町,GTFS-Sakawatown_Bus,sakawatown/GTFS-Sakawatown_Bus,9000020394025,1,1,10,71,167,7,3,21.678,0.0,15.871,0.0,224.482,0.0,True
8fc2ddddcc767bdc,四万十交通|konankanko.jp,株式会社四万十交通,http://konankanko.jp/,高知県,株式会社四万十交通,GTFS-Shimantotraffic_Feederbus|GTFS-Shimantotraffic_Localbus,shimanto-kotsu/GTFS-Shimantotraffic_Feederbus|shimanto-kotsu/GTFS-Shimantotraffic_Localbus,7490002010842|7490002010842_2,2,2,11,281,533,8,3,67.144,65.221,50.748,48.238,1385.646,1352.048,True
051a98597bc9a2a0,四万十市|city.shimanto.lg.jp,四万十市,https://www.city.shimanto.lg.jp/soshiki/3/1347.html,高知県,四万十市,GTFS-Shimantocity_Bus,shimantocity/GTFS-Shimantocity_Bus,9000020392103_1,1,1,4,18,149,4,3,12.452,3.913,9.275,2.462,202.605,54.194,True
e9bc01fa9507f99d,四万十町|town.shimanto.lg.jp,四万十町,https://www.town.shimanto.lg.jp/life/detail.php?hdnKey=1707,高知県,四万十町,GTFS-Shimantotown_Bus,shimantotown/GTFS-Shimantotown_Bus,2000020394122,1,1,25,184,485,5,3,36.669,0.0,22.792,0.0,538.144,0.0,True
22bdeb765eb9b2b3,宿毛市|city.sukumo.kochi.jp,宿毛市,https://www.city.sukumo.kochi.jp/01/10/,高知県,宿毛市,GTFS-Sukumocity_Hanabus|GTFS-Sukumocity_Yururinbus,sukumocity/GTFS-Sukumocity_Hanabus|sukumocity/GTFS-Sukumocity_Yururinbus,5000020392081_1|5000020392081_2,2,2,7,49,65,8,3,24.439,1.286,19.151,0.702,263.867,7.223,True
873566ceb024ef81,田野町|tanocho.jp,田野町,https://tanocho.jp/living/traffic_bus,高知県,田野町,GTFS-Tanotown_Bus,tanotown/GTFS-Tanotown_Bus,7000020393037,1,1,2,18,37,2,3,7.177,0.0,3.24,0.0,34.619,0.0,True
681d012c88b18908,土佐市|city.tosa.lg.jp,土佐市,https://www.city.tosa.lg.jp/life/detail.php?hdnKey=5707,高知県,土佐市,GTFS-Tosacity_Bus,tosacity/GTFS-Tosacity_Bus,5000020392057,1,1,3,106,176,4,3,31.155,23.558,28.527,23.64,679.634,561.06,True
109a5e6e3855370d,とさでん交通|tosaden.co.jp,とさでん交通株式会社,https://www.tosaden.co.jp/,高知県,とさでん交通株式会社,GTFS-Tosadentraffic_Airportbus|GTFS-Tosadentraffic_Regularbus,tosaden-kotsu/GTFS-Tosadentraffic_Airportbus|tosaden-kotsu/GTFS-Tosadentraffic_Regularbus,9490001007796_2|9490001007796_3,2,2,25,778,944,3,3,426.455,366.0,335.286,282.0,5800.014,5029.849,True
fab44ef0e6707072,土佐清水市|city.tosashimizu.kochi.jp,土佐清水市,https://www.city.tosashimizu.kochi.jp/kurashi/section/kikaku/12668.html,高知県,土佐清水市,GTFS-Tosashimizucity_Bus,tosashimizucity/GTFS-Tosashimizucity_Bus,4000020392090,1,1,3,16,36,1,3,14.897,7.846,12.616,6.645,269.695,142.051,True
2720cde1c5094341,安田町|town.yasuda.kochi.jp,安田町,https://www.town.yasuda.kochi.jp/life/dtl.php?hdnKey=1576,高知県,安田町,GTFS-Yasudatown_Bus,yasudatown/GTFS-Yasudatown_Bus,7000020393045,1,1,2,16,44,2,3,3.177,0.0,1.934,0.0,21.717,0.0,True
aaf96b1f46338026,甘木観光バス|amagikankobus.jp,甘木観光バス,https://amagikankobus.jp/,福岡県,株式会社甘木観光バス,AmagiKankoBus,amagikankobus/AmagiKankoBus,6290001043914,1,1,2,138,68,6,3,70.046,53.0,29.343,21.919,697.382,529.466,True
45cefe0fd8758009,芦屋タウンバス|town.ashiya.lg.jp,芦屋タウンバス,https://www.town.ashiya.lg.jp/soshiki/7/1245.html,福岡県,芦屋町,AshiyaTownBus,ashiyatown/AshiyaTownBus,4000020403814,1,1,8,116,60,2,3,65.494,49.0,24.346,17.367,481.665,356.671,True
7866e489d4c14e8e,豊前市|city.buzen.lg.jp,豊前市,https://www.city.buzen.lg.jp/bus.html,福岡県,豊前市,BuzenCityBus,buzencity/BuzenCityBus,1000020402141,1,1,4,109,128,8,3,59.697,36.779,35.378,22.018,926.402,578.058,True
7ae15c12ab48af37,筑後市|city.chikugo.lg.jp,筑後市,https://www.city.chikugo.lg.jp/shimin/_2299/_24191/_30518.html,福岡県,筑後市,HainuzukaStationAreaLoopBus,chikugocity/HainuzukaStationAreaLoopBus,1000020402117,1,1,2,30,47,2,3,15.854,14.981,11.891,11.236,147.367,139.246,True
1723c1b3b38066fd,築上町|town.chikujo.fukuoka.jp,築上町,https://www.town.chikujo.fukuoka.jp/s007/010/090/010/100/070/cbus-top.html,福岡県,築上町,ChikujoTownCommunityBus,chikujotown/ChikujoTownCommunityBus,9000020406473,1,1,4,31,75,1,3,28.862,15.202,16.309,8.59,413.374,217.728,True
debe99c70a4444b3,太宰府市|city.dazaifu.lg.jp,太宰府市,https://www.city.dazaifu.lg.jp/site/communitybus/list107-302.html,福岡県,太宰府市,DazaifuCityCommunityBus,dazaifucity/DazaifuCityCommunityBus,3000020402214,1,1,3,21,46,2,3,9.56,0.0,4.057,0.0,26.553,0.0,True
f37a9df203952b31,川崎町|town-kawasaki.com,川崎町,https://www.town-kawasaki.com/kurashi/joho/167,福岡県,川崎町,KawasakiTownFureaiBus,fukuoka-kawasakitown/KawasakiTownFureaiBus,3000020406058,1,1,5,37,106,2,3,35.529,10.718,22.368,6.593,325.342,93.504,True
3e9de2a66669e4e0,古賀市公共施設等連絡バスコガバス|city.koga.fukuoka.jp,古賀市公共施設等連絡バス コガバス,https://www.city.koga.fukuoka.jp/cityhall/work/kikaku/012.php,福岡県,古賀市,KogaBus,fukuoka-kogacity/KogaBus,2000020402231,1,1,2,36,26,1,3,33.358,0.0,10.888,0.0,155.268,0.0,True
11fa9fd79fd208aa,姪浜タクシー|meinohama.co.jp,株式会社姪浜タクシー,https://www.meinohama.co.jp/,福岡県,福岡市,ImajukuMeinohamaLine,fukuokacity/ImajukuMeinohamaLine,3290001000604,1,1,1,34,38,2,3,17.847,16.0,9.516,8.7,149.12,143.358,True
3bd4c867ae52be24,福津市|city.fukutsu.lg.jp,福津市,https://www.city.fukutsu.lg.jp/kurashi/kotsu/minibus.html,福岡県,福津市,minibus,fukutsucity/minibus,1000020402249,1,1,6,44,241,1,3,40.797,21.577,38.232,20.22,691.788,365.877,True
872d6c6323482ad6,久山町|town.hisayama.fukuoka.jp,久山町,https://www.town.hisayama.fukuoka.jp/gyosei/kurashi/doro_kotsu/ikobass_1/,福岡県,久山町,HisayamaIkoBus,hisayamatown/HisayamaIkoBus,5000020403482,1,1,2,194,87,3,3,82.716,53.704,43.418,27.279,698.389,454.616,True
993f5e87c42616f3,嘉麻市|city.kama.lg.jp,嘉麻市,https://www.city.kama.lg.jp/soshiki/41/28501.html,福岡県,嘉麻市,KamaCityBus,kamacity/KamaCityBus,1000020402273,1,1,16,195,257,5,3,104.08,77.221,68.97,51.029,1413.045,1064.802,True
5bc658eded155bd7,苅田町コミュニティバス|town.kanda.lg.jp,苅田町コミュニティバス,https://www.town.kanda.lg.jp/page/1395.html,福岡県,苅田町,KandaTownCommunityBus,kandatown/KandaTownCommunityBus,8000020406210,1,1,4,35,150,3,3,32.992,19.125,27.6,17.474,412.185,258.915,True
85d539f6c83212e6,春日市|city.kasuga.fukuoka.jp,春日市,https://www.city.kasuga.fukuoka.jp/kurashi/douro/yayoi/1001364/index.html,福岡県,春日市,yayoi_kasuga,kasugacity/yayoi_kasuga,8000020402184,1,1,7,84,271,1,3,84.0,84.0,62.05,62.05,673.993,673.993,True
b181cb351fbf22d4,恒見・喜多久地区おでかけ交通|city.kitakyushu.lg.jp,恒見・喜多久地区おでかけ交通,https://www.city.kitakyushu.lg.jp/contents/08000010.html,福岡県,北九州市,tsunemi-kitaku,kitakyushucity/tsunemi-kitaku,7290801002663,1,1,1,30,22,2,3,14.897,6.865,5.788,1.602,154.476,44.744,True
9a2ee1297c6d7178,大蔵地区おでかけ交通|city.kitakyushu.lg.jp,大蔵地区おでかけ交通,https://www.city.kitakyushu.lg.jp/contents/08000008.html,福岡県,北九州市,okura,kitakyushucity/okura,1290801009326,1,1,3,18,25,1,3,16.828,0.0,5.438,0.0,60.888,0.0,True
e68117862fb6a38b,合馬・道原地区おでかけ交通|city.kitakyushu.lg.jp,合馬・道原地区おでかけ交通,https://www.city.kitakyushu.lg.jp/contents/924_00470.html,福岡県,北九州市,oma-dobaru,kitakyushucity/oma-dobaru,62908020053601,1,1,2,15,44,1,3,14.023,0.0,3.319,0.0,72.078,0.0,True
686b98b9cf5154d5,木屋瀬・楠橋・星ヶ丘地区おでかけ交通|city.kitakyushu.lg.jp,木屋瀬・楠橋・星ヶ丘地区おでかけ交通,https://www.city.kitakyushu.lg.jp/contents/924_00467.html,福岡県,北九州市,koyanose-kusubashi-hoshigaoka,kitakyushucity/koyanose-kusubashi-hoshigaoka,6290001032702,1,1,1,9,42,1,3,8.396,0.0,6.266,0.0,107.74,0.0,True
e826c77920aa010b,東谷地区おでかけ交通|city.kitakyushu.lg.jp,東谷地区おでかけ交通,https://www.city.kitakyushu.lg.jp/contents/924_00464.html,福岡県,北九州市,higashitani,kitakyushucity/higashitani,1290801000755,1,1,1,11,38,1,3,10.157,5.394,6.879,3.653,117.635,62.474,True
614c6533abef7e26,枝光地区おでかけ交通|city.kitakyushu.lg.jp,枝光地区おでかけ交通,https://www.city.kitakyushu.lg.jp/contents/924_00463.html,福岡県,北九州市,edamitsu,kitakyushucity/edamitsu,7290801002663,1,1,5,96,63,3,3,51.812,26.706,14.449,7.447,176.743,91.079,True
bc1d79790bbac2e9,平尾台地区おでかけ交通|city.kitakyushu.lg.jp,平尾台地区おでかけ交通,https://www.city.kitakyushu.lg.jp/contents/924_00473.html,福岡県,北九州市,hiraodai,kitakyushucity/hiraodai,62908020053602,1,1,1,8,16,1,3,0.416,5.704,0.173,2.377,3.04,41.651,True
a621426035032b30,田代・河内地区おでかけ交通|city.kitakyushu.lg.jp,田代・河内地区おでかけ交通,https://www.city.kitakyushu.lg.jp/contents/08000009.html,福岡県,北九州市,tashiro-kawachi,kitakyushucity/tashiro-kawachi,5290801003473,1,1,1,21,11,4,3,13.349,4.0,4.672,1.4,94.724,28.372,True
fd118108249898bb,鞍手町|town.kurate.lg.jp,鞍手町,https://www.town.kurate.lg.jp/koutuu/smilebus/syousai-20260401.html,福岡県,鞍手町,KurateTownSmileBusMiyawakaLine,kuratetown/KurateTownSmileBusMiyawakaLine,2000020404021,1,1,1,24,58,2,3,15.418,7.846,12.848,6.538,206.945,105.316,True
ee348a96c795a247,みやま市|city.miyama.lg.jp,みやま市,https://www.city.miyama.lg.jp/s006/kurashi/140/030/20200108075000.html,福岡県,みやま市,MiyamaCityCommunityBus,miyamacity/MiyamaCityCommunityBus,9000020402290,1,1,2,16,76,1,3,15.548,7.714,18.026,8.944,288.105,142.949,True
827cd9cf33a71f69,宮若市|city.miyawaka.lg.jp,宮若市,https://www.city.miyawaka.lg.jp/kiji003444183/,福岡県,宮若市,MiyawakaMunakataLine,miyawakacity/MiyawakaMunakataLine,1000020402265,1,1,1,6,52,1,3,5.511,0.0,2.281,0.0,43.758,0.0,True
a168f9d5f48716db,水巻町|town.mizumaki.lg.jp,水巻町,https://www.town.mizumaki.lg.jp/,福岡県,水巻町,MizumakiTownBus,mizumakitown/MizumakiTownBus,4000020403822,1,1,4,40,114,3,3,28.851,22.356,23.475,17.117,283.842,212.337,True
aa74bb1dc8423fa2,宗像市|city.munakata.lg.jp,宗像市,https://www.city.munakata.lg.jp/w059/010/010/020/060/030/bus.html,福岡県,宗像市,MunakataCityCommunityBus|MunakataCityFureaiBus,munakatacity/MunakataCityCommunityBus|munakatacity/MunakataCityFureaiBus,3000020402206,2,2,20,157,431,10,3,108.768,76.51,94.57,69.326,1551.281,1134.108,True
8e1f5e6fca2c9efd,宮若市・宗像市|city.munakata.lg.jp,宮若市・宗像市,https://www.city.munakata.lg.jp/kiji0037771/,福岡県,宗像市,MiyawakaMunakataLine,munakatacity/MiyawakaMunakataLine,3000020402206,1,1,1,18,34,2,3,9.847,8.0,6.072,4.933,145.502,118.213,True
69bc77d46412dc19,直方市コミュニティバス|city.nogata.fukuoka.jp,直方市コミュニティバス,https://www.city.nogata.fukuoka.jp/sangyo/_1230/_8168.html,福岡県,直方市,NogataCityCommunityBus,nogatacity/NogataCityCommunityBus,8000020402044,1,1,7,87,141,1,3,86.333,42.663,45.399,22.435,658.435,325.38,True
e658098be783030c,遠賀町コミュニティバス|town.onga.lg.jp,遠賀町コミュニティバス,https://www.town.onga.lg.jp/soshiki/12/1382.html,福岡県,遠賀町,OngaTownCommunityBus,ongatown/OngaTownCommunityBus,2000020403849,1,1,12,41,80,2,3,40.201,32.7,21.37,18.53,345.839,289.453,True
17e3c7809d6f3908,新宮町コミュニティバスマリンクス|town.shingu.fukuoka.jp,新宮町コミュニティバスマリンクス,https://www.town.shingu.fukuoka.jp/kurashi/doro_kotsuu/2/1/index.html,福岡県,新宮町,ShinguTownCommunityBus,shingutown/ShinguTownCommunityBus,5000020403458,1,1,2,176,90,10,3,58.838,39.495,45.316,33.219,675.861,485.11,True
3ced3ec49a64d543,福岡県添田町(添田町バス)|town.soeda.fukuoka.jp,福岡県添田町（添田町バス）,https://www.town.soeda.fukuoka.jp/bus/,福岡県,添田町,soedamachibus,soedatown/soedamachibus,5000020406023,1,1,3,56,70,9,3,32.322,13.885,17.513,8.121,302.963,147.042,True
6fdb09f180072eb2,須恵町|town.sue.fukuoka.jp,須恵町,https://www.town.sue.fukuoka.jp/kurashi_tetsuzuki/kokyokotu/,福岡県,須恵町,SueTownCommunityBus,suetown/SueTownCommunityBus,6000020403440,1,1,8,122,107,4,3,74.663,71.596,31.551,30.486,405.588,390.712,True
6d25a4fda1c2584e,田川市コミュニティバス|joho.tagawa.fukuoka.jp,田川市コミュニティバス,https://www.joho.tagawa.fukuoka.jp/kiji0032272/,福岡県,田川市,TagawaCityCommunityBus,tagawacity/TagawaCityCommunityBus,7000020402061,1,1,7,78,197,2,3,66.718,0.699,46.116,0.827,677.69,9.709,True
47da422c9d0bbcef,太陽交通|taiyo-koutu.co.jp,太陽交通株式会社,http://www.taiyo-koutu.co.jp/bus/,福岡県,太陽交通株式会社,taiyo-koutu,taiyo-koutu/taiyo-koutu,6290801015261,1,1,9,172,320,3,3,96.613,64.731,41.794,28.786,937.738,626.924,True
129367897449dd64,柳川市|city.yanagawa.fukuoka.jp,柳川市,https://www.city.yanagawa.fukuoka.jp/kurashi/kotsu/communitybus/,福岡県,柳川市,YanagawaCityCommunityBus,yanagawacity/YanagawaCityCommunityBus,6000020402079,1,1,10,43,174,3,3,28.921,14.128,34.426,17.563,442.033,229.772,True
19a04eb209d455e5,伊万里市|city.imari.saga.jp,伊万里市,https://www.city.imari.saga.jp/2720.htm,佐賀県,伊万里市,imarinbus,imaricity/imarinbus,1000020412058_1,1,1,6,32,148,6,3,15.257,11.962,13.335,9.542,191.07,138.336,True
35e99b31d3eaab05,平戸市|city.hirado.nagasaki.jp,平戸市,https://www.city.hirado.nagasaki.jp/kurashi/life/sumai/koutu/bus/bus01.html,長崎県,平戸市,fureaibus,hiradocity/fureaibus,4000020422070_1,1,1,8,58,104,8,3,23.803,7.583,11.508,3.832,274.483,99.772,True
eb3cb99dadebbb16,熊本バス|kuma-bus.co.jp,熊本バス,http://www.kuma-bus.co.jp/,熊本県,熊本バス,kuma-bus,kuma-bus/kuma-bus,9330001001600,1,1,129,2503,541,9,3,329.178,227.889,271.287,173.523,4696.388,3100.425,True
f9c4176b4dfac6be,熊本都市バス|kumamoto-toshibus.co.jp,熊本都市バス,https://www.kumamoto-toshibus.co.jp/,熊本県,熊本都市バス,kumamoto-toshibus,kumamoto-toshibus/kumamoto-toshibus,3330001008122,1,1,184,2495,635,9,3,1052.517,708.533,703.807,439.045,8294.369,5519.79,True
0838bcbc216392a8,熊本電鉄バス|kumamotodentetsu.co.jp,熊本電鉄バス,http://www.kumamotodentetsu.co.jp/bus/select/,熊本県,熊本電鉄,kumamotodentetsu-bus,kumamotodentetsu/kumamotodentetsu-bus,1330001001517,1,1,150,1634,568,4,3,467.852,332.5,399.192,293.75,6264.231,4834.543,True
f081c0b7664a316a,九州産交バス|sankobus.jp,九州産交バス,https://www.sankobus.jp/,熊本県,産交バス,sankobus,sankobus/sankobus,9330001006723,1,1,987,28204,4649,240,3,2270.98,1787.439,2172.914,1756.513,47289.303,40410.015,True
e5a13ec8ddb4886b,玖珠町|town.kusu.oita.jp,玖珠町,https://www.town.kusu.oita.jp/soshiki/miraisouseika/2/2/1/index.html,大分県,玖珠町,kusucommunity-bus,kusutown/kusucommunity-bus,5000020444626,1,1,13,32,196,9,3,15.99,7.897,11.02,4.607,217.196,82.905,True
0dd77c8bb972416a,中津市|city-nakatsu.jp,中津市,https://www.city-nakatsu.jp/doc/2012042300039/,大分県,中津市,BuzenNakatsu|Higashitani|HiyamajiKamagi|Kawaraguchi|Kii|Miho|Nishimakusa|Nishitani|OshimaIfuku|OshimadaiKanayoshi|ShinyabaHigashi|ShinyabaNishi|Tsutami|UenokawauchiMasaki|UraYabakei|Yakata|YamautsuriKita|YamautsuriMinami,nakatsucity/BuzenNakatsu|nakatsucity/Higashitani|nakatsucity/HiyamajiKamagi|nakatsucity/Kawaraguchi|nakatsucity/Kii|nakatsucity/Miho|nakatsucity/Nishimakusa|nakatsucity/Nishitani|nakatsucity/OshimaIfuku|nakatsucity/OshimadaiKanayoshi|nakatsucity/ShinyabaHigashi|nakatsucity/ShinyabaNishi|nakatsucity/Tsutami|nakatsucity/UenokawauchiMasaki|nakatsucity/UraYabakei|nakatsucity/Yakata|nakatsucity/YamautsuriKita|nakatsucity/YamautsuriMinami,2000020442038,18,18,21,154,731,49,3,33.318,2.942,24.266,2.697,504.736,64.44,True
94d2d47c4c53d36e,かごしま市コミュニティバス「あいばす」|city.kagoshima.lg.jp,かごしま市コミュニティバス「あいばす」,http://www.city.kagoshima.lg.jp/kikakuzaisei/kikaku/kotuseisaku/machizukuri/igai/kokyo/aibus/aibus.html,鹿児島県,鹿児島市,aibus,kagoshimacity/aibus,1000020462012_4,1,1,87,175,1076,3,3,72.664,34.667,59.206,29.883,1058.566,540.012,True
c15780f74117aaec,八重瀬町役場|nantoku.org,八重瀬町役場,https://www.nantoku.org/access/bus/,沖縄県,八重瀬町,yaese-town-bus,yaesetown/yaese-town-bus,4000020473626,1,1,4,14,108,2,3,8.351,2.438,6.681,1.902,141.936,40.559,True
0ee1b995e9ffc05e,やんばる急行バス|yanbaru-expressbus.com,合同会社やんばる急行バス,http://yanbaru-expressbus.com/,沖縄県,合同会社やんばる急行バス,yanbaru-express-bus,yanbaru-expressbus/yanbaru-express-bus,1360003007856,1,1,3,45,89,2,3,44.541,38.0,72.549,69.217,2224.529,2138.853,True
