organization_id,feed_id,version_selector,url,path,sha256,metadata_http_status,content_disposition,retrieved_utc,error
kamishihorotown,kamishihoro,prev_1,https://api.gtfs-data.jp/v2/organizations/kamishihorotown/feeds/kamishihoro/files/feed.zip?rid=prev_1,data/raw/gtfs/history/kamishihorotown__kamishihoro__prev_1.zip,b6fa958ef21087d8ca2803683772f4c242cddc61081b50550baa89b206325472,206,attachment; filename=feed_kamishihorotown_kamishihoro_20251120_20251113174332.zip,2026-09-29T01:34:02.120049+00:00,
gan-wu,shiokazeline,prev_1,https://api.gtfs-data.jp/v2/organizations/gan-wu/feeds/shiokazeline/files/feed.zip?rid=prev_1,data/raw/gtfs/history/gan-wu__shiokazeline__prev_1.zip,6713dba7134feebc83a33bb20af08dacde6a0131bc10db611812fc5d14ec8dc3,206,attachment; filename=feed_gan-wu_shiokazeline_20241001_20240926211637.zip,2026-09-29T01:34:01.995016+00:00,
nemurokotsu,nemurobus,prev_1,https://api.gtfs-data.jp/v2/organizations/nemurokotsu/feeds/nemurobus/files/feed.zip?rid=prev_1,data/raw/gtfs/history/nemurokotsu__nemurobus__prev_1.zip,99f7bb1b8e480fc4ccdd2ca798f8619453455728a98337b33198b589c1f85972,206,attachment; filename=feed_nemurokotsu_nemurobus_20251224_20251224143629.zip,2026-09-29T01:34:02.029433+00:00,
nemurokotsu,nemurobus,prev_2,https://api.gtfs-data.jp/v2/organizations/nemurokotsu/feeds/nemurobus/files/feed.zip?rid=prev_2,data/raw/gtfs/history/nemurokotsu__nemurobus__prev_2.zip,92bca0c8496003da59a8d5f721314274832fefda597fa56e596a41b27e22380d,206,attachment; filename=feed_nemurokotsu_nemurobus_20250807_20250807113623.zip,2026-09-29T01:34:02.045405+00:00,
nemurokotsu,nemurobus,prev_3,https://api.gtfs-data.jp/v2/organizations/nemurokotsu/feeds/nemurobus/files/feed.zip?rid=prev_3,data/raw/gtfs/history/nemurokotsu__nemurobus__prev_3.zip,77bcaedf26eb31403d59816bbaa1674eb5462c8be3d8e7f8af824be0e5853685,206,attachment; filename=feed_nemurokotsu_nemurobus_20250806_20250806164700.zip,2026-09-29T01:34:02.185011+00:00,
nemurokotsu,nemurobus,prev_4,https://api.gtfs-data.jp/v2/organizations/nemurokotsu/feeds/nemurobus/files/feed.zip?rid=prev_4,data/raw/gtfs/history/nemurokotsu__nemurobus__prev_4.zip,a1069f3cf540499b46d8a195f50d8d6cdc6d8b3bbf5f7ed56b312da72dbf158d,206,attachment; filename=feed_nemurokotsu_nemurobus_20250401_20250512163642.zip,2026-09-29T01:34:02.046390+00:00,
nemurokotsu,nemurobus,prev_5,https://api.gtfs-data.jp/v2/organizations/nemurokotsu/feeds/nemurobus/files/feed.zip?rid=prev_5,data/raw/gtfs/history/nemurokotsu__nemurobus__prev_5.zip,5e4dfab3709eb4f393e31fa6b20f0b08bae41723afeb63ff3ad1d37eda8e800b,206,attachment; filename=feed_nemurokotsu_nemurobus_20241001_20240905140819.zip,2026-09-29T01:34:01.883615+00:00,
nemurokotsu,nemurobus,prev_6,https://api.gtfs-data.jp/v2/organizations/nemurokotsu/feeds/nemurobus/files/feed.zip?rid=prev_6,data/raw/gtfs/history/nemurokotsu__nemurobus__prev_6.zip,200a414c276ba496f6f97e58118b22829ddbf0e163b3ea23dc94f2c63b802eca,206,attachment; filename=feed_nemurokotsu_nemurobus_20231001_20230916095438.zip,2026-09-29T01:34:02.043846+00:00,
fukauratown,fukaura-town-communitybus,prev_1,https://api.gtfs-data.jp/v2/organizations/fukauratown/feeds/fukaura-town-communitybus/files/feed.zip?rid=prev_1,data/raw/gtfs/history/fukauratown__fukaura-town-communitybus__prev_1.zip,80a51f05ca12f3fd7798f1fc7febb18e412e01bfb83b7e21a6292512a2a3abbd,206,attachment; filename=feed_fukauratown_fukaura-town-communitybus_20251224_20260318134054.zip,2026-09-29T01:34:19.237208+00:00,
hachinohe,hachinohe-citybus,prev_1,https://api.gtfs-data.jp/v2/organizations/hachinohe/feeds/hachinohe-citybus/files/feed.zip?rid=prev_1,data/raw/gtfs/history/hachinohe__hachinohe-citybus__prev_1.zip,78cfce42d928481d91b0516b380845679f8224bbe8f9f71bb2255a8f43a4b434,206,attachment; filename=feed_hachinohe_hachinohe-citybus_20260105_20260326225954.zip,2026-09-29T01:34:19.395480+00:00,
hashikamitown,hashikamibus,prev_1,https://api.gtfs-data.jp/v2/organizations/hashikamitown/feeds/hashikamibus/files/feed.zip?rid=prev_1,data/raw/gtfs/history/hashikamitown__hashikamibus__prev_1.zip,c5c0a3ceb36bc1db0fef8d34f5a7d15d40b9a817f0dc22ee5b21b03704ad9451,206,attachment; filename=feed_hashikamitown_hashikamibus_20250401_20250625135616.zip,2026-09-29T01:34:19.259923+00:00,
hashikamitown,hashikamibus,prev_2,https://api.gtfs-data.jp/v2/organizations/hashikamitown/feeds/hashikamibus/files/feed.zip?rid=prev_2,data/raw/gtfs/history/hashikamitown__hashikamibus__prev_2.zip,35187da8833203386cb2cb965aa2e1761e595c5a331030e693aa46805a1288ce,206,attachment; filename=feed_hashikamitown_hashikamibus_20240401_20240422132323.zip,2026-09-29T01:34:19.434099+00:00,
hachinohecity,hachinohe-nango,prev_1,https://api.gtfs-data.jp/v2/organizations/hachinohecity/feeds/hachinohe-nango/files/feed.zip?rid=prev_1,data/raw/gtfs/history/hachinohecity__hachinohe-nango__prev_1.zip,7d2191df2338169c3674a538fdac7c9ea5b00390fec8eb0638fab4201880f61b,206,attachment; filename=feed_hachinohecity_hachinohe-nango_20251127_20260318100513.zip,2026-09-29T01:34:19.079346+00:00,
hiranaitown,hiranaitownbus,prev_1,https://api.gtfs-data.jp/v2/organizations/hiranaitown/feeds/hiranaitownbus/files/feed.zip?rid=prev_1,data/raw/gtfs/history/hiranaitown__hiranaitownbus__prev_1.zip,95021478adad0f0c1977e635a6b538accf88c0df9cc8e4c0ba93d3a3c5e1160d,206,attachment; filename=feed_hiranaitown_hiranaitownbus_20251218_20260323111834.zip,2026-09-29T01:34:19.103371+00:00,
hirosakicity,hokusei-noriai,prev_1,https://api.gtfs-data.jp/v2/organizations/hirosakicity/feeds/hokusei-noriai/files/feed.zip?rid=prev_1,data/raw/gtfs/history/hirosakicity__hokusei-noriai__prev_1.zip,f49fbb04bb7bd509d63b8577fda93c1a2ade23bfc01e8e476b9a3fbe573da327,206,attachment; filename=feed_hirosakicity_hokusei-noriai_20250616_20260123182945.zip,2026-09-29T01:34:19.356142+00:00,
kuroishicity,kuroishi,prev_1,https://api.gtfs-data.jp/v2/organizations/kuroishicity/feeds/kuroishi/files/feed.zip?rid=prev_1,data/raw/gtfs/history/kuroishicity__kuroishi__prev_1.zip,279015f7e8eb7be764572e92b2843d128ef931d0c51e3b186272751a7a244159,206,attachment; filename=feed_kuroishicity_kuroishi_20251029_20260318102345.zip,2026-09-29T01:34:19.046512+00:00,
jr-east-morioka,JR-east_tsugaruline,prev_1,https://api.gtfs-data.jp/v2/organizations/jr-east-morioka/feeds/JR-east_tsugaruline/files/feed.zip?rid=prev_1,data/raw/gtfs/history/jr-east-morioka__JR-east_tsugaruline__prev_1.zip,7cff18f0448a528f937618658657f89eaccf0c7b0c8ceac7d717f01b7adfc201,206,attachment; filename=feed_jr-east-morioka_JR-east_tsugaruline_20260314_20260310112750.zip,2026-09-29T01:34:37.445393+00:00,
jr-east-morioka,JR-east_tsugaruline,prev_2,https://api.gtfs-data.jp/v2/organizations/jr-east-morioka/feeds/JR-east_tsugaruline/files/feed.zip?rid=prev_2,data/raw/gtfs/history/jr-east-morioka__JR-east_tsugaruline__prev_2.zip,5a3b15f84f2c64f47644a9cb27ccd924a618d7a9a173df1af40c466751f56919,206,attachment; filename=feed_jr-east-morioka_JR-east_tsugaruline_20251215_20251205140720.zip,2026-09-29T01:34:37.790021+00:00,
jr-east-morioka,JR-east_tsugaruline,prev_3,https://api.gtfs-data.jp/v2/organizations/jr-east-morioka/feeds/JR-east_tsugaruline/files/feed.zip?rid=prev_3,data/raw/gtfs/history/jr-east-morioka__JR-east_tsugaruline__prev_3.zip,d4389dbcb5437ac54cbddb9a74f2d2163259c226e0dc7fcf56a71a7bd1c28ff0,206,attachment; filename=feed_jr-east-morioka_JR-east_tsugaruline_20250401_20250227134718.zip,2026-09-29T01:34:37.605296+00:00,
jr-east-morioka,JR-east_tsugaruline,prev_4,https://api.gtfs-data.jp/v2/organizations/jr-east-morioka/feeds/JR-east_tsugaruline/files/feed.zip?rid=prev_4,data/raw/gtfs/history/jr-east-morioka__JR-east_tsugaruline__prev_4.zip,c8bf70a148361abaa543a586934d237cce1393d27590a086d038af3267f672f7,206,attachment; filename=feed_jr-east-morioka_JR-east_tsugaruline_20250315_20250227134455.zip,2026-09-29T01:34:37.770748+00:00,
jr-east-morioka,JR-east_tsugaruline,prev_5,https://api.gtfs-data.jp/v2/organizations/jr-east-morioka/feeds/JR-east_tsugaruline/files/feed.zip?rid=prev_5,data/raw/gtfs/history/jr-east-morioka__JR-east_tsugaruline__prev_5.zip,cadd8e8216257813de6f7ab69c3e4f50414ad9fe4b3cc2af1a7b0027c0c7f89d,206,attachment; filename=feed_jr-east-morioka_JR-east_tsugaruline_20241216_20241204111451.zip,2026-09-29T01:34:37.465537+00:00,
jr-east-morioka,JR-east_tsugaruline,prev_6,https://api.gtfs-data.jp/v2/organizations/jr-east-morioka/feeds/JR-east_tsugaruline/files/feed.zip?rid=prev_6,data/raw/gtfs/history/jr-east-morioka__JR-east_tsugaruline__prev_6.zip,22ea5495b579db3825ba80b1cc42071b23b9ba6748cb2e80824306d27919cd92,206,attachment; filename=feed_jr-east-morioka_JR-east_tsugaruline_20240401_20240501140202.zip,2026-09-29T01:34:37.750464+00:00,
misawacity,misawacity-mebus,prev_1,https://api.gtfs-data.jp/v2/organizations/misawacity/feeds/misawacity-mebus/files/feed.zip?rid=prev_1,data/raw/gtfs/history/misawacity__misawacity-mebus__prev_1.zip,da1cf87419874a740d167485da5d89773be2051fa624f5ff74f1ba0ab5717d87,206,attachment; filename=feed_misawacity_misawacity-mebus_20260114_20260318105403.zip,2026-09-29T01:34:37.659927+00:00,
shichinohetown,shichinohe_community-bus,prev_1,https://api.gtfs-data.jp/v2/organizations/shichinohetown/feeds/shichinohe_community-bus/files/feed.zip?rid=prev_1,data/raw/gtfs/history/shichinohetown__shichinohe_community-bus__prev_1.zip,f3638853c22a6d47b1ce7573bfc78ddf0afa61ebf6163cbf8ab1c0d2e789766b,206,attachment; filename=feed_shichinohetown_shichinohe_community-bus_20260401_20260515151737.zip,2026-09-29T01:34:37.747469+00:00,
tohokutown,tohoku-town-bus,prev_1,https://api.gtfs-data.jp/v2/organizations/tohokutown/feeds/tohoku-town-bus/files/feed.zip?rid=prev_1,data/raw/gtfs/history/tohokutown__tohoku-town-bus__prev_1.zip,ce982c5c8263715df82a04565631cc566acf49394fc5a946574f5ade9605ae2f,206,attachment; filename=feed_tohokutown_tohoku-town-bus_20260317_20260318104912.zip,2026-09-29T01:34:53.693002+00:00,
tohokutown,tohoku-town-bus,prev_2,https://api.gtfs-data.jp/v2/organizations/tohokutown/feeds/tohoku-town-bus/files/feed.zip?rid=prev_2,data/raw/gtfs/history/tohokutown__tohoku-town-bus__prev_2.zip,087e683dc140b84a1654d7b0bdcbd1c20757d557f1e8acfdb6bdf21594b7665f,206,attachment; filename=feed_tohokutown_tohoku-town-bus_20260309_20260306171249.zip,2026-09-29T01:34:53.545504+00:00,
tohokutown,tohoku-town-bus,prev_3,https://api.gtfs-data.jp/v2/organizations/tohokutown/feeds/tohoku-town-bus/files/feed.zip?rid=prev_3,data/raw/gtfs/history/tohokutown__tohoku-town-bus__prev_3.zip,b7c32580bcc95b8ea152e76a1cbea0321af70bac3da92f8c14157b56a1fcf3c9,206,attachment; filename=feed_tohokutown_tohoku-town-bus_20251224_20260105150007.zip,2026-09-29T01:34:53.708825+00:00,
tohokutown,tohoku-town-bus,prev_4,https://api.gtfs-data.jp/v2/organizations/tohokutown/feeds/tohoku-town-bus/files/feed.zip?rid=prev_4,data/raw/gtfs/history/tohokutown__tohoku-town-bus__prev_4.zip,4938432e42147c1fd0d0191d751aef7fb9fe57832c73a8ff79aaf78e624e4e0e,206,attachment; filename=feed_tohokutown_tohoku-town-bus_20250901_20250829114241.zip,2026-09-29T01:34:53.664790+00:00,
tohokutown,tohoku-town-bus,prev_5,https://api.gtfs-data.jp/v2/organizations/tohokutown/feeds/tohoku-town-bus/files/feed.zip?rid=prev_5,data/raw/gtfs/history/tohokutown__tohoku-town-bus__prev_5.zip,b662823dba837232bade17d89e0d13b771986dd562e04542b171d499e38eff34,206,attachment; filename=feed_tohokutown_tohoku-town-bus_20250603_20250604082142.zip,2026-09-29T01:34:53.386720+00:00,
tohokutown,tohoku-town-bus,prev_6,https://api.gtfs-data.jp/v2/organizations/tohokutown/feeds/tohoku-town-bus/files/feed.zip?rid=prev_6,data/raw/gtfs/history/tohokutown__tohoku-town-bus__prev_6.zip,25db1108b16e650a1a6e945483553e0e5e9cab883c6113e86b4985712b3021ec,206,attachment; filename=feed_tohokutown_tohoku-town-bus_20250428_20250501143839.zip,2026-09-29T01:34:53.545127+00:00,
tohokutown,tohoku-town-bus,prev_7,https://api.gtfs-data.jp/v2/organizations/tohokutown/feeds/tohoku-town-bus/files/feed.zip?rid=prev_7,data/raw/gtfs/history/tohokutown__tohoku-town-bus__prev_7.zip,960b76c815ce72cb10bd43a7bdee3d8ffb6cc9b92aff12fbb5ac4a93b4d29fba,206,attachment; filename=feed_tohokutown_tohoku-town-bus_20240321_20240306103103.zip,2026-09-29T01:34:53.537065+00:00,
tohokutown,tohoku-town-bus,prev_8,https://api.gtfs-data.jp/v2/organizations/tohokutown/feeds/tohoku-town-bus/files/feed.zip?rid=prev_8,data/raw/gtfs/history/tohokutown__tohoku-town-bus__prev_8.zip,15c279d711ca7e5584e47acc689ee8f7d2343b34723cdbbd7732b7ba981a65d8,206,attachment; filename=feed_tohokutown_tohoku-town-bus_20231121_20231121153601.zip,2026-09-29T01:34:53.565571+00:00,
ichinosekicity,Ichinosekibus,prev_1,https://api.gtfs-data.jp/v2/organizations/ichinosekicity/feeds/Ichinosekibus/files/feed.zip?rid=prev_1,data/raw/gtfs/history/ichinosekicity__Ichinosekibus__prev_1.zip,90b1a6d02f54b36b5992e6bfa074fc54648537d64b5a1aa30fbd31044d6fc6f4,206,attachment; filename=feed_ichinosekicity_Ichinosekibus_20250401_20250328114402.zip,2026-09-29T01:35:10.050404+00:00,
ichinosekicity,Ichinosekibus,prev_2,https://api.gtfs-data.jp/v2/organizations/ichinosekicity/feeds/Ichinosekibus/files/feed.zip?rid=prev_2,data/raw/gtfs/history/ichinosekicity__Ichinosekibus__prev_2.zip,e5f9f2da3dce3b64e69c00144078b28c274e96a22f1f87ca09c9d8e616b12b59,206,attachment; filename=feed_ichinosekicity_Ichinosekibus_20240401_20240515105100.zip,2026-09-29T01:35:10.249370+00:00,
ichinosekicity,Ichinosekibus,prev_3,https://api.gtfs-data.jp/v2/organizations/ichinosekicity/feeds/Ichinosekibus/files/feed.zip?rid=prev_3,data/raw/gtfs/history/ichinosekicity__Ichinosekibus__prev_3.zip,c2b6e8126f385b6e41d1e4c66007f29a9bd74f308f72e64311d6d5bbd4940fd1,206,attachment; filename=feed_ichinosekicity_Ichinosekibus_20240401_20240502111342.zip,2026-09-29T01:35:10.257180+00:00,
ichinosekicity,Ichinosekibus,prev_4,https://api.gtfs-data.jp/v2/organizations/ichinosekicity/feeds/Ichinosekibus/files/feed.zip?rid=prev_4,data/raw/gtfs/history/ichinosekicity__Ichinosekibus__prev_4.zip,4b1d084c810e5f00dfeb377256ca0ac250015ec93c22f741bbe55b5f85077f6d,206,attachment; filename=feed_ichinosekicity_Ichinosekibus_20240401_20240412135303.zip,2026-09-29T01:35:09.945361+00:00,
ichinosekicity,Ichinosekibus,prev_5,https://api.gtfs-data.jp/v2/organizations/ichinosekicity/feeds/Ichinosekibus/files/feed.zip?rid=prev_5,data/raw/gtfs/history/ichinosekicity__Ichinosekibus__prev_5.zip,f9cfa8806245b434c7048529a9a3576cea31dfbf8c243b9af4e4712c4ad35f23,206,attachment; filename=feed_ichinosekicity_Ichinosekibus_20240401_20240404132532.zip,2026-09-29T01:35:10.237465+00:00,
ichinosekicity,Ichinosekibus,prev_6,https://api.gtfs-data.jp/v2/organizations/ichinosekicity/feeds/Ichinosekibus/files/feed.zip?rid=prev_6,data/raw/gtfs/history/ichinosekicity__Ichinosekibus__prev_6.zip,91d7a51f4c57b0613e42b4752f0b44592ba295b5ba4ae11a2eacacf71bd34caa,206,attachment; filename=feed_ichinosekicity_Ichinosekibus_20231001_20230904163448.zip,2026-09-29T01:35:10.387340+00:00,
shichigahamatown,Gururinko,prev_1,https://api.gtfs-data.jp/v2/organizations/shichigahamatown/feeds/Gururinko/files/feed.zip?rid=prev_1,data/raw/gtfs/history/shichigahamatown__Gururinko__prev_1.zip,6abc6d840466d904842b3ea949a4151974a6636314487519cffa7e705a0725c2,206,attachment; filename=feed_shichigahamatown_Gururinko_20260401_20251226093738.zip,2026-09-29T01:35:10.431765+00:00,
shichigahamatown,Gururinko,prev_2,https://api.gtfs-data.jp/v2/organizations/shichigahamatown/feeds/Gururinko/files/feed.zip?rid=prev_2,data/raw/gtfs/history/shichigahamatown__Gururinko__prev_2.zip,de8f1bf151c24f2720064a00a62b39f8055fb8fbd7a02b69b66c7ee37102b728,206,attachment; filename=feed_shichigahamatown_Gururinko_20250225_20250305101808.zip,2026-09-29T01:35:09.913733+00:00,
yomogitavillage,yomogita-communitybus,prev_1,https://api.gtfs-data.jp/v2/organizations/yomogitavillage/feeds/yomogita-communitybus/files/feed.zip?rid=prev_1,data/raw/gtfs/history/yomogitavillage__yomogita-communitybus__prev_1.zip,a724122c264c32036efb40716151250b78bf200341210bcda36b2f55cbb01d8f,206,attachment; filename=feed_yomogitavillage_yomogita-communitybus_20251209_20260326234431.zip,2026-09-29T01:35:26.030193+00:00,
higashinecity,HigashineCity,prev_1,https://api.gtfs-data.jp/v2/organizations/higashinecity/feeds/HigashineCity/files/feed.zip?rid=prev_1,data/raw/gtfs/history/higashinecity__HigashineCity__prev_1.zip,a186453d9f9b5e50cb69720c6f05aa6da729751b4b48e0a4398b18847e7bc025,206,attachment; filename=feed_higashinecity_HigashineCity_20251001_20250918103619.zip,2026-09-29T01:35:26.014097+00:00,
higashinecity,HigashineCity,prev_2,https://api.gtfs-data.jp/v2/organizations/higashinecity/feeds/HigashineCity/files/feed.zip?rid=prev_2,data/raw/gtfs/history/higashinecity__HigashineCity__prev_2.zip,2f71308c227e90bd47189fef60b0ce7b6dca0444e507b167889e066f23bf3ba0,206,attachment; filename=feed_higashinecity_HigashineCity_20250401_20250311102634.zip,2026-09-29T01:35:26.131423+00:00,
higashinecity,HigashineCity,prev_3,https://api.gtfs-data.jp/v2/organizations/higashinecity/feeds/HigashineCity/files/feed.zip?rid=prev_3,data/raw/gtfs/history/higashinecity__HigashineCity__prev_3.zip,3f875f109f52351e2586824ee869c348c12261bcf2ecb6b15d2cca08df16c7a6,206,attachment; filename=feed_higashinecity_HigashineCity_20240401_20240325133900.zip,2026-09-29T01:35:26.257351+00:00,
higashinecity,HigashineCity,prev_4,https://api.gtfs-data.jp/v2/organizations/higashinecity/feeds/HigashineCity/files/feed.zip?rid=prev_4,data/raw/gtfs/history/higashinecity__HigashineCity__prev_4.zip,3d1087a99a3d1b6dac970cf888a35b492c8f7eee480061a79812cb5d743959fb,206,attachment; filename=feed_higashinecity_HigashineCity_20230401_20230217132349.zip,2026-09-29T01:35:26.276003+00:00,
higashinecity,HigashineCity,prev_5,https://api.gtfs-data.jp/v2/organizations/higashinecity/feeds/HigashineCity/files/feed.zip?rid=prev_5,data/raw/gtfs/history/higashinecity__HigashineCity__prev_5.zip,7a4dc483669ce5234a6534bb082d7f2de299ae0b5ea31f904a0f3d89488ae034,206,attachment; filename=feed_higashinecity_HigashineCity_20220401_20221205185437.zip,2026-09-29T01:35:26.177115+00:00,
kahokutown,KahokuTown,prev_1,https://api.gtfs-data.jp/v2/organizations/kahokutown/feeds/KahokuTown/files/feed.zip?rid=prev_1,data/raw/gtfs/history/kahokutown__KahokuTown__prev_1.zip,c6948f6625477293467f67db85ef60b46e805e56084e2febbb642cbbca184677,206,attachment; filename=feed_kahokutown_KahokuTown_20251201_20250925102805.zip,2026-09-29T01:35:26.135853+00:00,
kahokutown,KahokuTown,prev_2,https://api.gtfs-data.jp/v2/organizations/kahokutown/feeds/KahokuTown/files/feed.zip?rid=prev_2,data/raw/gtfs/history/kahokutown__KahokuTown__prev_2.zip,b3cb51de56de939b04c99def80925cda0a48f2a4b3c01736466aaa8d50458832,206,attachment; filename=feed_kahokutown_KahokuTown_20250401_20250219102317.zip,2026-09-29T01:35:26.323918+00:00,
kahokutown,KahokuTown,prev_3,https://api.gtfs-data.jp/v2/organizations/kahokutown/feeds/KahokuTown/files/feed.zip?rid=prev_3,data/raw/gtfs/history/kahokutown__KahokuTown__prev_3.zip,9dc3c8f763e606bb2f1f13a0b259436c19a9773a858f82768956016471910ad7,206,attachment; filename=feed_kahokutown_KahokuTown_20241201_20241015152201.zip,2026-09-29T01:35:42.860567+00:00,
kahokutown,KahokuTown,prev_4,https://api.gtfs-data.jp/v2/organizations/kahokutown/feeds/KahokuTown/files/feed.zip?rid=prev_4,data/raw/gtfs/history/kahokutown__KahokuTown__prev_4.zip,d36f51d1bb7016e867b8414df78ff709136f5c54c1e4a7a9c848ce3291476b8c,206,attachment; filename=feed_kahokutown_KahokuTown_20240401_20240209134853.zip,2026-09-29T01:35:42.723629+00:00,
kahokutown,KahokuTown,prev_5,https://api.gtfs-data.jp/v2/organizations/kahokutown/feeds/KahokuTown/files/feed.zip?rid=prev_5,data/raw/gtfs/history/kahokutown__KahokuTown__prev_5.zip,a5eed2352a72e22b6736d8aefd7c90430b0b86ff1572769be44af53be7f844eb,206,attachment; filename=feed_kahokutown_KahokuTown_20231201_20231016131413.zip,2026-09-29T01:35:42.853239+00:00,
kahokutown,KahokuTown,prev_6,https://api.gtfs-data.jp/v2/organizations/kahokutown/feeds/KahokuTown/files/feed.zip?rid=prev_6,data/raw/gtfs/history/kahokutown__KahokuTown__prev_6.zip,28f0295c464014968f3fd56800bad83677ba72c877286a06ab114fb3af9ab804,206,attachment; filename=feed_kahokutown_KahokuTown_20230401_20230217132816.zip,2026-09-29T01:35:43.058430+00:00,
kahokutown,KahokuTown,prev_7,https://api.gtfs-data.jp/v2/organizations/kahokutown/feeds/KahokuTown/files/feed.zip?rid=prev_7,data/raw/gtfs/history/kahokutown__KahokuTown__prev_7.zip,97716643a76735b592c00bae7b983e1cee21de55223be23bc5a32f829501bc48,206,attachment; filename=feed_kahokutown_KahokuTown_20221201_20221205191112.zip,2026-09-29T01:35:43.002998+00:00,
kahokutown,KahokuTown,prev_8,https://api.gtfs-data.jp/v2/organizations/kahokutown/feeds/KahokuTown/files/feed.zip?rid=prev_8,data/raw/gtfs/history/kahokutown__KahokuTown__prev_8.zip,6818b1bdaab91b990665418744b5cdd1b0415c965ef3dd41f0a32646553069f3,206,attachment; filename=feed_kahokutown_KahokuTown_20220901_20221205191028.zip,2026-09-29T01:35:42.766455+00:00,
kahokutown,KahokuTown,prev_9,https://api.gtfs-data.jp/v2/organizations/kahokutown/feeds/KahokuTown/files/feed.zip?rid=prev_9,data/raw/gtfs/history/kahokutown__KahokuTown__prev_9.zip,00a20f737e2ad8655f2e55a04ab7aeecfffae9f49f7e98f1de0873bba0fe0b81,206,attachment; filename=feed_kahokutown_KahokuTown_20220401_20221205191000.zip,2026-09-29T01:35:42.996653+00:00,
takeyakoutu,takeyakotsu,prev_1,https://api.gtfs-data.jp/v2/organizations/takeyakoutu/feeds/takeyakotsu/files/feed.zip?rid=prev_1,data/raw/gtfs/history/takeyakoutu__takeyakotsu__prev_1.zip,524322eb1f07db01ca84fdc9f74fbe9c7ad0b2dda5006d6c8885b6a91075d21b,206,attachment; filename=feed_takeyakoutu_takeyakotsu_20260721_20260721105800.zip,2026-09-29T01:35:42.756671+00:00,
takeyakoutu,takeyakotsu,prev_2,https://api.gtfs-data.jp/v2/organizations/takeyakoutu/feeds/takeyakotsu/files/feed.zip?rid=prev_2,data/raw/gtfs/history/takeyakoutu__takeyakotsu__prev_2.zip,7fb03498b83fbb55eed8c27b58b99c67ae65da70ee09f4c0873e0f2282e0ba81,206,attachment; filename=feed_takeyakoutu_takeyakotsu_20260401_20260318183652.zip,2026-09-29T01:35:58.964880+00:00,
takeyakoutu,takeyakotsu,prev_3,https://api.gtfs-data.jp/v2/organizations/takeyakoutu/feeds/takeyakotsu/files/feed.zip?rid=prev_3,data/raw/gtfs/history/takeyakoutu__takeyakotsu__prev_3.zip,a5ab3fa9a4e8b94981afa1d51f13a9be810f3f3ec097f7693d872649709d9c9b,206,attachment; filename=feed_takeyakoutu_takeyakotsu_20260101_20260106192215.zip,2026-09-29T01:35:58.976992+00:00,
takeyakoutu,takeyakotsu,prev_4,https://api.gtfs-data.jp/v2/organizations/takeyakoutu/feeds/takeyakotsu/files/feed.zip?rid=prev_4,data/raw/gtfs/history/takeyakoutu__takeyakotsu__prev_4.zip,8952ed1347ca3a048952b46ba9f8d664c3be0b3346bdce0481ddab73431356b4,206,attachment; filename=feed_takeyakoutu_takeyakotsu_20251001_20251125113912.zip,2026-09-29T01:35:58.829357+00:00,
takeyakoutu,takeyakotsu,prev_5,https://api.gtfs-data.jp/v2/organizations/takeyakoutu/feeds/takeyakotsu/files/feed.zip?rid=prev_5,data/raw/gtfs/history/takeyakoutu__takeyakotsu__prev_5.zip,9acc375c6b9f28670e82632a63e5f62876098fbc8645586067a25cb98d66d583,206,attachment; filename=feed_takeyakoutu_takeyakotsu_20250701_20250725100717.zip,2026-09-29T01:35:58.979926+00:00,
takeyakoutu,takeyakotsu,prev_6,https://api.gtfs-data.jp/v2/organizations/takeyakoutu/feeds/takeyakotsu/files/feed.zip?rid=prev_6,data/raw/gtfs/history/takeyakoutu__takeyakotsu__prev_6.zip,b7f1024d8f331903c9b5994b7c97dcebdf29341c1a6f174de1fa1b9a96f15cc1,206,attachment; filename=feed_takeyakoutu_takeyakotsu_20250401_20250401082340.zip,2026-09-29T01:35:58.836271+00:00,
takeyakoutu,takeyakotsu,prev_7,https://api.gtfs-data.jp/v2/organizations/takeyakoutu/feeds/takeyakotsu/files/feed.zip?rid=prev_7,data/raw/gtfs/history/takeyakoutu__takeyakotsu__prev_7.zip,64f3b51dcc05ae954a0217f8a2ed704a437438585c92fdf60f06868f4e0e95cc,206,attachment; filename=feed_takeyakoutu_takeyakotsu_20241201_20241129124139.zip,2026-09-29T01:35:58.949443+00:00,
takeyakoutu,takeyakotsu,prev_8,https://api.gtfs-data.jp/v2/organizations/takeyakoutu/feeds/takeyakotsu/files/feed.zip?rid=prev_8,data/raw/gtfs/history/takeyakoutu__takeyakotsu__prev_8.zip,525f8250e0cc81c3cac73ac0467004401c14368c88c46fc83ca21fe99c7bac64,206,attachment; filename=feed_takeyakoutu_takeyakotsu_20241004_20241025103831.zip,2026-09-29T01:35:58.961125+00:00,
takeyakoutu,takeyakotsu,prev_9,https://api.gtfs-data.jp/v2/organizations/takeyakoutu/feeds/takeyakotsu/files/feed.zip?rid=prev_9,data/raw/gtfs/history/takeyakoutu__takeyakotsu__prev_9.zip,55cec1e65dcb6a451b06fa7b812ab359581a25b557ad98d833a87b74ba4c49a9,206,attachment; filename=feed_takeyakoutu_takeyakotsu_20241001_20240921122540.zip,2026-09-29T01:35:58.729612+00:00,
takeyakoutu,takeyakotsu,prev_10,https://api.gtfs-data.jp/v2/organizations/takeyakoutu/feeds/takeyakotsu/files/feed.zip?rid=prev_10,data/raw/gtfs/history/takeyakoutu__takeyakotsu__prev_10.zip,207c1c211b9a3e5d48beaead04c38fdf2f01fa8ab4f13776ef8bc5bcd04209c2,206,attachment; filename=feed_takeyakoutu_takeyakotsu_20240701_20240623114156.zip,2026-09-29T01:36:15.864575+00:00,
takeyakoutu,takeyakotsu,prev_11,https://api.gtfs-data.jp/v2/organizations/takeyakoutu/feeds/takeyakotsu/files/feed.zip?rid=prev_11,data/raw/gtfs/history/takeyakoutu__takeyakotsu__prev_11.zip,df806a55fc79b5decbfb5c66e5cfa5e056f22182ac89305f388113dbe36ffdaf,206,attachment; filename=feed_takeyakoutu_takeyakotsu_20240601_20240522124436.zip,2026-09-29T01:36:15.875459+00:00,
takeyakoutu,takeyakotsu,prev_12,https://api.gtfs-data.jp/v2/organizations/takeyakoutu/feeds/takeyakotsu/files/feed.zip?rid=prev_12,data/raw/gtfs/history/takeyakoutu__takeyakotsu__prev_12.zip,57b6d1977f5f940f5128db76ee75b8200f3c00105829a542823cb34a352d1885,206,attachment; filename=feed_takeyakoutu_takeyakotsu_20240401_20240313181553.zip,2026-09-29T01:36:15.595951+00:00,
mamurogawatown,MamurogawaTown,prev_1,https://api.gtfs-data.jp/v2/organizations/mamurogawatown/feeds/MamurogawaTown/files/feed.zip?rid=prev_1,data/raw/gtfs/history/mamurogawatown__MamurogawaTown__prev_1.zip,8b58f76109b777bf4e13283cc1ef2172bc1c7f6c30502dffabd6efc3e1349ce4,206,attachment; filename=feed_mamurogawatown_MamurogawaTown_20250425_20250403094144.zip,2026-09-29T01:36:15.519114+00:00,
mamurogawatown,MamurogawaTown,prev_2,https://api.gtfs-data.jp/v2/organizations/mamurogawatown/feeds/MamurogawaTown/files/feed.zip?rid=prev_2,data/raw/gtfs/history/mamurogawatown__MamurogawaTown__prev_2.zip,ab530e0f9f8880fc371b5830777d0be3ea84a0b955520faf29cdb5a7fed1e750,206,attachment; filename=feed_mamurogawatown_MamurogawaTown_20250401_20250321092157.zip,2026-09-29T01:36:15.669736+00:00,
mamurogawatown,MamurogawaTown,prev_3,https://api.gtfs-data.jp/v2/organizations/mamurogawatown/feeds/MamurogawaTown/files/feed.zip?rid=prev_3,data/raw/gtfs/history/mamurogawatown__MamurogawaTown__prev_3.zip,03d3b9e88104f50222a8f3c2c7fae14847476990d9dcdea5cdb3b6a8744ba678,206,attachment; filename=feed_mamurogawatown_MamurogawaTown_20250116_20250117095924.zip,2026-09-29T01:36:15.679005+00:00,
mamurogawatown,MamurogawaTown,prev_4,https://api.gtfs-data.jp/v2/organizations/mamurogawatown/feeds/MamurogawaTown/files/feed.zip?rid=prev_4,data/raw/gtfs/history/mamurogawatown__MamurogawaTown__prev_4.zip,394985b6d6090bf5d01fece5b631a1253bde3824f5ff4e7a196a4acd5734340b,206,attachment; filename=feed_mamurogawatown_MamurogawaTown_20241106_20241106160424.zip,2026-09-29T01:36:15.842864+00:00,
mamurogawatown,MamurogawaTown,prev_5,https://api.gtfs-data.jp/v2/organizations/mamurogawatown/feeds/MamurogawaTown/files/feed.zip?rid=prev_5,data/raw/gtfs/history/mamurogawatown__MamurogawaTown__prev_5.zip,060cb3609236d30164b75f7bde42a3408ab2d97f57d2a198be78eb1d5867bf01,206,attachment; filename=feed_mamurogawatown_MamurogawaTown_20240401_20240318162746.zip,2026-09-29T01:36:15.801065+00:00,
mamurogawatown,MamurogawaTown,prev_6,https://api.gtfs-data.jp/v2/organizations/mamurogawatown/feeds/MamurogawaTown/files/feed.zip?rid=prev_6,data/raw/gtfs/history/mamurogawatown__MamurogawaTown__prev_6.zip,43e211d7cc67fb801156ffef61f44399a747a4669e5dde7f42ba4fae918f65a4,206,attachment; filename=feed_mamurogawatown_MamurogawaTown_20230317_20230320131306.zip,2026-09-29T01:36:31.133965+00:00,
mamurogawatown,MamurogawaTown,prev_7,https://api.gtfs-data.jp/v2/organizations/mamurogawatown/feeds/MamurogawaTown/files/feed.zip?rid=prev_7,data/raw/gtfs/history/mamurogawatown__MamurogawaTown__prev_7.zip,ab1cb5b16a606b6876abb6458dbdbb761fb94e1a93e957fef129022ff95f2513,206,attachment; filename=feed_mamurogawatown_MamurogawaTown_20220312_20221205192847.zip,2026-09-29T01:36:31.133640+00:00,
mogamigawakotsu,MOGAMIGAWAKOTSU,prev_3,https://api.gtfs-data.jp/v2/organizations/mogamigawakotsu/feeds/MOGAMIGAWAKOTSU/files/feed.zip?rid=prev_3,data/raw/gtfs/history/mogamigawakotsu__MOGAMIGAWAKOTSU__prev_3.zip,85507bf52b924c3062175708f84d0300301d3bb84a5c9a7616a5ff4bbe778f4f,206,attachment; filename=feed_mogamigawakotsu_MOGAMIGAWAKOTSU_20240123_20240124144036.zip,2026-09-29T01:36:31.462605+00:00,
mogamigawakotsu,MOGAMIGAWAKOTSU,prev_4,https://api.gtfs-data.jp/v2/organizations/mogamigawakotsu/feeds/MOGAMIGAWAKOTSU/files/feed.zip?rid=prev_4,data/raw/gtfs/history/mogamigawakotsu__MOGAMIGAWAKOTSU__prev_4.zip,222799e49014be1c11020b7425afa02e7f5bef6ccfc4e3fdfd600440c9e94d72,206,attachment; filename=feed_mogamigawakotsu_MOGAMIGAWAKOTSU_20230217_20230221115642.zip,2026-09-29T01:36:31.451435+00:00,
mogamigawakotsu,MOGAMIGAWAKOTSU,prev_5,https://api.gtfs-data.jp/v2/organizations/mogamigawakotsu/feeds/MOGAMIGAWAKOTSU/files/feed.zip?rid=prev_5,data/raw/gtfs/history/mogamigawakotsu__MOGAMIGAWAKOTSU__prev_5.zip,59c2c2f15af3c2a731c3a20c7143b457850562a7ec85cdfff86170f7c0824ecd,206,attachment; filename=feed_mogamigawakotsu_MOGAMIGAWAKOTSU_20220401_20221205212110.zip,2026-09-29T01:36:31.151678+00:00,
murayamacity,MurayamaCity,prev_1,https://api.gtfs-data.jp/v2/organizations/murayamacity/feeds/MurayamaCity/files/feed.zip?rid=prev_1,data/raw/gtfs/history/murayamacity__MurayamaCity__prev_1.zip,ae2f4f3806c2fd14c257af6b2b19f9bee82f2ecce4d55dd865f6dfcdbe8ff330,206,attachment; filename=feed_murayamacity_MurayamaCity_20250401_20250311115100.zip,2026-09-29T01:36:31.295768+00:00,
murayamacity,MurayamaCity,prev_2,https://api.gtfs-data.jp/v2/organizations/murayamacity/feeds/MurayamaCity/files/feed.zip?rid=prev_2,data/raw/gtfs/history/murayamacity__MurayamaCity__prev_2.zip,0d7eb99b4337b87fcb59b070720dfc59c207490e0576ca9f7644312cac85565e,206,attachment; filename=feed_murayamacity_MurayamaCity_20240401_20240312105456.zip,2026-09-29T01:36:31.614976+00:00,
murayamacity,MurayamaCity,prev_3,https://api.gtfs-data.jp/v2/organizations/murayamacity/feeds/MurayamaCity/files/feed.zip?rid=prev_3,data/raw/gtfs/history/murayamacity__MurayamaCity__prev_3.zip,deca4ce0b07e2d49cb4555e18d30116fc7ea90219dbfe79a0e2fe75616ed5ac7,206,attachment; filename=feed_murayamacity_MurayamaCity_20230401_20230217132112.zip,2026-09-29T01:36:31.656957+00:00,
murayamacity,MurayamaCity,prev_4,https://api.gtfs-data.jp/v2/organizations/murayamacity/feeds/MurayamaCity/files/feed.zip?rid=prev_4,data/raw/gtfs/history/murayamacity__MurayamaCity__prev_4.zip,86b511cc5f819ad0a4406fd9644eb2035ca17867d7537096c5ab478fe64666f8,206,attachment; filename=feed_murayamacity_MurayamaCity_20220401_20221205180304.zip,2026-09-29T01:36:48.468910+00:00,
nakayamatown,NakayamaTown,prev_1,https://api.gtfs-data.jp/v2/organizations/nakayamatown/feeds/NakayamaTown/files/feed.zip?rid=prev_1,data/raw/gtfs/history/nakayamatown__NakayamaTown__prev_1.zip,33804e35767855646c9c9a3035cbc857df3ce9157e2bb678e144dd67daf8e9fb,206,attachment; filename=feed_nakayamatown_NakayamaTown_20250401_20250218161454.zip,2026-09-29T01:36:48.510908+00:00,
nakayamatown,NakayamaTown,prev_2,https://api.gtfs-data.jp/v2/organizations/nakayamatown/feeds/NakayamaTown/files/feed.zip?rid=prev_2,data/raw/gtfs/history/nakayamatown__NakayamaTown__prev_2.zip,98b08e330e783bc0ca93932794123e7d2f71b8a442eaaada6619de2873ce8991,206,attachment; filename=feed_nakayamatown_NakayamaTown_20240208_20240209133525.zip,2026-09-29T01:36:48.185218+00:00,
nakayamatown,NakayamaTown,prev_3,https://api.gtfs-data.jp/v2/organizations/nakayamatown/feeds/NakayamaTown/files/feed.zip?rid=prev_3,data/raw/gtfs/history/nakayamatown__NakayamaTown__prev_3.zip,77c22c1a18fe8b82492ce5cef9e016007053f726c0251aa5b0d12398e28ecc47,206,attachment; filename=feed_nakayamatown_NakayamaTown_20230224_20230306115135.zip,2026-09-29T01:36:48.465928+00:00,
nakayamatown,NakayamaTown,prev_4,https://api.gtfs-data.jp/v2/organizations/nakayamatown/feeds/NakayamaTown/files/feed.zip?rid=prev_4,data/raw/gtfs/history/nakayamatown__NakayamaTown__prev_4.zip,5a85a2014e21335937cda2b9f9ade2e3a63e76168e3fe7256e1207ccc93626b3,206,attachment; filename=feed_nakayamatown_NakayamaTown_20220401_20221205190504.zip,2026-09-29T01:36:48.314963+00:00,
nishikawatown,NishikawaTown,prev_1,https://api.gtfs-data.jp/v2/organizations/nishikawatown/feeds/NishikawaTown/files/feed.zip?rid=prev_1,data/raw/gtfs/history/nishikawatown__NishikawaTown__prev_1.zip,2d4310aa2c9953d82944c87f76c9b6aa6035ca805def212cace15f93b01b9310,206,attachment; filename=feed_nishikawatown_NishikawaTown_20250401_20250310154220.zip,2026-09-29T01:36:48.499533+00:00,
nishikawatown,NishikawaTown,prev_2,https://api.gtfs-data.jp/v2/organizations/nishikawatown/feeds/NishikawaTown/files/feed.zip?rid=prev_2,data/raw/gtfs/history/nishikawatown__NishikawaTown__prev_2.zip,baf5172bb416e0b7ab89351d5c4a58d0d5862606b437de131c10a3039a4748fe,206,attachment; filename=feed_nishikawatown_NishikawaTown_20240701_20240627112036.zip,2026-09-29T01:36:48.184695+00:00,
nishikawatown,NishikawaTown,prev_3,https://api.gtfs-data.jp/v2/organizations/nishikawatown/feeds/NishikawaTown/files/feed.zip?rid=prev_3,data/raw/gtfs/history/nishikawatown__NishikawaTown__prev_3.zip,05898e617c383ae0ccf101de841b03b7d79a9f01df90896d54a3e19465b11720,206,attachment; filename=feed_nishikawatown_NishikawaTown_20240401_20240314160248.zip,2026-09-29T01:36:48.326863+00:00,
nishikawatown,NishikawaTown,prev_4,https://api.gtfs-data.jp/v2/organizations/nishikawatown/feeds/NishikawaTown/files/feed.zip?rid=prev_4,data/raw/gtfs/history/nishikawatown__NishikawaTown__prev_4.zip,8aaf50d8095f6693545bea075ffe81069b5c9b530a08c22c0e1c09a97ef1ee7e,206,attachment; filename=feed_nishikawatown_NishikawaTown_20230401_20230330154105.zip,2026-09-29T01:37:06.646559+00:00,
nishikawatown,NishikawaTown,prev_5,https://api.gtfs-data.jp/v2/organizations/nishikawatown/feeds/NishikawaTown/files/feed.zip?rid=prev_5,data/raw/gtfs/history/nishikawatown__NishikawaTown__prev_5.zip,c25a66f83f70c7a9d785528dacc855119df3a88ba0a5f309da234549b1d30f41,206,attachment; filename=feed_nishikawatown_NishikawaTown_20220622_20221205191514.zip,2026-09-29T01:37:06.792795+00:00,
sakatacity,SakataCity,prev_1,https://api.gtfs-data.jp/v2/organizations/sakatacity/feeds/SakataCity/files/feed.zip?rid=prev_1,data/raw/gtfs/history/sakatacity__SakataCity__prev_1.zip,8f170087b0124c0ecf722a6aacfc8aab3e8f7a53ade93bd9d919b6bc29d98251,206,attachment; filename=feed_sakatacity_SakataCity_20260401_20260330111428.zip,2026-09-29T01:37:06.946763+00:00,
sakatacity,SakataCity,prev_2,https://api.gtfs-data.jp/v2/organizations/sakatacity/feeds/SakataCity/files/feed.zip?rid=prev_2,data/raw/gtfs/history/sakatacity__SakataCity__prev_2.zip,fbc985b004e398bfe0f4d7f9f4273ca551c50b6e5b567f58e85f3dcd7acdf79b,206,attachment; filename=feed_sakatacity_SakataCity_20251207_20251209141618.zip,2026-09-29T01:37:06.628732+00:00,
sakatacity,SakataCity,prev_3,https://api.gtfs-data.jp/v2/organizations/sakatacity/feeds/SakataCity/files/feed.zip?rid=prev_3,data/raw/gtfs/history/sakatacity__SakataCity__prev_3.zip,a433c7c2f1dc137a9e02cabc7e2bd250a7a61280fb08825daa8f6bd53e5ff2b2,206,attachment; filename=feed_sakatacity_SakataCity_20250401_20250307131048.zip,2026-09-29T01:37:07.128072+00:00,
sakatacity,SakataCity,prev_4,https://api.gtfs-data.jp/v2/organizations/sakatacity/feeds/SakataCity/files/feed.zip?rid=prev_4,data/raw/gtfs/history/sakatacity__SakataCity__prev_4.zip,85714b777e3169d66bee9c32a72200b065d875c59c3a669ab4b4fa12b0edbc53,206,attachment; filename=feed_sakatacity_SakataCity_20220801_20221205210807.zip,2026-09-29T01:37:06.745012+00:00,
sakatacity,SakataCity,prev_5,https://api.gtfs-data.jp/v2/organizations/sakatacity/feeds/SakataCity/files/feed.zip?rid=prev_5,data/raw/gtfs/history/sakatacity__SakataCity__prev_5.zip,9fb7ba7f79434c81d7238fc68565900d85451d967fb2eeda7ea3c15afc32757a,206,attachment; filename=feed_sakatacity_SakataCity_20200401_20221205210741.zip,2026-09-29T01:37:06.812843+00:00,
oetown,Oetown,prev_1,https://api.gtfs-data.jp/v2/organizations/oetown/feeds/Oetown/files/feed.zip?rid=prev_1,data/raw/gtfs/history/oetown__Oetown__prev_1.zip,fe3aeccabc005d3254f13efa2a1d8c4238268bd62445a058452acea83713927c,206,attachment; filename=feed_oetown_Oetown_20250401_20250314145743.zip,2026-09-29T01:37:06.925362+00:00,
oetown,Oetown,prev_2,https://api.gtfs-data.jp/v2/organizations/oetown/feeds/Oetown/files/feed.zip?rid=prev_2,data/raw/gtfs/history/oetown__Oetown__prev_2.zip,10101c36f3fc350216537e64aa6f5b8ec912179ae3afeed7d6c5a5d0a1de54a7,206,attachment; filename=feed_oetown_Oetown_20240401_20240227154633.zip,2026-09-29T01:37:21.865619+00:00,
oetown,Oetown,prev_3,https://api.gtfs-data.jp/v2/organizations/oetown/feeds/Oetown/files/feed.zip?rid=prev_3,data/raw/gtfs/history/oetown__Oetown__prev_3.zip,1f39bb69aeaf21ea7c7a1d3ea4262df19e19b09d5cb134b46aa1d1e48358cbae,206,attachment; filename=feed_oetown_Oetown_20230401_20230307144620.zip,2026-09-29T01:37:21.875757+00:00,
oetown,Oetown,prev_4,https://api.gtfs-data.jp/v2/organizations/oetown/feeds/Oetown/files/feed.zip?rid=prev_4,data/raw/gtfs/history/oetown__Oetown__prev_4.zip,7f3bd0703fa8b3fa6ac9eaabcb31f042f89c51a4b75a59a54fb89f3534127bf4,206,attachment; filename=feed_oetown_Oetown_20230106_20230110112334.zip,2026-09-29T01:37:22.367054+00:00,
oetown,Oetown,prev_5,https://api.gtfs-data.jp/v2/organizations/oetown/feeds/Oetown/files/feed.zip?rid=prev_5,data/raw/gtfs/history/oetown__Oetown__prev_5.zip,9b01801274b7047e5fea3d069237d8d15a25be0ddf617a035b0f671d5429e695,206,attachment; filename=feed_oetown_Oetown_20221209_20221226142528.zip,2026-09-29T01:37:22.172961+00:00,
oetown,Oetown,prev_6,https://api.gtfs-data.jp/v2/organizations/oetown/feeds/Oetown/files/feed.zip?rid=prev_6,data/raw/gtfs/history/oetown__Oetown__prev_6.zip,52b3187830da52c453167363133f1570d3d3e14127f3ba9518b0808ce8c7f6f3,206,attachment; filename=feed_oetown_Oetown_20211220_20221205192013.zip,2026-09-29T01:37:21.837123+00:00,
sagaecity,SagaeCity,prev_1,https://api.gtfs-data.jp/v2/organizations/sagaecity/feeds/SagaeCity/files/feed.zip?rid=prev_1,data/raw/gtfs/history/sagaecity__SagaeCity__prev_1.zip,6e5cfc164f28babb7ce378aa9ab3be2293b8e173ec069b6d953ad9dee4beff69,206,attachment; filename=feed_sagaecity_SagaeCity_20251015_20251016095652.zip,2026-09-29T01:37:22.301928+00:00,
sagaecity,SagaeCity,prev_2,https://api.gtfs-data.jp/v2/organizations/sagaecity/feeds/SagaeCity/files/feed.zip?rid=prev_2,data/raw/gtfs/history/sagaecity__SagaeCity__prev_2.zip,c19c0c32f0e1834f56a31e204f9c4809cf1f0640069a7d81a0523d283a3dcf5c,206,attachment; filename=feed_sagaecity_SagaeCity_20241024_20241029112502.zip,2026-09-29T01:37:22.022305+00:00,
sagaecity,SagaeCity,prev_3,https://api.gtfs-data.jp/v2/organizations/sagaecity/feeds/SagaeCity/files/feed.zip?rid=prev_3,data/raw/gtfs/history/sagaecity__SagaeCity__prev_3.zip,f49f90c67d67ec35002b211d4bd9637d07a31bd1032ff3e10ee3e77a46a36783,206,attachment; filename=feed_sagaecity_SagaeCity_20231122_20231124115725.zip,2026-09-29T01:37:21.837398+00:00,
sagaecity,SagaeCity,prev_4,https://api.gtfs-data.jp/v2/organizations/sagaecity/feeds/SagaeCity/files/feed.zip?rid=prev_4,data/raw/gtfs/history/sagaecity__SagaeCity__prev_4.zip,efd96a9d607ca5fca2dbbde3935d29a4d4a395814a5013fa5c4b256d1419e87c,206,attachment; filename=feed_sagaecity_SagaeCity_20231001_20230913162920.zip,2026-09-29T01:37:40.552991+00:00,
sagaecity,SagaeCity,prev_5,https://api.gtfs-data.jp/v2/organizations/sagaecity/feeds/SagaeCity/files/feed.zip?rid=prev_5,data/raw/gtfs/history/sagaecity__SagaeCity__prev_5.zip,8ceb0b88eabcb9f55bbc614691b987c79c89577e79c2ad79e429525abe068c38,206,attachment; filename=feed_sagaecity_SagaeCity_20230721_20230725105958.zip,2026-09-29T01:37:40.710512+00:00,
sagaecity,SagaeCity,prev_6,https://api.gtfs-data.jp/v2/organizations/sagaecity/feeds/SagaeCity/files/feed.zip?rid=prev_6,data/raw/gtfs/history/sagaecity__SagaeCity__prev_6.zip,88f3ce668c4d605e3bda663e7913471e866881f7624220608c0a6b73c22eb063,206,attachment; filename=feed_sagaecity_SagaeCity_20220824_20221205175635.zip,2026-09-29T01:37:40.718405+00:00,
sagaecity,SagaeCity,prev_7,https://api.gtfs-data.jp/v2/organizations/sagaecity/feeds/SagaeCity/files/feed.zip?rid=prev_7,data/raw/gtfs/history/sagaecity__SagaeCity__prev_7.zip,25176c62b7e43b30cc2c16ef1c274cf4346d75edf6fd958265d062c907127273,206,attachment; filename=feed_sagaecity_SagaeCity_20210827_20221205175607.zip,2026-09-29T01:37:40.711066+00:00,
shinjocity,ShinjoCity,prev_1,https://api.gtfs-data.jp/v2/organizations/shinjocity/feeds/ShinjoCity/files/feed.zip?rid=prev_1,data/raw/gtfs/history/shinjocity__ShinjoCity__prev_1.zip,4ecbaed81c7348e172bcf0143310f3fa928b7c722dd37489aa00bfc147657ada,206,attachment; filename=feed_shinjocity_ShinjoCity_20251001_20250918102728.zip,2026-09-29T01:37:40.751881+00:00,
shinjocity,ShinjoCity,prev_2,https://api.gtfs-data.jp/v2/organizations/shinjocity/feeds/ShinjoCity/files/feed.zip?rid=prev_2,data/raw/gtfs/history/shinjocity__ShinjoCity__prev_2.zip,f33680d73b6d0570506b8ce8c3bd0ce4dcd8b5cbdfa5d8d0d469eb912eedfb11,206,attachment; filename=feed_shinjocity_ShinjoCity_20241001_20240912094818.zip,2026-09-29T01:37:40.703443+00:00,
shinjocity,ShinjoCity,prev_3,https://api.gtfs-data.jp/v2/organizations/shinjocity/feeds/ShinjoCity/files/feed.zip?rid=prev_3,data/raw/gtfs/history/shinjocity__ShinjoCity__prev_3.zip,1e5397346b974367d1f11ac7c3840e401f08afb0448b79c402f3e64f4b1f91f9,206,attachment; filename=feed_shinjocity_ShinjoCity_20231001_20230914101251.zip,2026-09-29T01:37:40.413228+00:00,
shinjocity,ShinjoCity,prev_4,https://api.gtfs-data.jp/v2/organizations/shinjocity/feeds/ShinjoCity/files/feed.zip?rid=prev_4,data/raw/gtfs/history/shinjocity__ShinjoCity__prev_4.zip,eff3c4c17b50b027598fe12205b670694db0f23e88e2dfca6fc8a92fc6d07c11,206,attachment; filename=feed_shinjocity_ShinjoCity_20230216_20230217131431.zip,2026-09-29T01:37:40.611774+00:00,
shinjocity,ShinjoCity,prev_5,https://api.gtfs-data.jp/v2/organizations/shinjocity/feeds/ShinjoCity/files/feed.zip?rid=prev_5,data/raw/gtfs/history/shinjocity__ShinjoCity__prev_5.zip,57110606555847c477a5518207c4148664b4f14c96c3d4e9d2680d37bc1744bc,206,attachment; filename=feed_shinjocity_ShinjoCity_20220304_20221205192245.zip,2026-09-29T01:37:58.448434+00:00,
shiratakatown,ShiratakaTown,prev_1,https://api.gtfs-data.jp/v2/organizations/shiratakatown/feeds/ShiratakaTown/files/feed.zip?rid=prev_1,data/raw/gtfs/history/shiratakatown__ShiratakaTown__prev_1.zip,789b9086ee6b4832c14278bef3792cbd10925523c37fc5d0bd5b15d319864093,206,attachment; filename=feed_shiratakatown_ShiratakaTown_20250401_20250304091249.zip,2026-09-29T01:37:58.651334+00:00,
shiratakatown,ShiratakaTown,prev_2,https://api.gtfs-data.jp/v2/organizations/shiratakatown/feeds/ShiratakaTown/files/feed.zip?rid=prev_2,data/raw/gtfs/history/shiratakatown__ShiratakaTown__prev_2.zip,3ac79273a59ae0ee1ffb747b53a9039144cc2c7b0860b835a7c50a78fd7ae9c8,206,attachment; filename=feed_shiratakatown_ShiratakaTown_20240401_20240312101807.zip,2026-09-29T01:37:58.594667+00:00,
shiratakatown,ShiratakaTown,prev_3,https://api.gtfs-data.jp/v2/organizations/shiratakatown/feeds/ShiratakaTown/files/feed.zip?rid=prev_3,data/raw/gtfs/history/shiratakatown__ShiratakaTown__prev_3.zip,09932fbd00e4731d707a185752469d948de00c4d969d35dee9ff2c6326386949,206,attachment; filename=feed_shiratakatown_ShiratakaTown_20230401_20230313135322.zip,2026-09-29T01:37:58.319519+00:00,
shiratakatown,ShiratakaTown,prev_4,https://api.gtfs-data.jp/v2/organizations/shiratakatown/feeds/ShiratakaTown/files/feed.zip?rid=prev_4,data/raw/gtfs/history/shiratakatown__ShiratakaTown__prev_4.zip,6a16040a8630caf2627ac4df8348564a817180ecb1ae62b2485e663be5e55f57,206,attachment; filename=feed_shiratakatown_ShiratakaTown_20220401_20221205210324.zip,2026-09-29T01:37:58.590016+00:00,
sakegawavillage,SakegawaVillage,prev_1,https://api.gtfs-data.jp/v2/organizations/sakegawavillage/feeds/SakegawaVillage/files/feed.zip?rid=prev_1,data/raw/gtfs/history/sakegawavillage__SakegawaVillage__prev_1.zip,a8a980a93eea2e630710ea6f0ae5cdf1b6aaeb430bfd7eed6a24b04a1c6c3bd1,206,attachment; filename=feed_sakegawavillage_SakegawaVillage_20250507_20250508152356.zip,2026-09-29T01:37:58.617698+00:00,
sakegawavillage,SakegawaVillage,prev_2,https://api.gtfs-data.jp/v2/organizations/sakegawavillage/feeds/SakegawaVillage/files/feed.zip?rid=prev_2,data/raw/gtfs/history/sakegawavillage__SakegawaVillage__prev_2.zip,72d8ac481497cd9cc842931d7f6ecc54bcd2c0806f82ec160a5c9d931710380b,206,attachment; filename=feed_sakegawavillage_SakegawaVillage_20241001_20240909142234.zip,2026-09-29T01:37:58.466806+00:00,
sakegawavillage,SakegawaVillage,prev_3,https://api.gtfs-data.jp/v2/organizations/sakegawavillage/feeds/SakegawaVillage/files/feed.zip?rid=prev_3,data/raw/gtfs/history/sakegawavillage__SakegawaVillage__prev_3.zip,57cd2730b3f5d2860215c6880de704db39dee71b970498d9a970dd25064c26b7,206,attachment; filename=feed_sakegawavillage_SakegawaVillage_20231001_20230830135441.zip,2026-09-29T01:37:58.471807+00:00,
sakegawavillage,SakegawaVillage,prev_4,https://api.gtfs-data.jp/v2/organizations/sakegawavillage/feeds/SakegawaVillage/files/feed.zip?rid=prev_4,data/raw/gtfs/history/sakegawavillage__SakegawaVillage__prev_4.zip,a91c45240a2b3791afba714d10445337ca4c9e9e1c8a609042140863e882737c,206,attachment; filename=feed_sakegawavillage_SakegawaVillage_20221201_20221205193356.zip,2026-09-29T01:38:14.499213+00:00,
sakegawavillage,SakegawaVillage,prev_5,https://api.gtfs-data.jp/v2/organizations/sakegawavillage/feeds/SakegawaVillage/files/feed.zip?rid=prev_5,data/raw/gtfs/history/sakegawavillage__SakegawaVillage__prev_5.zip,87107191a93009a75f1ff9a13840fe418bc9a9b63df873f584695f70d6baf33a,206,attachment; filename=feed_sakegawavillage_SakegawaVillage_20220401_20221205193326.zip,2026-09-29T01:38:14.350342+00:00,
shonaikotsu,SHONAIKOTSU,prev_1,https://api.gtfs-data.jp/v2/organizations/shonaikotsu/feeds/SHONAIKOTSU/files/feed.zip?rid=prev_1,data/raw/gtfs/history/shonaikotsu__SHONAIKOTSU__prev_1.zip,f25c6c02fba6e4bcd0394630452aa891d9120c85d95e61ff99816122b55c5c9a,206,attachment; filename=feed_shonaikotsu_SHONAIKOTSU_20250401_20250509100018.zip,2026-09-29T01:38:14.412585+00:00,
shonaikotsu,SHONAIKOTSU,prev_2,https://api.gtfs-data.jp/v2/organizations/shonaikotsu/feeds/SHONAIKOTSU/files/feed.zip?rid=prev_2,data/raw/gtfs/history/shonaikotsu__SHONAIKOTSU__prev_2.zip,618bdba596431c1d7173cee7e38c3dc7da90d3398b6eeacc92d8558456151ef5,206,attachment; filename=feed_shonaikotsu_SHONAIKOTSU_20240401_20240523104141.zip,2026-09-29T01:38:14.560786+00:00,
shonaikotsu,SHONAIKOTSU,prev_3,https://api.gtfs-data.jp/v2/organizations/shonaikotsu/feeds/SHONAIKOTSU/files/feed.zip?rid=prev_3,data/raw/gtfs/history/shonaikotsu__SHONAIKOTSU__prev_3.zip,d7b2f0939a00aceb6e1dc64d1d610be774ce06d3638dc293e1af6d7233ad9dfc,206,attachment; filename=feed_shonaikotsu_SHONAIKOTSU_20231226_20240124145247.zip,2026-09-29T01:38:14.416025+00:00,
shonaikotsu,SHONAIKOTSU,prev_4,https://api.gtfs-data.jp/v2/organizations/shonaikotsu/feeds/SHONAIKOTSU/files/feed.zip?rid=prev_4,data/raw/gtfs/history/shonaikotsu__SHONAIKOTSU__prev_4.zip,c26ca06d81087ad645f57090de1f2f405469de4733aedfe610be05402b4262c8,206,attachment; filename=feed_shonaikotsu_SHONAIKOTSU_20230401_20230405093132.zip,2026-09-29T01:38:14.625914+00:00,
shonaikotsu,SHONAIKOTSU,prev_5,https://api.gtfs-data.jp/v2/organizations/shonaikotsu/feeds/SHONAIKOTSU/files/feed.zip?rid=prev_5,data/raw/gtfs/history/shonaikotsu__SHONAIKOTSU__prev_5.zip,8d54f77a5ab2e22ab9fb81060de55a0e74cbf8243294dcd7c1bab5e8f894686e,206,attachment; filename=feed_shonaikotsu_SHONAIKOTSU_20230106_20221226142909.zip,2026-09-29T01:38:14.419376+00:00,
shonaikotsu,SHONAIKOTSU,prev_6,https://api.gtfs-data.jp/v2/organizations/shonaikotsu/feeds/SHONAIKOTSU/files/feed.zip?rid=prev_6,data/raw/gtfs/history/shonaikotsu__SHONAIKOTSU__prev_6.zip,8d5b0356d1c53a2b2cde53736ed74e10a590c9acdbf4e503d25ed321d6d80ec4,206,attachment; filename=feed_shonaikotsu_SHONAIKOTSU_20230106_20230113093409.zip,2026-09-29T01:38:14.411521+00:00,
shonaikotsu,SHONAIKOTSU,prev_7,https://api.gtfs-data.jp/v2/organizations/shonaikotsu/feeds/SHONAIKOTSU/files/feed.zip?rid=prev_7,data/raw/gtfs/history/shonaikotsu__SHONAIKOTSU__prev_7.zip,3788b0c4807ed91c4a0967d4302070f488609bb4cc97cd6c069d00fb52318684,206,attachment; filename=feed_shonaikotsu_SHONAIKOTSU_20221001_20221205211847.zip,2026-09-29T01:38:31.129488+00:00,
shonaikotsu,SHONAIKOTSU,prev_8,https://api.gtfs-data.jp/v2/organizations/shonaikotsu/feeds/SHONAIKOTSU/files/feed.zip?rid=prev_8,data/raw/gtfs/history/shonaikotsu__SHONAIKOTSU__prev_8.zip,0e38871d5e439d115956e0a1367f0afc9050ee9c563e59c0eb04f361c32560d8,206,attachment; filename=feed_shonaikotsu_SHONAIKOTSU_20220901_20221205211820.zip,2026-09-29T01:38:31.462449+00:00,
tendocity,TendoCity,prev_1,https://api.gtfs-data.jp/v2/organizations/tendocity/feeds/TendoCity/files/feed.zip?rid=prev_1,data/raw/gtfs/history/tendocity__TendoCity__prev_1.zip,e9885e77eb27ff9caa06812035289c90f3f2b0eb0e3ce499d57229fb8bf52f4b,206,attachment; filename=feed_tendocity_TendoCity_20250401_20250220114115.zip,2026-09-29T01:38:31.100937+00:00,
tendocity,TendoCity,prev_2,https://api.gtfs-data.jp/v2/organizations/tendocity/feeds/TendoCity/files/feed.zip?rid=prev_2,data/raw/gtfs/history/tendocity__TendoCity__prev_2.zip,f249db353e2cdf961f966b3aa1b568c4c2c42e32c7cdaf854add7cf53f2d5bfe,206,attachment; filename=feed_tendocity_TendoCity_20240401_20240213102416.zip,2026-09-29T01:38:31.288380+00:00,
tendocity,TendoCity,prev_3,https://api.gtfs-data.jp/v2/organizations/tendocity/feeds/TendoCity/files/feed.zip?rid=prev_3,data/raw/gtfs/history/tendocity__TendoCity__prev_3.zip,f96d9ba477a3171a20e1ef4cb28135171296869c951acbe0a49b29ac71b7736d,206,attachment; filename=feed_tendocity_TendoCity_20230401_20230306115314.zip,2026-09-29T01:38:31.140582+00:00,
tendocity,TendoCity,prev_4,https://api.gtfs-data.jp/v2/organizations/tendocity/feeds/TendoCity/files/feed.zip?rid=prev_4,data/raw/gtfs/history/tendocity__TendoCity__prev_4.zip,80275a3bf7f2526c2516b8daa3d4fac0724041de7cc901d75468352e489a08a6,206,attachment; filename=feed_tendocity_TendoCity_20220906_20221205185204.zip,2026-09-29T01:38:30.952445+00:00,
tendocity,TendoCity,prev_5,https://api.gtfs-data.jp/v2/organizations/tendocity/feeds/TendoCity/files/feed.zip?rid=prev_5,data/raw/gtfs/history/tendocity__TendoCity__prev_5.zip,989b9559eb02d248629c26cfd6267e16854db80f252d318d0f74019827810bba,206,attachment; filename=feed_tendocity_TendoCity_20210906_20221205185148.zip,2026-09-29T01:38:31.416313+00:00,
shonaitown,ShonaiTown,prev_1,https://api.gtfs-data.jp/v2/organizations/shonaitown/feeds/ShonaiTown/files/feed.zip?rid=prev_1,data/raw/gtfs/history/shonaitown__ShonaiTown__prev_1.zip,e0cfc6ad47f1aa0d35f32d166c939bac357ecab815c84b1ffc31b6e9592ef45c,206,attachment; filename=feed_shonaitown_ShonaiTown_20250507_20250509095334.zip,2026-09-29T01:38:31.456609+00:00,
shonaitown,ShonaiTown,prev_2,https://api.gtfs-data.jp/v2/organizations/shonaitown/feeds/ShonaiTown/files/feed.zip?rid=prev_2,data/raw/gtfs/history/shonaitown__ShonaiTown__prev_2.zip,a01f8400a35eb1f229e1f3e0463e60d3538a44c6f12dfbc9a366839247f54519,206,attachment; filename=feed_shonaitown_ShonaiTown_20250401_20250328131838.zip,2026-09-29T01:38:48.296215+00:00,
shonaitown,ShonaiTown,prev_3,https://api.gtfs-data.jp/v2/organizations/shonaitown/feeds/ShonaiTown/files/feed.zip?rid=prev_3,data/raw/gtfs/history/shonaitown__ShonaiTown__prev_3.zip,bdeefe3708f82591b7a53ccbbd0a7b2153b7fa2835d9527697d13f542d770ab4,206,attachment; filename=feed_shonaitown_ShonaiTown_20250108_20250108161649.zip,2026-09-29T01:38:48.272032+00:00,
shonaitown,ShonaiTown,prev_4,https://api.gtfs-data.jp/v2/organizations/shonaitown/feeds/ShonaiTown/files/feed.zip?rid=prev_4,data/raw/gtfs/history/shonaitown__ShonaiTown__prev_4.zip,2a6169e3a14431c2ce4e6cfbd14c949d39646f6c814e64d721c90d67bdc5703d,206,attachment; filename=feed_shonaitown_ShonaiTown_20240423_20240424113113.zip,2026-09-29T01:38:48.261990+00:00,
shonaitown,ShonaiTown,prev_5,https://api.gtfs-data.jp/v2/organizations/shonaitown/feeds/ShonaiTown/files/feed.zip?rid=prev_5,data/raw/gtfs/history/shonaitown__ShonaiTown__prev_5.zip,705501a7f55a07fce2df4016197c0cfb2e593251dbf99c2155351d36840d8601,206,attachment; filename=feed_shonaitown_ShonaiTown_20240401_20240325135031.zip,2026-09-29T01:38:48.117017+00:00,
shonaitown,ShonaiTown,prev_6,https://api.gtfs-data.jp/v2/organizations/shonaitown/feeds/ShonaiTown/files/feed.zip?rid=prev_6,data/raw/gtfs/history/shonaitown__ShonaiTown__prev_6.zip,deb01a439c40332982711cef3e5ccf297a13e84397de6412f013047c2b1d76df,206,attachment; filename=feed_shonaitown_ShonaiTown_20231116_20231116120652.zip,2026-09-29T01:38:48.260541+00:00,
shonaitown,ShonaiTown,prev_7,https://api.gtfs-data.jp/v2/organizations/shonaitown/feeds/ShonaiTown/files/feed.zip?rid=prev_7,data/raw/gtfs/history/shonaitown__ShonaiTown__prev_7.zip,406cf1a6e4fb09b96f9f54fefbdd7414d94a357fedbf5c90e2717083c30fe0ce,206,attachment; filename=feed_shonaitown_ShonaiTown_20221122_20221205211230.zip,2026-09-29T01:38:48.010003+00:00,
shonaitown,ShonaiTown,prev_9,https://api.gtfs-data.jp/v2/organizations/shonaitown/feeds/ShonaiTown/files/feed.zip?rid=prev_9,data/raw/gtfs/history/shonaitown__ShonaiTown__prev_9.zip,d08d551d69a1a808fb8fb5196a88ffef16c4e5bd1cdce609da4d190c58013a7a,206,attachment; filename=feed_shonaitown_ShonaiTown_20211122_20221205211128.zip,2026-09-29T01:38:48.106551+00:00,
yamagata-kaneyamatown,KaneyamaTown,prev_1,https://api.gtfs-data.jp/v2/organizations/yamagata-kaneyamatown/feeds/KaneyamaTown/files/feed.zip?rid=prev_1,data/raw/gtfs/history/yamagata-kaneyamatown__KaneyamaTown__prev_1.zip,eb96cc16af4c0927398ac22e725a565d72ef983705b7700bea15e296e359dd20,206,attachment; filename=feed_yamagata-kaneyamatown_KaneyamaTown_20250401_20250307112638.zip,2026-09-29T01:38:48.004062+00:00,
yamagata-kaneyamatown,KaneyamaTown,prev_2,https://api.gtfs-data.jp/v2/organizations/yamagata-kaneyamatown/feeds/KaneyamaTown/files/feed.zip?rid=prev_2,data/raw/gtfs/history/yamagata-kaneyamatown__KaneyamaTown__prev_2.zip,2fe939cab96186274da167516a6dee60ce28dbd9c27f634cc0c91e9d37a49ad6,206,attachment; filename=feed_yamagata-kaneyamatown_KaneyamaTown_20240401_20240319101015.zip,2026-09-29T01:39:05.463264+00:00,
yamagata-kaneyamatown,KaneyamaTown,prev_3,https://api.gtfs-data.jp/v2/organizations/yamagata-kaneyamatown/feeds/KaneyamaTown/files/feed.zip?rid=prev_3,data/raw/gtfs/history/yamagata-kaneyamatown__KaneyamaTown__prev_3.zip,8b6efbd23e0e47827de186b714151c20377ca4280a4657d2cc96bcc323665bd2,206,attachment; filename=feed_yamagata-kaneyamatown_KaneyamaTown_20231120_20231121100953.zip,2026-09-29T01:39:05.131931+00:00,
yamagata-kaneyamatown,KaneyamaTown,prev_4,https://api.gtfs-data.jp/v2/organizations/yamagata-kaneyamatown/feeds/KaneyamaTown/files/feed.zip?rid=prev_4,data/raw/gtfs/history/yamagata-kaneyamatown__KaneyamaTown__prev_4.zip,7109da1af58f86af57d54bad9642668ab27a712dd15e58eeb87f1bc848bb28af,206,attachment; filename=feed_yamagata-kaneyamatown_KaneyamaTown_20230401_20230306135555.zip,2026-09-29T01:39:05.126783+00:00,
yamagata-kaneyamatown,KaneyamaTown,prev_5,https://api.gtfs-data.jp/v2/organizations/yamagata-kaneyamatown/feeds/KaneyamaTown/files/feed.zip?rid=prev_5,data/raw/gtfs/history/yamagata-kaneyamatown__KaneyamaTown__prev_5.zip,97a4c768007ab88b05c8ea082fe824e5667198d48ffad20614a0be82e5029c56,206,attachment; filename=feed_yamagata-kaneyamatown_KaneyamaTown_20221130_20221205192638.zip,2026-09-29T01:39:05.432931+00:00,
yamagata-kaneyamatown,KaneyamaTown,prev_6,https://api.gtfs-data.jp/v2/organizations/yamagata-kaneyamatown/feeds/KaneyamaTown/files/feed.zip?rid=prev_6,data/raw/gtfs/history/yamagata-kaneyamatown__KaneyamaTown__prev_6.zip,355b38ce2e1a7d72fa213064b726cf9c33fc2218ecdff84d8c7b0ce14bbb52f3,206,attachment; filename=feed_yamagata-kaneyamatown_KaneyamaTown_20221001_20221205192609.zip,2026-09-29T01:39:05.259155+00:00,
yamagata-kaneyamatown,KaneyamaTown,prev_7,https://api.gtfs-data.jp/v2/organizations/yamagata-kaneyamatown/feeds/KaneyamaTown/files/feed.zip?rid=prev_7,data/raw/gtfs/history/yamagata-kaneyamatown__KaneyamaTown__prev_7.zip,fe7891526b4beed4b7fc971f6586bcb50b51f7d8846f1f8ccf8e244601adc235,206,attachment; filename=feed_yamagata-kaneyamatown_KaneyamaTown_20220527_20221205192542.zip,2026-09-29T01:39:05.462406+00:00,
yamagata-asahitown,AsahiTown,prev_1,https://api.gtfs-data.jp/v2/organizations/yamagata-asahitown/feeds/AsahiTown/files/feed.zip?rid=prev_1,data/raw/gtfs/history/yamagata-asahitown__AsahiTown__prev_1.zip,c2875b00420562f3079755999c9068add46cf7ad120fc4a1100d9f4a5e356987,206,attachment; filename=feed_yamagata-asahitown_AsahiTown_20250401_20250319120032.zip,2026-09-29T01:39:05.431782+00:00,
yamagata-asahitown,AsahiTown,prev_2,https://api.gtfs-data.jp/v2/organizations/yamagata-asahitown/feeds/AsahiTown/files/feed.zip?rid=prev_2,data/raw/gtfs/history/yamagata-asahitown__AsahiTown__prev_2.zip,1941ef327fb079f2ee6d81fb931545b73359593308ef836ceeec8a0bdd5f2c03,206,attachment; filename=feed_yamagata-asahitown_AsahiTown_20241001_20240906104552.zip,2026-09-29T01:39:05.419386+00:00,
yamagata-asahitown,AsahiTown,prev_3,https://api.gtfs-data.jp/v2/organizations/yamagata-asahitown/feeds/AsahiTown/files/feed.zip?rid=prev_3,data/raw/gtfs/history/yamagata-asahitown__AsahiTown__prev_3.zip,3f29554a9e44c432d0efe69a8b6adbb15da9682760a084ff6527d4f795b0d2bf,206,attachment; filename=feed_yamagata-asahitown_AsahiTown_20240401_20240312104817.zip,2026-09-29T01:39:22.309954+00:00,
yamagata-asahitown,AsahiTown,prev_4,https://api.gtfs-data.jp/v2/organizations/yamagata-asahitown/feeds/AsahiTown/files/feed.zip?rid=prev_4,data/raw/gtfs/history/yamagata-asahitown__AsahiTown__prev_4.zip,97302c9d05250994de8287e4dfc41025549acb343ca9051dd97816d87f209af8,206,attachment; filename=feed_yamagata-asahitown_AsahiTown_20230401_20230315093150.zip,2026-09-29T01:39:22.364923+00:00,
yamagata-asahitown,AsahiTown,prev_5,https://api.gtfs-data.jp/v2/organizations/yamagata-asahitown/feeds/AsahiTown/files/feed.zip?rid=prev_5,data/raw/gtfs/history/yamagata-asahitown__AsahiTown__prev_5.zip,55acedee7a4655f8c18a5ede85d6779f59826d3ec7a98b77d45bb8beec5572b2,206,attachment; filename=feed_yamagata-asahitown_AsahiTown_20220401_20221205191807.zip,2026-09-29T01:39:22.298811+00:00,
yamagata-yamagatacity,YamagataCity,prev_1,https://api.gtfs-data.jp/v2/organizations/yamagata-yamagatacity/feeds/YamagataCity/files/feed.zip?rid=prev_1,data/raw/gtfs/history/yamagata-yamagatacity__YamagataCity__prev_1.zip,aa85a222b50b3faa3133c2dab7d98afcabb2c6eb7eb5a9021ebbafaae776957a,206,attachment; filename=feed_yamagata-yamagatacity_YamagataCity_20260707_20260608105838.zip,2026-09-29T01:39:22.356531+00:00,
yamagata-yamagatacity,YamagataCity,prev_2,https://api.gtfs-data.jp/v2/organizations/yamagata-yamagatacity/feeds/YamagataCity/files/feed.zip?rid=prev_2,data/raw/gtfs/history/yamagata-yamagatacity__YamagataCity__prev_2.zip,3416669e6658c204e15d9e114384603eb3b6cefe9767a564cf5cdb7bc77ea49a,206,attachment; filename=feed_yamagata-yamagatacity_YamagataCity_20260401_20260224114513.zip,2026-09-29T01:39:22.323583+00:00,
yamagata-yamagatacity,YamagataCity,prev_3,https://api.gtfs-data.jp/v2/organizations/yamagata-yamagatacity/feeds/YamagataCity/files/feed.zip?rid=prev_3,data/raw/gtfs/history/yamagata-yamagatacity__YamagataCity__prev_3.zip,30ca1255590a3d86672622c64f84bf8d730bfbd2c1877843d1a0420f8e25351f,206,attachment; filename=feed_yamagata-yamagatacity_YamagataCity_20251007_20251121093339.zip,2026-09-29T01:39:22.326915+00:00,
yamagata-yamagatacity,YamagataCity,prev_4,https://api.gtfs-data.jp/v2/organizations/yamagata-yamagatacity/feeds/YamagataCity/files/feed.zip?rid=prev_4,data/raw/gtfs/history/yamagata-yamagatacity__YamagataCity__prev_4.zip,74a6208ef26273f7b1e17e93f3059026fa45d9f8892d47bd0a5947415360ec63,206,attachment; filename=feed_yamagata-yamagatacity_YamagataCity_20250809_20250710163312.zip,2026-09-29T01:39:22.340518+00:00,
yamagata-yamagatacity,YamagataCity,prev_5,https://api.gtfs-data.jp/v2/organizations/yamagata-yamagatacity/feeds/YamagataCity/files/feed.zip?rid=prev_5,data/raw/gtfs/history/yamagata-yamagatacity__YamagataCity__prev_5.zip,b756258b1ff451deb1baf7d50ab6dffec85548982bf61e12d6df4c903311e937,206,attachment; filename=feed_yamagata-yamagatacity_YamagataCity_20250401_20250311131042.zip,2026-09-29T01:39:22.380924+00:00,
yamagata-yamagatacity,YamagataCity,prev_6,https://api.gtfs-data.jp/v2/organizations/yamagata-yamagatacity/feeds/YamagataCity/files/feed.zip?rid=prev_6,data/raw/gtfs/history/yamagata-yamagatacity__YamagataCity__prev_6.zip,e3ce04e9880cd494ee8078969d8aaab77fa6d30e0dc23ea623abc88beb546ef3,206,attachment; filename=feed_yamagata-yamagatacity_YamagataCity_20250108_20241216090617.zip,2026-09-29T01:39:44.347416+00:00,
yamagata-yamagatacity,YamagataCity,prev_7,https://api.gtfs-data.jp/v2/organizations/yamagata-yamagatacity/feeds/YamagataCity/files/feed.zip?rid=prev_7,data/raw/gtfs/history/yamagata-yamagatacity__YamagataCity__prev_7.zip,076bfffe95f73fe22c30aa9e373ced20534d0497c3def2e1198aea64295fc363,206,attachment; filename=feed_yamagata-yamagatacity_YamagataCity_20241210_20241213143103.zip,2026-09-29T01:39:44.346517+00:00,
yamagata-yamagatacity,YamagataCity,prev_8,https://api.gtfs-data.jp/v2/organizations/yamagata-yamagatacity/feeds/YamagataCity/files/feed.zip?rid=prev_8,data/raw/gtfs/history/yamagata-yamagatacity__YamagataCity__prev_8.zip,2252a3e5a0e86f96ad5473e2351fa260d8d3dc1cdd0d338dd2002cbb011e9cc2,206,attachment; filename=feed_yamagata-yamagatacity_YamagataCity_20240901_20240801110901.zip,2026-09-29T01:39:44.337791+00:00,
yamagata-yamagatacity,YamagataCity,prev_9,https://api.gtfs-data.jp/v2/organizations/yamagata-yamagatacity/feeds/YamagataCity/files/feed.zip?rid=prev_9,data/raw/gtfs/history/yamagata-yamagatacity__YamagataCity__prev_9.zip,b542238741afb08134d9d5b3ffb057d9e00a5b01339248374f581480d8264421,206,attachment; filename=feed_yamagata-yamagatacity_YamagataCity_20240725_20240729100248.zip,2026-09-29T01:39:44.248608+00:00,
yamagata-yamagatacity,YamagataCity,prev_10,https://api.gtfs-data.jp/v2/organizations/yamagata-yamagatacity/feeds/YamagataCity/files/feed.zip?rid=prev_10,data/raw/gtfs/history/yamagata-yamagatacity__YamagataCity__prev_10.zip,c1d7814e2b0a891b878389bb71309116aa7d0263899c5852e278888f61bb3caf,206,attachment; filename=feed_yamagata-yamagatacity_YamagataCity_20240401_20240227152917.zip,2026-09-29T01:39:44.352911+00:00,
yamagata-yamagatacity,YamagataCity,prev_11,https://api.gtfs-data.jp/v2/organizations/yamagata-yamagatacity/feeds/YamagataCity/files/feed.zip?rid=prev_11,data/raw/gtfs/history/yamagata-yamagatacity__YamagataCity__prev_11.zip,9d2378ec8582f47dded8d3ef46994c45b931c5e569ecae5b1ac32d7a5881aa1b,206,attachment; filename=feed_yamagata-yamagatacity_YamagataCity_20230906_20230911114452.zip,2026-09-29T01:39:44.054319+00:00,
yamagata-yamagatacity,YamagataCity,prev_12,https://api.gtfs-data.jp/v2/organizations/yamagata-yamagatacity/feeds/YamagataCity/files/feed.zip?rid=prev_12,data/raw/gtfs/history/yamagata-yamagatacity__YamagataCity__prev_12.zip,6396550ab2f79a86a817aa90eeb2d5fc9020ef15ec4206410b49d36392b86ac8,206,attachment; filename=feed_yamagata-yamagatacity_YamagataCity_20230701_20230711142103.zip,2026-09-29T01:39:44.077281+00:00,
yamagata-ogunitown,OguniTown,prev_1,https://api.gtfs-data.jp/v2/organizations/yamagata-ogunitown/feeds/OguniTown/files/feed.zip?rid=prev_1,data/raw/gtfs/history/yamagata-ogunitown__OguniTown__prev_1.zip,d2d4510a1677a34820a4c4363e84dd0d939c9baebe42aefb864b41f7eb826361,206,attachment; filename=feed_yamagata-ogunitown_OguniTown_20260401_20260401151241.zip,2026-09-29T01:39:44.195579+00:00,
yamagata-ogunitown,OguniTown,prev_2,https://api.gtfs-data.jp/v2/organizations/yamagata-ogunitown/feeds/OguniTown/files/feed.zip?rid=prev_2,data/raw/gtfs/history/yamagata-ogunitown__OguniTown__prev_2.zip,4f7d05d6e4ecaff400d2e3d2343633b5283b5f7ca79c8bc0d2184da691c257ab,206,attachment; filename=feed_yamagata-ogunitown_OguniTown_20251001_20251020155332.zip,2026-09-29T01:39:59.927580+00:00,
yamagata-ogunitown,OguniTown,prev_3,https://api.gtfs-data.jp/v2/organizations/yamagata-ogunitown/feeds/OguniTown/files/feed.zip?rid=prev_3,data/raw/gtfs/history/yamagata-ogunitown__OguniTown__prev_3.zip,0b811dd494e38095818a151c2891c780be6ca1c4882537e6b8c3ae8d66cbb39f,206,attachment; filename=feed_yamagata-ogunitown_OguniTown_20250701_20250627131032.zip,2026-09-29T01:40:00.088811+00:00,
yamagata-ogunitown,OguniTown,prev_4,https://api.gtfs-data.jp/v2/organizations/yamagata-ogunitown/feeds/OguniTown/files/feed.zip?rid=prev_4,data/raw/gtfs/history/yamagata-ogunitown__OguniTown__prev_4.zip,49451199bfe37501a0ea5402152e6868cd65c7c4724049a0eccad839dabd128d,206,attachment; filename=feed_yamagata-ogunitown_OguniTown_20250401_20250317141439.zip,2026-09-29T01:40:00.087977+00:00,
yamagata-ogunitown,OguniTown,prev_5,https://api.gtfs-data.jp/v2/organizations/yamagata-ogunitown/feeds/OguniTown/files/feed.zip?rid=prev_5,data/raw/gtfs/history/yamagata-ogunitown__OguniTown__prev_5.zip,403a5e9f76e9df68a0c87fa3f34b6786d855eeacc6aa93d2ccf366ad0eda8345,206,attachment; filename=feed_yamagata-ogunitown_OguniTown_20240401_20240312110440.zip,2026-09-29T01:39:59.797009+00:00,
yamagata-ogunitown,OguniTown,prev_6,https://api.gtfs-data.jp/v2/organizations/yamagata-ogunitown/feeds/OguniTown/files/feed.zip?rid=prev_6,data/raw/gtfs/history/yamagata-ogunitown__OguniTown__prev_6.zip,87549672f0998ddd331c72ab25c4b60c263ab44ec81c670786eeba1596309b3c,206,attachment; filename=feed_yamagata-ogunitown_OguniTown_20230401_20230307120405.zip,2026-09-29T01:40:00.026300+00:00,
yamagata-ogunitown,OguniTown,prev_7,https://api.gtfs-data.jp/v2/organizations/yamagata-ogunitown/feeds/OguniTown/files/feed.zip?rid=prev_7,data/raw/gtfs/history/yamagata-ogunitown__OguniTown__prev_7.zip,1eed5a6e6675190d7df01fcf26b982fad4eeecfe5a3fdd2065f8bd128d722ebc,206,attachment; filename=feed_yamagata-ogunitown_OguniTown_20230101_20221226143344.zip,2026-09-29T01:39:59.787298+00:00,
yamagata-ogunitown,OguniTown,prev_8,https://api.gtfs-data.jp/v2/organizations/yamagata-ogunitown/feeds/OguniTown/files/feed.zip?rid=prev_8,data/raw/gtfs/history/yamagata-ogunitown__OguniTown__prev_8.zip,21e72219a8b18cdb1898e7e5b9459bd3221540ed86c81baf33001904ab7a1b53,206,attachment; filename=feed_yamagata-ogunitown_OguniTown_20220401_20221205210113.zip,2026-09-29T01:40:00.061727+00:00,
yamakobus,YAMAKOBUS,prev_1,https://api.gtfs-data.jp/v2/organizations/yamakobus/feeds/YAMAKOBUS/files/feed.zip?rid=prev_1,data/raw/gtfs/history/yamakobus__YAMAKOBUS__prev_1.zip,eab323931776f53abe002212c3e5cacd32eb51b90325fc339d5c3373b7558f5b,206,attachment; filename=feed_yamakobus_YAMAKOBUS_20260401_20260324123659.zip,2026-09-29T01:40:00.174347+00:00,
yamakobus,YAMAKOBUS,prev_2,https://api.gtfs-data.jp/v2/organizations/yamakobus/feeds/YAMAKOBUS/files/feed.zip?rid=prev_2,data/raw/gtfs/history/yamakobus__YAMAKOBUS__prev_2.zip,27395d77dc592717545c37af4a38fb76b9cecb29b787f640c501f92f1572d77b,206,attachment; filename=feed_yamakobus_YAMAKOBUS_20251210_20251216093645.zip,2026-09-29T01:40:18.090576+00:00,
yamakobus,YAMAKOBUS,prev_3,https://api.gtfs-data.jp/v2/organizations/yamakobus/feeds/YAMAKOBUS/files/feed.zip?rid=prev_3,data/raw/gtfs/history/yamakobus__YAMAKOBUS__prev_3.zip,5bdc34b75520d3f9275bd6ac4eb946b3e4fa37c09789508d20c8d70f76cd545f,206,attachment; filename=feed_yamakobus_YAMAKOBUS_20250910_20250922105312.zip,2026-09-29T01:40:18.089881+00:00,
yamakobus,YAMAKOBUS,prev_4,https://api.gtfs-data.jp/v2/organizations/yamakobus/feeds/YAMAKOBUS/files/feed.zip?rid=prev_4,data/raw/gtfs/history/yamakobus__YAMAKOBUS__prev_4.zip,d2ea151298f6cd2827a2de457c9c03d7b134f92670fda57c7449af5d549907e6,206,attachment; filename=feed_yamakobus_YAMAKOBUS_20250401_20250509100309.zip,2026-09-29T01:40:18.047055+00:00,
yamakobus,YAMAKOBUS,prev_5,https://api.gtfs-data.jp/v2/organizations/yamakobus/feeds/YAMAKOBUS/files/feed.zip?rid=prev_5,data/raw/gtfs/history/yamakobus__YAMAKOBUS__prev_5.zip,ac5133b4e41c0e54abe190745e07a7edb1ff233a77e9f971339d4e55092d23f4,206,attachment; filename=feed_yamakobus_YAMAKOBUS_20221203_20221226142248.zip,2026-09-29T01:40:18.069939+00:00,
yamakobus,YAMAKOBUS,prev_6,https://api.gtfs-data.jp/v2/organizations/yamakobus/feeds/YAMAKOBUS/files/feed.zip?rid=prev_6,data/raw/gtfs/history/yamakobus__YAMAKOBUS__prev_6.zip,17b14b3588da7fbb10440b0594d0bed09776705d5f26dab1303023789198da06,206,attachment; filename=feed_yamakobus_YAMAKOBUS_20221201_20221205211545.zip,2026-09-29T01:40:17.774003+00:00,
yamakobus,YAMAKOBUS,prev_7,https://api.gtfs-data.jp/v2/organizations/yamakobus/feeds/YAMAKOBUS/files/feed.zip?rid=prev_7,data/raw/gtfs/history/yamakobus__YAMAKOBUS__prev_7.zip,ac4d65abf118d46926e42f3e4d067f98e73843ca860cee03377e8affc5b8f613,206,attachment; filename=feed_yamakobus_YAMAKOBUS_20211001_20221205211521.zip,2026-09-29T01:40:18.041824+00:00,
yonezawacity,Yonezawa,prev_1,https://api.gtfs-data.jp/v2/organizations/yonezawacity/feeds/Yonezawa/files/feed.zip?rid=prev_1,data/raw/gtfs/history/yonezawacity__Yonezawa__prev_1.zip,948d9e47ca6ad65fcc005003ef805f68b4fe32714d6574d03f3d9cb4e94a33ef,206,attachment; filename=feed_yonezawacity_Yonezawa_20260401_20260309162029.zip,2026-09-29T01:40:17.744981+00:00,
yonezawacity,Yonezawa,prev_2,https://api.gtfs-data.jp/v2/organizations/yonezawacity/feeds/Yonezawa/files/feed.zip?rid=prev_2,data/raw/gtfs/history/yonezawacity__Yonezawa__prev_2.zip,787a86d712608840074c4a9873f8999115a4e759769a1322ea4e244af339dd1a,206,attachment; filename=feed_yonezawacity_Yonezawa_20251201_20251120114323.zip,2026-09-29T01:40:17.900506+00:00,
yonezawacity,Yonezawa,prev_3,https://api.gtfs-data.jp/v2/organizations/yonezawacity/feeds/Yonezawa/files/feed.zip?rid=prev_3,data/raw/gtfs/history/yonezawacity__Yonezawa__prev_3.zip,26cbdd3f1f539c9c6c3ac7751ce9fa60a1729095ea37ff3c245ce02bb38b9a6e,206,attachment; filename=feed_yonezawacity_Yonezawa_20250401_20250328142404.zip,2026-09-29T01:40:34.179105+00:00,
yonezawacity,Yonezawa,prev_4,https://api.gtfs-data.jp/v2/organizations/yonezawacity/feeds/Yonezawa/files/feed.zip?rid=prev_4,data/raw/gtfs/history/yonezawacity__Yonezawa__prev_4.zip,a8e95f91ff3f16d2bcca502eb864d62fb8263f562294fc07e1f0840eb7328f07,206,attachment; filename=feed_yonezawacity_Yonezawa_20241201_20241127103439.zip,2026-09-29T01:40:34.061008+00:00,
yonezawacity,Yonezawa,prev_5,https://api.gtfs-data.jp/v2/organizations/yonezawacity/feeds/Yonezawa/files/feed.zip?rid=prev_5,data/raw/gtfs/history/yonezawacity__Yonezawa__prev_5.zip,f818153f32d2c6ec09ee88d345ddd917aca64ba5b2f32d87bc86206dc47e1aad,206,attachment; filename=feed_yonezawacity_Yonezawa_20240401_20240312112012.zip,2026-09-29T01:40:34.040730+00:00,
yonezawacity,Yonezawa,prev_6,https://api.gtfs-data.jp/v2/organizations/yonezawacity/feeds/Yonezawa/files/feed.zip?rid=prev_6,data/raw/gtfs/history/yonezawacity__Yonezawa__prev_6.zip,20180cd1ed8326ceaa846b4676b71f87a5867e7838da2a58b7d3dcac6a4e87e6,206,attachment; filename=feed_yonezawacity_Yonezawa_20231201_20231108104932.zip,2026-09-29T01:40:34.249879+00:00,
yonezawacity,Yonezawa,prev_7,https://api.gtfs-data.jp/v2/organizations/yonezawacity/feeds/Yonezawa/files/feed.zip?rid=prev_7,data/raw/gtfs/history/yonezawacity__Yonezawa__prev_7.zip,c70a34f02089f4e81b1de8d279f63b9d5390da6281dfe9240aadff0d7c238552,206,attachment; filename=feed_yonezawacity_Yonezawa_20231101_20231019132004.zip,2026-09-29T01:40:34.253319+00:00,
yonezawacity,Yonezawa,prev_8,https://api.gtfs-data.jp/v2/organizations/yonezawacity/feeds/Yonezawa/files/feed.zip?rid=prev_8,data/raw/gtfs/history/yonezawacity__Yonezawa__prev_8.zip,cd44873ebacc9aa9cc84d4fb846ef5924bcc4b0a7adf1d2b188c4c52c9dd4798,206,attachment; filename=feed_yonezawacity_Yonezawa_20230401_20230317095455.zip,2026-09-29T01:40:34.057114+00:00,
yonezawacity,Yonezawa,prev_9,https://api.gtfs-data.jp/v2/organizations/yonezawacity/feeds/Yonezawa/files/feed.zip?rid=prev_9,data/raw/gtfs/history/yonezawacity__Yonezawa__prev_9.zip,3b4863f99f464d1c6e98cfab949fc82e46b294a9a44c6b5352d2935b1c69870a,206,attachment; filename=feed_yonezawacity_Yonezawa_20221201_20221205205336.zip,2026-09-29T01:40:34.198792+00:00,
yonezawacity,Yonezawa,prev_10,https://api.gtfs-data.jp/v2/organizations/yonezawacity/feeds/Yonezawa/files/feed.zip?rid=prev_10,data/raw/gtfs/history/yonezawacity__Yonezawa__prev_10.zip,e37c8d5ed85f9c17543c1ae1d06b7a5b318107a0d7aedeb30f4757c061d9991a,206,attachment; filename=feed_yonezawacity_Yonezawa_20220401_20221205205318.zip,2026-09-29T01:40:34.355943+00:00,
motomiyacity,motomiyashibus,prev_1,https://api.gtfs-data.jp/v2/organizations/motomiyacity/feeds/motomiyashibus/files/feed.zip?rid=prev_1,data/raw/gtfs/history/motomiyacity__motomiyashibus__prev_1.zip,ca9e86aad841bebf65acb80d262dc3c6937b0dca32751af88b02651fb7afa4dc,206,attachment; filename=feed_motomiyacity_motomiyashibus_20250401_20250324103719.zip,2026-09-29T01:40:50.728671+00:00,
motomiyacity,motomiyashibus,prev_2,https://api.gtfs-data.jp/v2/organizations/motomiyacity/feeds/motomiyashibus/files/feed.zip?rid=prev_2,data/raw/gtfs/history/motomiyacity__motomiyashibus__prev_2.zip,187b409589e5d44432af0f99022d15d29a6dd7fb7fb975b9acf40e0fb6f5993d,206,attachment; filename=feed_motomiyacity_motomiyashibus_20250319_20250324090120.zip,2026-09-29T01:40:50.874114+00:00,
yamanobetown,YamanobeTown,prev_1,https://api.gtfs-data.jp/v2/organizations/yamanobetown/feeds/YamanobeTown/files/feed.zip?rid=prev_1,data/raw/gtfs/history/yamanobetown__YamanobeTown__prev_1.zip,4319d5d733038217d5a8295eadf7432937faf848fbba102286ace90384e9fb1e,206,attachment; filename=feed_yamanobetown_YamanobeTown_20250401_20250221094001.zip,2026-09-29T01:40:51.193894+00:00,
yamanobetown,YamanobeTown,prev_2,https://api.gtfs-data.jp/v2/organizations/yamanobetown/feeds/YamanobeTown/files/feed.zip?rid=prev_2,data/raw/gtfs/history/yamanobetown__YamanobeTown__prev_2.zip,5dc855276f04a060310ae81ac60ef2d6ebb1370f5f1ab6b75905ec9e0d53fd62,206,attachment; filename=feed_yamanobetown_YamanobeTown_20240902_20240903110330.zip,2026-09-29T01:40:51.027534+00:00,
yamanobetown,YamanobeTown,prev_3,https://api.gtfs-data.jp/v2/organizations/yamanobetown/feeds/YamanobeTown/files/feed.zip?rid=prev_3,data/raw/gtfs/history/yamanobetown__YamanobeTown__prev_3.zip,937091bd1c3b1e38be6eeb610c4ca013cd34b5581423b0cdbd254adb96fd0486,206,attachment; filename=feed_yamanobetown_YamanobeTown_20230818_20230823115043.zip,2026-09-29T01:40:51.019149+00:00,
yamanobetown,YamanobeTown,prev_4,https://api.gtfs-data.jp/v2/organizations/yamanobetown/feeds/YamanobeTown/files/feed.zip?rid=prev_4,data/raw/gtfs/history/yamanobetown__YamanobeTown__prev_4.zip,48ddcbf4f0612292b7469e5c0febf7a4b9523da0810e8170068d979d9945baff,206,attachment; filename=feed_yamanobetown_YamanobeTown_20220915_20221205190709.zip,2026-09-29T01:40:51.078838+00:00,
yamanobetown,YamanobeTown,prev_5,https://api.gtfs-data.jp/v2/organizations/yamanobetown/feeds/YamanobeTown/files/feed.zip?rid=prev_5,data/raw/gtfs/history/yamanobetown__YamanobeTown__prev_5.zip,1b598eb166fb9022a27d10d849dad1fecaab47233a39b43a13b2b05142473af0,206,attachment; filename=feed_yamanobetown_YamanobeTown_20211007_20221205190646.zip,2026-09-29T01:40:51.212137+00:00,
namegatacity,bus-namegata-ibaraki-jp,prev_1,https://api.gtfs-data.jp/v2/organizations/namegatacity/feeds/bus-namegata-ibaraki-jp/files/feed.zip?rid=prev_1,data/raw/gtfs/history/namegatacity__bus-namegata-ibaraki-jp__prev_1.zip,6e88dee62223a4e2ae4ad79063304804fba419c5ae07e46981d6bf56cda135d5,206,attachment; filename=feed_namegatacity_bus-namegata-ibaraki-jp_20251225_20251225120525.zip,2026-09-29T01:40:50.742256+00:00,
namegatacity,bus-namegata-ibaraki-jp,prev_2,https://api.gtfs-data.jp/v2/organizations/namegatacity/feeds/bus-namegata-ibaraki-jp/files/feed.zip?rid=prev_2,data/raw/gtfs/history/namegatacity__bus-namegata-ibaraki-jp__prev_2.zip,d0e91223f1ae06ff4f98fbb409e35e896f18814f582e6dfcf73f60c28f043e62,206,attachment; filename=feed_namegatacity_bus-namegata-ibaraki-jp_20251224_20251224194136.zip,2026-09-29T01:41:07.678589+00:00,
namegatacity,bus-namegata-ibaraki-jp,prev_3,https://api.gtfs-data.jp/v2/organizations/namegatacity/feeds/bus-namegata-ibaraki-jp/files/feed.zip?rid=prev_3,data/raw/gtfs/history/namegatacity__bus-namegata-ibaraki-jp__prev_3.zip,ec49f1a80d9c06d4c7cebac409a9c937def11bdc4a80f6b32bf850f80365bea1,206,attachment; filename=feed_namegatacity_bus-namegata-ibaraki-jp_20251126_20251126225319.zip,2026-09-29T01:41:07.426824+00:00,
namegatacity,bus-namegata-ibaraki-jp,prev_4,https://api.gtfs-data.jp/v2/organizations/namegatacity/feeds/bus-namegata-ibaraki-jp/files/feed.zip?rid=prev_4,data/raw/gtfs/history/namegatacity__bus-namegata-ibaraki-jp__prev_4.zip,875be30ae166053ede940a109952ed0557fc0c3902aaf8ee703e834156878215,206,attachment; filename=feed_namegatacity_bus-namegata-ibaraki-jp_20251120_20251124111805.zip,2026-09-29T01:41:07.416923+00:00,
otonekotu,otonekotubus,prev_1,https://api.gtfs-data.jp/v2/organizations/otonekotu/feeds/otonekotubus/files/feed.zip?rid=prev_1,data/raw/gtfs/history/otonekotu__otonekotubus__prev_1.zip,577d0b3ff6f6999b92cc50c7c7c7797bd76e6a710fb190a3d187ae58a584d59a,206,attachment; filename=feed_otonekotu_otonekotubus_20250506_20250506130941.zip,2026-09-29T01:41:07.627255+00:00,
otonekotu,otonekotubus,prev_2,https://api.gtfs-data.jp/v2/organizations/otonekotu/feeds/otonekotubus/files/feed.zip?rid=prev_2,data/raw/gtfs/history/otonekotu__otonekotubus__prev_2.zip,bfe6670f8b940f9906be124bf7bff48638286c58bf1390d12286d64c4a185320,206,attachment; filename=feed_otonekotu_otonekotubus_20250317_20250317113105.zip,2026-09-29T01:41:07.337954+00:00,
otonekotu,otonekotubus,prev_3,https://api.gtfs-data.jp/v2/organizations/otonekotu/feeds/otonekotubus/files/feed.zip?rid=prev_3,data/raw/gtfs/history/otonekotu__otonekotubus__prev_3.zip,3c996192827fe04811c975048984e1b76a5e020bbb3e515408718846d16fe874,206,attachment; filename=feed_otonekotu_otonekotubus_20240810_20250105095517.zip,2026-09-29T01:41:07.672875+00:00,
shinjobankotsu,SHINJOBANKOTSU,prev_1,https://api.gtfs-data.jp/v2/organizations/shinjobankotsu/feeds/SHINJOBANKOTSU/files/feed.zip?rid=prev_1,data/raw/gtfs/history/shinjobankotsu__SHINJOBANKOTSU__prev_1.zip,ce59b52c966f7ed059f0bd1d591dcf02631f8f0dedc60c1a2131b9dade19a1bb,206,attachment; filename=feed_shinjobankotsu_SHINJOBANKOTSU_20251215_20251214144820.zip,2026-09-29T01:41:07.493827+00:00,
shinjobankotsu,SHINJOBANKOTSU,prev_2,https://api.gtfs-data.jp/v2/organizations/shinjobankotsu/feeds/SHINJOBANKOTSU/files/feed.zip?rid=prev_2,data/raw/gtfs/history/shinjobankotsu__SHINJOBANKOTSU__prev_2.zip,882669216afd76757948b1fc2ba71a2a4ab405d13ac24b31bf87d6b44149f3fe,206,attachment; filename=feed_shinjobankotsu_SHINJOBANKOTSU_20251001_20250916184833.zip,2026-09-29T01:41:07.486372+00:00,
shinjobankotsu,SHINJOBANKOTSU,prev_3,https://api.gtfs-data.jp/v2/organizations/shinjobankotsu/feeds/SHINJOBANKOTSU/files/feed.zip?rid=prev_3,data/raw/gtfs/history/shinjobankotsu__SHINJOBANKOTSU__prev_3.zip,0f5f79dfa0d27c6fe305b3600a4e67051c132a772b5f866606b9cd06d960a10b,206,attachment; filename=feed_shinjobankotsu_SHINJOBANKOTSU_20250401_20250324172407.zip,2026-09-29T01:41:23.800246+00:00,
shinjobankotsu,SHINJOBANKOTSU,prev_4,https://api.gtfs-data.jp/v2/organizations/shinjobankotsu/feeds/SHINJOBANKOTSU/files/feed.zip?rid=prev_4,data/raw/gtfs/history/shinjobankotsu__SHINJOBANKOTSU__prev_4.zip,a9f7375d9eb4d9524f042bb9637daee62647f318b6d5481efda384e6f583876e,206,attachment; filename=feed_shinjobankotsu_SHINJOBANKOTSU_20241101_20241022160626.zip,2026-09-29T01:41:24.006929+00:00,
shinjobankotsu,SHINJOBANKOTSU,prev_5,https://api.gtfs-data.jp/v2/organizations/shinjobankotsu/feeds/SHINJOBANKOTSU/files/feed.zip?rid=prev_5,data/raw/gtfs/history/shinjobankotsu__SHINJOBANKOTSU__prev_5.zip,4c95f738a5da62eab22ce0d3608d33e750e569c9e6934f596ae97b1cd7e0d833,206,attachment; filename=feed_shinjobankotsu_SHINJOBANKOTSU_20240401_20240531133416.zip,2026-09-29T01:41:23.682828+00:00,
tsuchiuracity,tsuchimarubus,prev_1,https://api.gtfs-data.jp/v2/organizations/tsuchiuracity/feeds/tsuchimarubus/files/feed.zip?rid=prev_1,data/raw/gtfs/history/tsuchiuracity__tsuchimarubus__prev_1.zip,a79753268c29df9ca08261ef5efcb864084a0292c231bdda702630d6b957ccf5,206,attachment; filename=feed_tsuchiuracity_tsuchimarubus_20250101_20250124144053.zip,2026-09-29T01:41:23.754375+00:00,
tsuchiuracity,tsuchimarubus,prev_2,https://api.gtfs-data.jp/v2/organizations/tsuchiuracity/feeds/tsuchimarubus/files/feed.zip?rid=prev_2,data/raw/gtfs/history/tsuchiuracity__tsuchimarubus__prev_2.zip,9ee60383463d74cf0c785cd6ca0b9b7f9f39a360e2d504df917ff8fa1685463f,206,attachment; filename=feed_tsuchiuracity_tsuchimarubus_20240401_20240326153759.zip,2026-09-29T01:41:23.492360+00:00,
tsuchiuracity,tsuchimarubus,prev_3,https://api.gtfs-data.jp/v2/organizations/tsuchiuracity/feeds/tsuchimarubus/files/feed.zip?rid=prev_3,data/raw/gtfs/history/tsuchiuracity__tsuchimarubus__prev_3.zip,c97f8f023de32155e09e15d8dd214322a242054671f56cb0f6c9e5ce452f8030,206,attachment; filename=feed_tsuchiuracity_tsuchimarubus_20230401_20230324165347.zip,2026-09-29T01:41:23.611243+00:00,
tsuchiuracity,tsuchimarubus,prev_4,https://api.gtfs-data.jp/v2/organizations/tsuchiuracity/feeds/tsuchimarubus/files/feed.zip?rid=prev_4,data/raw/gtfs/history/tsuchiuracity__tsuchimarubus__prev_4.zip,73d591284d59d1c5a1acf03d0de7e31967d82f6b11f75e1662572d2b56be1b3d,206,attachment; filename=feed_tsuchiuracity_tsuchimarubus_20221208_20230307084518.zip,2026-09-29T01:41:23.454330+00:00,
yukicity,junkaibus,prev_1,https://api.gtfs-data.jp/v2/organizations/yukicity/feeds/junkaibus/files/feed.zip?rid=prev_1,data/raw/gtfs/history/yukicity__junkaibus__prev_1.zip,35b094c3039a7bc9cc5e6a0e4748ed151558c6cbae8ebde22dc660317730eb11,206,attachment; filename=feed_yukicity_junkaibus_20250401_20250310113158.zip,2026-09-29T01:41:23.621872+00:00,
yukicity,junkaibus,prev_2,https://api.gtfs-data.jp/v2/organizations/yukicity/feeds/junkaibus/files/feed.zip?rid=prev_2,data/raw/gtfs/history/yukicity__junkaibus__prev_2.zip,626da8628a3d3f83a5c74d03a71a5b573415a84de8b53f1f4e16ab01c4d6c297,206,attachment; filename=feed_yukicity_junkaibus_20230401_20231122151831.zip,2026-09-29T01:41:39.753975+00:00,
tsukubacity,TSUKUBUS,prev_1,https://api.gtfs-data.jp/v2/organizations/tsukubacity/feeds/TSUKUBUS/files/feed.zip?rid=prev_1,data/raw/gtfs/history/tsukubacity__TSUKUBUS__prev_1.zip,5b5f8d1e137421606dc1ca471f4bb4f28ce8f5a4a3ddb2da224c1027faf26bcb,206,attachment; filename=feed_tsukubacity_TSUKUBUS_20251001_20251029143637.zip,2026-09-29T01:41:39.810120+00:00,
tsukubacity,TSUKUBUS,prev_2,https://api.gtfs-data.jp/v2/organizations/tsukubacity/feeds/TSUKUBUS/files/feed.zip?rid=prev_2,data/raw/gtfs/history/tsukubacity__TSUKUBUS__prev_2.zip,c3e51882c8e54aa25fe797751eb663e3330b8fb8defc754c95c384b0018e9df5,206,attachment; filename=feed_tsukubacity_TSUKUBUS_20250401_20250402163613.zip,2026-09-29T01:41:39.826157+00:00,
tsukubacity,TSUKUBUS,prev_3,https://api.gtfs-data.jp/v2/organizations/tsukubacity/feeds/TSUKUBUS/files/feed.zip?rid=prev_3,data/raw/gtfs/history/tsukubacity__TSUKUBUS__prev_3.zip,352570c3942daa25d77102a6c137d6ca735c9624788efa2bd273efbe15807ce2,206,attachment; filename=feed_tsukubacity_TSUKUBUS_20241001_20241001132933.zip,2026-09-29T01:41:39.839045+00:00,
tsukubacity,TSUKUBUS,prev_4,https://api.gtfs-data.jp/v2/organizations/tsukubacity/feeds/TSUKUBUS/files/feed.zip?rid=prev_4,data/raw/gtfs/history/tsukubacity__TSUKUBUS__prev_4.zip,15588768ccb503e7b4eda8e913cf26990b0e6158b5146ba98aebd0298d84ff7d,206,attachment; filename=feed_tsukubacity_TSUKUBUS_20240401_20240401094443.zip,2026-09-29T01:41:40.029465+00:00,
tsukubacity,TSUKUBUS,prev_5,https://api.gtfs-data.jp/v2/organizations/tsukubacity/feeds/TSUKUBUS/files/feed.zip?rid=prev_5,data/raw/gtfs/history/tsukubacity__TSUKUBUS__prev_5.zip,58288b34f0289c0c77286dac9d545a8ee1554d5e4f9e4393350af40faba87f54,206,attachment; filename=feed_tsukubacity_TSUKUBUS_20231001_20231003115236.zip,2026-09-29T01:41:39.687296+00:00,
tsukubacity,TSUKUBUS,prev_6,https://api.gtfs-data.jp/v2/organizations/tsukubacity/feeds/TSUKUBUS/files/feed.zip?rid=prev_6,data/raw/gtfs/history/tsukubacity__TSUKUBUS__prev_6.zip,e31055a77c0cce843fa3d6c7c41fbc9357aa6ba2a957eac66cabfd1ff030586b,206,attachment; filename=feed_tsukubacity_TSUKUBUS_20230401_20230331100348.zip,2026-09-29T01:41:40.158167+00:00,
tsukubacity,TSUKUBUS,prev_7,https://api.gtfs-data.jp/v2/organizations/tsukubacity/feeds/TSUKUBUS/files/feed.zip?rid=prev_7,data/raw/gtfs/history/tsukubacity__TSUKUBUS__prev_7.zip,83817415e99aa9ecc9f56448ff60440369ac383c9061492e10e5fac881d0da09,206,attachment; filename=feed_tsukubacity_TSUKUBUS_20221001_20230302093119.zip,2026-09-29T01:41:40.008547+00:00,
mibutown,mibubu,prev_1,https://api.gtfs-data.jp/v2/organizations/mibutown/feeds/mibubu/files/feed.zip?rid=prev_1,data/raw/gtfs/history/mibutown__mibubu__prev_1.zip,c3d973fd7c7cb741121322bddd6ca17476d9be7be5dee56d69303adda6f087e0,206,attachment; filename=feed_mibutown_mibubu_20250522_20250818111530.zip,2026-09-29T01:41:57.968477+00:00,
nasutown,nasutown,prev_1,https://api.gtfs-data.jp/v2/organizations/nasutown/feeds/nasutown/files/feed.zip?rid=prev_1,data/raw/gtfs/history/nasutown__nasutown__prev_1.zip,9518445c00b01a8a081edbbea6b9c056455ec2a66bb5df195bb58889eeab9052,206,attachment; filename=feed_nasutown_nasutown_20250815_20250926114257.zip,2026-09-29T01:41:58.169677+00:00,
nikkocity,nikkocity,prev_1,https://api.gtfs-data.jp/v2/organizations/nikkocity/feeds/nikkocity/files/feed.zip?rid=prev_1,data/raw/gtfs/history/nikkocity__nikkocity__prev_1.zip,36c8b93a6be19aadef209c618a182c8379a1ddb23da9d76ebf1b73c6c3280ca9,206,attachment; filename=feed_nikkocity_nikkocity_20251001_20250918111039.zip,2026-09-29T01:41:57.898547+00:00,
nikkocity,nikkocity,prev_2,https://api.gtfs-data.jp/v2/organizations/nikkocity/feeds/nikkocity/files/feed.zip?rid=prev_2,data/raw/gtfs/history/nikkocity__nikkocity__prev_2.zip,6a2b09b37aac56e04ba965e9246ed3f4b9fb61a8e60fee08e01834a788148266,206,attachment; filename=feed_nikkocity_nikkocity_20250701_20250701132341.zip,2026-09-29T01:41:58.047666+00:00,
nikkocity,nikkocity,prev_3,https://api.gtfs-data.jp/v2/organizations/nikkocity/feeds/nikkocity/files/feed.zip?rid=prev_3,data/raw/gtfs/history/nikkocity__nikkocity__prev_3.zip,d907bb35c99ed0eab57b3246d4cde22f765f180255b0d863601e290187bb88b5,206,attachment; filename=feed_nikkocity_nikkocity_20250120_20250121113310.zip,2026-09-29T01:41:58.240985+00:00,
nikkocity,nikkocity,prev_4,https://api.gtfs-data.jp/v2/organizations/nikkocity/feeds/nikkocity/files/feed.zip?rid=prev_4,data/raw/gtfs/history/nikkocity__nikkocity__prev_4.zip,a492f89b612ae79943e51fe4219af97732819728cb9b3cc50a7a14067bee0f2e,206,attachment; filename=feed_nikkocity_nikkocity_20240401_20240209102218.zip,2026-09-29T01:41:58.200130+00:00,
nikkocity,nikkocity,prev_5,https://api.gtfs-data.jp/v2/organizations/nikkocity/feeds/nikkocity/files/feed.zip?rid=prev_5,data/raw/gtfs/history/nikkocity__nikkocity__prev_5.zip,e40ded7787becf735e5f0e49b70e5e3ff4a2d2fb4d3ff3a07435c09c50fb529e,206,attachment; filename=feed_nikkocity_nikkocity_20231001_20230906115703.zip,2026-09-29T01:41:58.175273+00:00,
nikkocity,nikkocity,prev_6,https://api.gtfs-data.jp/v2/organizations/nikkocity/feeds/nikkocity/files/feed.zip?rid=prev_6,data/raw/gtfs/history/nikkocity__nikkocity__prev_6.zip,9d4e578bfef6126b65c8504ab09b505e998afc723b240318bd9e456f8649ccfd,206,attachment; filename=feed_nikkocity_nikkocity_20230104_20230210093618.zip,2026-09-29T01:41:57.895952+00:00,
nasushiobaracity,chiikibasu,prev_1,https://api.gtfs-data.jp/v2/organizations/nasushiobaracity/feeds/chiikibasu/files/feed.zip?rid=prev_1,data/raw/gtfs/history/nasushiobaracity__chiikibasu__prev_1.zip,664954afe712c7decca94d5e91e888c041885a13ba37118d823a7e19ef5f31ca,206,attachment; filename=feed_nasushiobaracity_chiikibasu_20250401_20250401151003.zip,2026-09-29T01:42:15.616678+00:00,
nasushiobaracity,chiikibasu,prev_2,https://api.gtfs-data.jp/v2/organizations/nasushiobaracity/feeds/chiikibasu/files/feed.zip?rid=prev_2,data/raw/gtfs/history/nasushiobaracity__chiikibasu__prev_2.zip,c9386d1cb5eabdfa3db5742cb763c77851cbb23f5ce3f8ccecfea36581c219f0,206,attachment; filename=feed_nasushiobaracity_chiikibasu_20240401_20240717084635.zip,2026-09-29T01:42:15.781695+00:00,
otawaracity,Ohtawaracitybus,prev_1,https://api.gtfs-data.jp/v2/organizations/otawaracity/feeds/Ohtawaracitybus/files/feed.zip?rid=prev_1,data/raw/gtfs/history/otawaracity__Ohtawaracitybus__prev_1.zip,fd84425a9636e712809705ddfcf036b172033858ee40b0113afee66b08742c73,206,attachment; filename=feed_otawaracity_Ohtawaracitybus_20250815_20250815130106.zip,2026-09-29T01:42:15.721245+00:00,
otawaracity,Ohtawaracitybus,prev_2,https://api.gtfs-data.jp/v2/organizations/otawaracity/feeds/Ohtawaracitybus/files/feed.zip?rid=prev_2,data/raw/gtfs/history/otawaracity__Ohtawaracitybus__prev_2.zip,ebee4f3d261d593eb7dbd29c7f62458ab76e383e7cd70c503de423fa22d0ff8c,206,attachment; filename=feed_otawaracity_Ohtawaracitybus_20250717_20250717112200.zip,2026-09-29T01:42:15.553175+00:00,
otawaracity,Ohtawaracitybus,prev_3,https://api.gtfs-data.jp/v2/organizations/otawaracity/feeds/Ohtawaracitybus/files/feed.zip?rid=prev_3,data/raw/gtfs/history/otawaracity__Ohtawaracitybus__prev_3.zip,da197bfc7046c0b840cf432037e20dc6816d28b35488a3354e37da8130a01678,206,attachment; filename=feed_otawaracity_Ohtawaracitybus_20250626_20250617142812.zip,2026-09-29T01:42:15.831217+00:00,
otawaracity,Ohtawaracitybus,prev_4,https://api.gtfs-data.jp/v2/organizations/otawaracity/feeds/Ohtawaracitybus/files/feed.zip?rid=prev_4,data/raw/gtfs/history/otawaracity__Ohtawaracitybus__prev_4.zip,65c51175a5e1bbce0fd8ff0cce69b2984842bdcf2f8b82393294c3f4e2d69704,206,attachment; filename=feed_otawaracity_Ohtawaracitybus_20250401_20250331083120.zip,2026-09-29T01:42:15.394878+00:00,
otawaracity,Ohtawaracitybus,prev_5,https://api.gtfs-data.jp/v2/organizations/otawaracity/feeds/Ohtawaracitybus/files/feed.zip?rid=prev_5,data/raw/gtfs/history/otawaracity__Ohtawaracitybus__prev_5.zip,2dda58bcdc6232fb9fc6be6e59744f90b6b1001f7f817e50986dd0924c45e040,206,attachment; filename=feed_otawaracity_Ohtawaracitybus_20241219_20250205085159.zip,2026-09-29T01:42:15.565533+00:00,
yaitacity,chuuou-junkan,prev_1,https://api.gtfs-data.jp/v2/organizations/yaitacity/feeds/chuuou-junkan/files/feed.zip?rid=prev_1,data/raw/gtfs/history/yaitacity__chuuou-junkan__prev_1.zip,622508740ac48dff1e8b04d9d8fde25e9ea6035aef65cc61a86f42e74219fd7e,206,attachment; filename=feed_yaitacity_chuuou-junkan_20250317_20250317084701.zip,2026-09-29T01:42:15.521818+00:00,
yaitacity,chuuou-junkan,prev_2,https://api.gtfs-data.jp/v2/organizations/yaitacity/feeds/chuuou-junkan/files/feed.zip?rid=prev_2,data/raw/gtfs/history/yaitacity__chuuou-junkan__prev_2.zip,89e54e7389335bb8cb9a2ee73320a55b5e7cd89b31bc2581d233f8629f955010,206,attachment; filename=feed_yaitacity_chuuou-junkan_20250220_20250220135342.zip,2026-09-29T01:42:34.285279+00:00,
oizumitown,kouikikoukyoubasuaozora,prev_2,https://api.gtfs-data.jp/v2/organizations/oizumitown/feeds/kouikikoukyoubasuaozora/files/feed.zip?rid=prev_2,data/raw/gtfs/history/oizumitown__kouikikoukyoubasuaozora__prev_2.zip,4bd06bb259d62bd59d761c86def3998d480b8aafe404d94ccd2b463de758eea4,206,attachment; filename=feed_oizumitown_kouikikoukyoubasuaozora_20250401_20250218093403.zip,2026-09-29T01:42:34.488584+00:00,
oizumitown,kouikikoukyoubasuaozora,prev_3,https://api.gtfs-data.jp/v2/organizations/oizumitown/feeds/kouikikoukyoubasuaozora/files/feed.zip?rid=prev_3,data/raw/gtfs/history/oizumitown__kouikikoukyoubasuaozora__prev_3.zip,06e2a75b886613ee82698c2cce42cd77fa02d0c740182c7780ba02d1f5f50370,206,attachment; filename=feed_oizumitown_kouikikoukyoubasuaozora_20240401_20240305105859.zip,2026-09-29T01:42:34.143590+00:00,
oizumitown,kouikikoukyoubasuaozora,prev_4,https://api.gtfs-data.jp/v2/organizations/oizumitown/feeds/kouikikoukyoubasuaozora/files/feed.zip?rid=prev_4,data/raw/gtfs/history/oizumitown__kouikikoukyoubasuaozora__prev_4.zip,36ba3cebff6aba88ba5279a63f79f0dcc329ccb32900365b9de1dc5b5076c988,206,attachment; filename=feed_oizumitown_kouikikoukyoubasuaozora_20230417_20230419113003.zip,2026-09-29T01:42:34.289453+00:00,
oizumitown,kouikikoukyoubasuaozora,prev_5,https://api.gtfs-data.jp/v2/organizations/oizumitown/feeds/kouikikoukyoubasuaozora/files/feed.zip?rid=prev_5,data/raw/gtfs/history/oizumitown__kouikikoukyoubasuaozora__prev_5.zip,51df85c9dc7ecc1b6d6b970233059af486b8e64761b0cfd9523e7afab9957e8d,206,attachment; filename=feed_oizumitown_kouikikoukyoubasuaozora_20221006_20230307115055.zip,2026-09-29T01:42:34.286066+00:00,
hannocity,odekakemuma-seimei-kaji,prev_1,https://api.gtfs-data.jp/v2/organizations/hannocity/feeds/odekakemuma-seimei-kaji/files/feed.zip?rid=prev_1,data/raw/gtfs/history/hannocity__odekakemuma-seimei-kaji__prev_1.zip,b9ac2ddfcfd7edaa9bc51ea73952b6017f7b5c16d6cbdfe29b86eeee8605c93b,206,attachment; filename=feed_hannocity_odekakemuma-seimei-kaji_20250214_20250214163020.zip,2026-09-29T01:42:34.311801+00:00,
hannocity,odekakemuma-seimei-kaji,prev_2,https://api.gtfs-data.jp/v2/organizations/hannocity/feeds/odekakemuma-seimei-kaji/files/feed.zip?rid=prev_2,data/raw/gtfs/history/hannocity__odekakemuma-seimei-kaji__prev_2.zip,9b8d93c2a645f9719b43813a374bc25b852f27299a5730fecea9a27bce50b92f,206,attachment; filename=feed_hannocity_odekakemuma-seimei-kaji_20240221_20240313130925.zip,2026-09-29T01:42:34.312305+00:00,
hannocity,odekakemuma-haraichiba,prev_1,https://api.gtfs-data.jp/v2/organizations/hannocity/feeds/odekakemuma-haraichiba/files/feed.zip?rid=prev_1,data/raw/gtfs/history/hannocity__odekakemuma-haraichiba__prev_1.zip,25d2c43241c47203608cabed8fa0533f2d8c1256ca69e5f3395f429f2423795e,206,attachment; filename=feed_hannocity_odekakemuma-haraichiba_20241001_20251225093020.zip,2026-09-29T01:42:34.338452+00:00,
hannocity,odekakemuma-haraichiba,prev_2,https://api.gtfs-data.jp/v2/organizations/hannocity/feeds/odekakemuma-haraichiba/files/feed.zip?rid=prev_2,data/raw/gtfs/history/hannocity__odekakemuma-haraichiba__prev_2.zip,8cc4f015c238402dd95b248ed310682f32c4f3afb3452f6220948553b530c3b0,206,attachment; filename=feed_hannocity_odekakemuma-haraichiba_20230901_20251225093023.zip,2026-09-29T01:42:51.125487+00:00,
hannocity,odekakemuma-minamikoma,prev_1,https://api.gtfs-data.jp/v2/organizations/hannocity/feeds/odekakemuma-minamikoma/files/feed.zip?rid=prev_1,data/raw/gtfs/history/hannocity__odekakemuma-minamikoma__prev_1.zip,306749d40845f260bd99c54d76fc69d440a154ceee828bd14bf0ff1252865564,206,attachment; filename=feed_hannocity_odekakemuma-minamikoma_20241001_20251225092803.zip,2026-09-29T01:42:51.151585+00:00,
hannocity,odekakemuma-minamikoma,prev_2,https://api.gtfs-data.jp/v2/organizations/hannocity/feeds/odekakemuma-minamikoma/files/feed.zip?rid=prev_2,data/raw/gtfs/history/hannocity__odekakemuma-minamikoma__prev_2.zip,c649ccb705cb38d460070fda98ede06e547b4b944211495d4ed82b24ca5b96fc,206,attachment; filename=feed_hannocity_odekakemuma-minamikoma_20230901_20240313131243.zip,2026-09-29T01:42:51.204237+00:00,
kumagayacity,yuuyuubus,prev_1,https://api.gtfs-data.jp/v2/organizations/kumagayacity/feeds/yuuyuubus/files/feed.zip?rid=prev_1,data/raw/gtfs/history/kumagayacity__yuuyuubus__prev_1.zip,5fd4ae55e43e5dd1257e4eb7923e5f2f8286a33ca5d0fc8dbe2b6c80b767bd93,206,attachment; filename=feed_kumagayacity_yuuyuubus_20251001_20251014114709.zip,2026-09-29T01:42:51.286247+00:00,
kumagayacity,yuuyuubus,prev_2,https://api.gtfs-data.jp/v2/organizations/kumagayacity/feeds/yuuyuubus/files/feed.zip?rid=prev_2,data/raw/gtfs/history/kumagayacity__yuuyuubus__prev_2.zip,22d7e7062f2e83e63a8d32e180c22afee1a7265e6c81a28b0da30a47491c807f,206,attachment; filename=feed_kumagayacity_yuuyuubus_20250901_20250901131111.zip,2026-09-29T01:42:51.327457+00:00,
kumagayacity,yuuyuubus,prev_3,https://api.gtfs-data.jp/v2/organizations/kumagayacity/feeds/yuuyuubus/files/feed.zip?rid=prev_3,data/raw/gtfs/history/kumagayacity__yuuyuubus__prev_3.zip,51514602293e0548e9d735f49c105c7d710cfd40db9c4bbd3c5f790506021361,206,attachment; filename=feed_kumagayacity_yuuyuubus_20250101_20250108112112.zip,2026-09-29T01:42:51.294001+00:00,
kumagayacity,yuuyuubus,prev_4,https://api.gtfs-data.jp/v2/organizations/kumagayacity/feeds/yuuyuubus/files/feed.zip?rid=prev_4,data/raw/gtfs/history/kumagayacity__yuuyuubus__prev_4.zip,b9e8bdadacc2432864868102c8aa2ca9cebd48d0cc4adce3f46a38cc1b29c51f,206,attachment; filename=feed_kumagayacity_yuuyuubus_20241001_20241004112158.zip,2026-09-29T01:42:51.331882+00:00,
kumagayacity,yuuyuubus,prev_5,https://api.gtfs-data.jp/v2/organizations/kumagayacity/feeds/yuuyuubus/files/feed.zip?rid=prev_5,data/raw/gtfs/history/kumagayacity__yuuyuubus__prev_5.zip,a93e16ea794f29ff590e24d96f1aedba91b37ad5e4793344136547113182e344,206,attachment; filename=feed_kumagayacity_yuuyuubus_20240401_20240702164505.zip,2026-09-29T01:42:50.989323+00:00,
kumagayacity,yuuyuubus,prev_6,https://api.gtfs-data.jp/v2/organizations/kumagayacity/feeds/yuuyuubus/files/feed.zip?rid=prev_6,data/raw/gtfs/history/kumagayacity__yuuyuubus__prev_6.zip,37cff28b35c0e1d63c509e968f4c5294fd4b6a8c9d0e4d057ec24161bf57d92d,206,attachment; filename=feed_kumagayacity_yuuyuubus_20240201_20240221091321.zip,2026-09-29T01:43:08.336712+00:00,
wakocity,Wako-City-junkanbus,prev_1,https://api.gtfs-data.jp/v2/organizations/wakocity/feeds/Wako-City-junkanbus/files/feed.zip?rid=prev_1,data/raw/gtfs/history/wakocity__Wako-City-junkanbus__prev_1.zip,d289f58ce7cbca6b9b6d6b4d4e0d458743e23620f18622eb6ec9f1145ed67d92,206,attachment; filename=feed_wakocity_Wako-City-junkanbus_20250101_20250220131706.zip,2026-09-29T01:43:08.644584+00:00,
wakocity,Wako-City-junkanbus,prev_2,https://api.gtfs-data.jp/v2/organizations/wakocity/feeds/Wako-City-junkanbus/files/feed.zip?rid=prev_2,data/raw/gtfs/history/wakocity__Wako-City-junkanbus__prev_2.zip,1b30b6b702438a3621cf29f1b0583d0d61eedee04b6772b6affbf65b5d7f8245,206,attachment; filename=feed_wakocity_Wako-City-junkanbus_20240104_20240917112944.zip,2026-09-29T01:43:08.291796+00:00,
inzaicity,rosenbus,prev_1,https://api.gtfs-data.jp/v2/organizations/inzaicity/feeds/rosenbus/files/feed.zip?rid=prev_1,data/raw/gtfs/history/inzaicity__rosenbus__prev_1.zip,101cc6b0f64e745e456e8fd47c02fb919f1c20cd2dc91bd76454d26fcd7c40af,206,attachment; filename=feed_inzaicity_rosenbus_20260401_20260622150812.zip,2026-09-29T01:43:08.469272+00:00,
katoricity,katori-junkan,prev_1,https://api.gtfs-data.jp/v2/organizations/katoricity/feeds/katori-junkan/files/feed.zip?rid=prev_1,data/raw/gtfs/history/katoricity__katori-junkan__prev_1.zip,82fd7997c288e5b445af498676fc080efa8d0be757d75e3763be25af48cf68e7,206,attachment; filename=feed_katoricity_katori-junkan_20260701_20260624143139.zip,2026-09-29T01:43:08.603823+00:00,
katoricity,katori-junkan,prev_2,https://api.gtfs-data.jp/v2/organizations/katoricity/feeds/katori-junkan/files/feed.zip?rid=prev_2,data/raw/gtfs/history/katoricity__katori-junkan__prev_2.zip,590275add7ccd44249c02b66f9e80980cf3ca5d9f7a30fe8f96816a41a3782f5,206,attachment; filename=feed_katoricity_katori-junkan_20260420_20260416151639.zip,2026-09-29T01:43:08.490860+00:00,
katoricity,katori-junkan,prev_3,https://api.gtfs-data.jp/v2/organizations/katoricity/feeds/katori-junkan/files/feed.zip?rid=prev_3,data/raw/gtfs/history/katoricity__katori-junkan__prev_3.zip,a3358a393565cc8be2b256a7e6e0ff55873efad1c7dc00c9cad14901f715b90f,206,attachment; filename=feed_katoricity_katori-junkan_20260315_20260323210103.zip,2026-09-29T01:43:08.610696+00:00,
katoricity,katori-junkan,prev_4,https://api.gtfs-data.jp/v2/organizations/katoricity/feeds/katori-junkan/files/feed.zip?rid=prev_4,data/raw/gtfs/history/katoricity__katori-junkan__prev_4.zip,bda2880a400605986d4c18193b8360234eac6e39833785c9b888855aad6a990c,206,attachment; filename=feed_katoricity_katori-junkan_20251215_20251216133911.zip,2026-09-29T01:43:08.311267+00:00,
katoricity,katori-junkan,prev_5,https://api.gtfs-data.jp/v2/organizations/katoricity/feeds/katori-junkan/files/feed.zip?rid=prev_5,data/raw/gtfs/history/katoricity__katori-junkan__prev_5.zip,9b91a1fc245105e6784fba7fa10ea46419a36fdc46e669eabe8c2ef376bb1dd0,206,attachment; filename=feed_katoricity_katori-junkan_20251101_20251109142000.zip,2026-09-29T01:43:25.042062+00:00,
katoricity,katori-junkan,prev_6,https://api.gtfs-data.jp/v2/organizations/katoricity/feeds/katori-junkan/files/feed.zip?rid=prev_6,data/raw/gtfs/history/katoricity__katori-junkan__prev_6.zip,78d7c02a003c7bda43a5581e9e15ef930801ad60c340657692a80285e2b2792b,206,attachment; filename=feed_katoricity_katori-junkan_20251001_20250916211025.zip,2026-09-29T01:43:25.101826+00:00,
katoricity,katori-junkan,prev_7,https://api.gtfs-data.jp/v2/organizations/katoricity/feeds/katori-junkan/files/feed.zip?rid=prev_7,data/raw/gtfs/history/katoricity__katori-junkan__prev_7.zip,766f48c2bcb1d024a1542f4610dff4b7042b66d17c7b7b470a29dd82f99e7802,206,attachment; filename=feed_katoricity_katori-junkan_20250515_20250523121719.zip,2026-09-29T01:43:25.037894+00:00,
katoricity,katori-junkan,prev_8,https://api.gtfs-data.jp/v2/organizations/katoricity/feeds/katori-junkan/files/feed.zip?rid=prev_8,data/raw/gtfs/history/katoricity__katori-junkan__prev_8.zip,44b18b0a6fe1696b6a7d527f0347e82513bcd44c1d374d9ae279cac1d790ad9d,206,attachment; filename=feed_katoricity_katori-junkan_20241216_20241217192908.zip,2026-09-29T01:43:24.950670+00:00,
katoricity,katori-junkan,prev_9,https://api.gtfs-data.jp/v2/organizations/katoricity/feeds/katori-junkan/files/feed.zip?rid=prev_9,data/raw/gtfs/history/katoricity__katori-junkan__prev_9.zip,9df3cc6aca59e4bd2a702d2f68cc1bca0e2115ea59037bbfa2048d0f0e096bcf,206,attachment; filename=feed_katoricity_katori-junkan_20241201_20241202082506.zip,2026-09-29T01:43:24.897677+00:00,
katoricity,katori-junkan,prev_10,https://api.gtfs-data.jp/v2/organizations/katoricity/feeds/katori-junkan/files/feed.zip?rid=prev_10,data/raw/gtfs/history/katoricity__katori-junkan__prev_10.zip,54d33c1c0aecc8add23e462985e99bf9710eb07b38bec01ffc6be78e98da9c98,206,attachment; filename=feed_katoricity_katori-junkan_20241011_20241008145419.zip,2026-09-29T01:43:24.784337+00:00,
katoricity,katori-junkan,prev_11,https://api.gtfs-data.jp/v2/organizations/katoricity/feeds/katori-junkan/files/feed.zip?rid=prev_11,data/raw/gtfs/history/katoricity__katori-junkan__prev_11.zip,df3eb3c3207ef9aefa914dae63dc9e2a86e8a69a8eeb607958915a9e863a1394,206,attachment; filename=feed_katoricity_katori-junkan_20241001_20240904154441.zip,2026-09-29T01:43:24.881877+00:00,
katoricity,katori-junkan,prev_12,https://api.gtfs-data.jp/v2/organizations/katoricity/feeds/katori-junkan/files/feed.zip?rid=prev_12,data/raw/gtfs/history/katoricity__katori-junkan__prev_12.zip,5f0ef9f324d0158ed9cf15cb28d5e38035746a4914427efdfa97171653d5b3df,206,attachment; filename=feed_katoricity_katori-junkan_20240701_20240726112622.zip,2026-09-29T01:43:25.086474+00:00,
keisei-transitbus,keiseitransitbus,prev_2,https://api.gtfs-data.jp/v2/organizations/keisei-transitbus/feeds/keiseitransitbus/files/feed.zip?rid=prev_2,data/raw/gtfs/history/keisei-transitbus__keiseitransitbus__prev_2.zip,90db87edc2ae673b1c56ee3b232f6d14c9162e085eeb0e7f66ce422efc5c3d92,206,attachment; filename=feed_keisei-transitbus_keiseitransitbus_20250301_20250218111032.zip,2026-09-29T01:43:41.340809+00:00,
keisei-transitbus,keiseitransitbus,prev_3,https://api.gtfs-data.jp/v2/organizations/keisei-transitbus/feeds/keiseitransitbus/files/feed.zip?rid=prev_3,data/raw/gtfs/history/keisei-transitbus__keiseitransitbus__prev_3.zip,f9d4b66da6604a730e7bb139ac411ac5ec43715c08b01416513e97ab0157e449,206,attachment; filename=feed_keisei-transitbus_keiseitransitbus_20250201_20250127165138.zip,2026-09-29T01:43:41.817300+00:00,
keisei-transitbus,keiseitransitbus,prev_4,https://api.gtfs-data.jp/v2/organizations/keisei-transitbus/feeds/keiseitransitbus/files/feed.zip?rid=prev_4,data/raw/gtfs/history/keisei-transitbus__keiseitransitbus__prev_4.zip,e95e4ee52e1372bb0e0c884b7f052611b2641f9d657b785ce4ab1d37cd298649,206,attachment; filename=feed_keisei-transitbus_keiseitransitbus_20241206_20241216103932.zip,2026-09-29T01:43:41.688893+00:00,
keisei-transitbus,keiseitransitbus,prev_5,https://api.gtfs-data.jp/v2/organizations/keisei-transitbus/feeds/keiseitransitbus/files/feed.zip?rid=prev_5,data/raw/gtfs/history/keisei-transitbus__keiseitransitbus__prev_5.zip,c623ef44dc5d9cd49d787cce7d41279b86dbf1596d74d046d5e9cd84ff949187,206,attachment; filename=feed_keisei-transitbus_keiseitransitbus_20240401_20240409163421.zip,2026-09-29T01:43:41.638669+00:00,
keisei-transitbus,keiseitransitbus,prev_6,https://api.gtfs-data.jp/v2/organizations/keisei-transitbus/feeds/keiseitransitbus/files/feed.zip?rid=prev_6,data/raw/gtfs/history/keisei-transitbus__keiseitransitbus__prev_6.zip,3c430d14365ae6be63d394ca574502e6e7e51e746d03c932e89380dd35c9fa8c,206,attachment; filename=feed_keisei-transitbus_keiseitransitbus_20231001_20230911182718.zip,2026-09-29T01:43:41.480425+00:00,
kimitsucity,Kimitsu_City_Community_Bus,prev_1,https://api.gtfs-data.jp/v2/organizations/kimitsucity/feeds/Kimitsu_City_Community_Bus/files/feed.zip?rid=prev_1,data/raw/gtfs/history/kimitsucity__Kimitsu_City_Community_Bus__prev_1.zip,d587e80d42594400da1c75f4b730287e3972ecfcaf7d0cbe4f808ad874183263,206,attachment; filename=feed_kimitsucity_Kimitsu_City_Community_Bus_20251201_20260109204838.zip,2026-09-29T01:43:41.341515+00:00,
matsudocity,matsudo,prev_1,https://api.gtfs-data.jp/v2/organizations/matsudocity/feeds/matsudo/files/feed.zip?rid=prev_1,data/raw/gtfs/history/matsudocity__matsudo__prev_1.zip,41473103fbaa8cad8d34e168b296864a4b30b7c1532ca304d6377a80f464cb30,206,attachment; filename=feed_matsudocity_matsudo_20260401_20260306151825.zip,2026-09-29T01:43:41.740909+00:00,
matsudocity,matsudo,prev_2,https://api.gtfs-data.jp/v2/organizations/matsudocity/feeds/matsudo/files/feed.zip?rid=prev_2,data/raw/gtfs/history/matsudocity__matsudo__prev_2.zip,d8cd460196319d11e109ebca1d956c7ecd23bd15ea56651d51ac605ecd3882a6,206,attachment; filename=feed_matsudocity_matsudo_20250401_20250303114740.zip,2026-09-29T01:43:41.771904+00:00,
matsudocity,matsudo,prev_3,https://api.gtfs-data.jp/v2/organizations/matsudocity/feeds/matsudo/files/feed.zip?rid=prev_3,data/raw/gtfs/history/matsudocity__matsudo__prev_3.zip,39d42d43eca1ddc85caa8a6cea2f3fffa4204c0c168f0f2896ff1cc109fea31f,206,attachment; filename=feed_matsudocity_matsudo_20241120_20241216100330.zip,2026-09-29T01:43:59.626790+00:00,
nagareyamacity,nagareyamagreenbus,prev_1,https://api.gtfs-data.jp/v2/organizations/nagareyamacity/feeds/nagareyamagreenbus/files/feed.zip?rid=prev_1,data/raw/gtfs/history/nagareyamacity__nagareyamagreenbus__prev_1.zip,51d4783902bd21e5c2ae54a041ffd04030443918b0a1917db38dc9aed3e82119,206,attachment; filename=feed_nagareyamacity_nagareyamagreenbus_20240401_20240326202727.zip,2026-09-29T01:43:59.812310+00:00,
nagareyamacity,nagareyamagreenbus,prev_2,https://api.gtfs-data.jp/v2/organizations/nagareyamacity/feeds/nagareyamagreenbus/files/feed.zip?rid=prev_2,data/raw/gtfs/history/nagareyamacity__nagareyamagreenbus__prev_2.zip,5107c91b91de4ed061c4fefb28f83a546752904e8970f328e80bd6c0ed5cd563,206,attachment; filename=feed_nagareyamacity_nagareyamagreenbus_20231116_20260113085028.zip,2026-09-29T01:43:59.875167+00:00,
nagareyamacity,nagareyamagreenbus,prev_3,https://api.gtfs-data.jp/v2/organizations/nagareyamacity/feeds/nagareyamagreenbus/files/feed.zip?rid=prev_3,data/raw/gtfs/history/nagareyamacity__nagareyamagreenbus__prev_3.zip,5a7f920c6ce20338fc61375ea61de8c7916b97a456029a8d102fb9e5de630d45,206,attachment; filename=feed_nagareyamacity_nagareyamagreenbus_20230401_20230309133911.zip,2026-09-29T01:43:59.811549+00:00,
nagareyamacity,nagareyamagreenbus,prev_4,https://api.gtfs-data.jp/v2/organizations/nagareyamacity/feeds/nagareyamagreenbus/files/feed.zip?rid=prev_4,data/raw/gtfs/history/nagareyamacity__nagareyamagreenbus__prev_4.zip,f44a3eda1c759e05616348a33b4dd0e1a614a2f975e8932f9343c4ad3bc66464,206,attachment; filename=feed_nagareyamacity_nagareyamagreenbus_20221227_20230309133832.zip,2026-09-29T01:43:59.523527+00:00,
kimitsucity,Local_buses_via_Kimitsu_City,prev_1,https://api.gtfs-data.jp/v2/organizations/kimitsucity/feeds/Local_buses_via_Kimitsu_City/files/feed.zip?rid=prev_1,data/raw/gtfs/history/kimitsucity__Local_buses_via_Kimitsu_City__prev_1.zip,ed21518aa6f7b6ce7a690872f4f7fb3c1a7b968614209f5800694f0265b367bb,206,attachment; filename=feed_kimitsucity_Local_buses_via_Kimitsu_City_20260401_20260802000326.zip,2026-09-29T01:43:59.773509+00:00,
kimitsucity,Local_buses_via_Kimitsu_City,prev_2,https://api.gtfs-data.jp/v2/organizations/kimitsucity/feeds/Local_buses_via_Kimitsu_City/files/feed.zip?rid=prev_2,data/raw/gtfs/history/kimitsucity__Local_buses_via_Kimitsu_City__prev_2.zip,1694ad997abe6ba828dc839bede76755ec7cd1791a40b2d151631142d4434aef,206,attachment; filename=feed_kimitsucity_Local_buses_via_Kimitsu_City_20251201_20251125125057.zip,2026-09-29T01:43:59.804597+00:00,
yotsukaidocity,yoppii,prev_1,https://api.gtfs-data.jp/v2/organizations/yotsukaidocity/feeds/yoppii/files/feed.zip?rid=prev_1,data/raw/gtfs/history/yotsukaidocity__yoppii__prev_1.zip,af90de051efb3d9c9b417bfd5786a16d503c06f25028acb8f5951f77251f5f5c,206,attachment; filename=feed_yotsukaidocity_yoppii_20250820_20250828101012.zip,2026-09-29T01:43:59.601036+00:00,
naritacity,narita-community-bus,prev_1,https://api.gtfs-data.jp/v2/organizations/naritacity/feeds/narita-community-bus/files/feed.zip?rid=prev_1,data/raw/gtfs/history/naritacity__narita-community-bus__prev_1.zip,5b0aeac0eb3b4380724daf123d202cd6faf409e1b4cf1185a0d77a6091347f0b,206,attachment; filename=feed_naritacity_narita-community-bus_20251201_20260213203037.zip,2026-09-29T01:44:16.568136+00:00,
katsushikacity,sakura,prev_1,https://api.gtfs-data.jp/v2/organizations/katsushikacity/feeds/sakura/files/feed.zip?rid=prev_1,data/raw/gtfs/history/katsushikacity__sakura__prev_1.zip,5b17e43a1e85dbdda3901931e3a83aa1b8dd466c7aff65d52e139a882870d176,206,attachment; filename=feed_katsushikacity_sakura_20220715_20241226142806.zip,2026-09-29T01:44:16.529760+00:00,
kozushimavillage,kozushimavillagebus,prev_1,https://api.gtfs-data.jp/v2/organizations/kozushimavillage/feeds/kozushimavillagebus/files/feed.zip?rid=prev_1,data/raw/gtfs/history/kozushimavillage__kozushimavillagebus__prev_1.zip,9a5e9e31989e9ab93aa95afb5dad800d78403eda49862d24211e141e625cadd0,206,attachment; filename=feed_kozushimavillage_kozushimavillagebus_20250125_20250914164518.zip,2026-09-29T01:44:16.518359+00:00,
tachikawacity,kururinbus,prev_1,https://api.gtfs-data.jp/v2/organizations/tachikawacity/feeds/kururinbus/files/feed.zip?rid=prev_1,data/raw/gtfs/history/tachikawacity__kururinbus__prev_1.zip,367a6ce6f337be41d49343fd76e65fd2b7715b940fd3f569ae221051e00fc08b,206,attachment; filename=feed_tachikawacity_kururinbus_20250228_20250228110021.zip,2026-09-29T01:44:16.638139+00:00,
tachikawacity,kururinbus,prev_2,https://api.gtfs-data.jp/v2/organizations/tachikawacity/feeds/kururinbus/files/feed.zip?rid=prev_2,data/raw/gtfs/history/tachikawacity__kururinbus__prev_2.zip,714e1cea636eeff32237749a2166befdc08cd8869075d882f3b2f0bc3f010b86,206,attachment; filename=feed_tachikawacity_kururinbus_20240312_20240312164043.zip,2026-09-29T01:44:16.515821+00:00,
samukawatown,mokusei-go_kuramiomuraroute,prev_1,https://api.gtfs-data.jp/v2/organizations/samukawatown/feeds/mokusei-go_kuramiomuraroute/files/feed.zip?rid=prev_1,data/raw/gtfs/history/samukawatown__mokusei-go_kuramiomuraroute__prev_1.zip,4fd521909028ccf5a5c9808b6a95ef9108ac8e5ef2e418d5727b3cd5d92e3037,206,attachment; filename=feed_samukawatown_mokusei-go_kuramiomuraroute_20241201_20250106094648.zip,2026-09-29T01:44:16.512384+00:00,
samukawatown,mokusei-go_kuramiomuraroute,prev_2,https://api.gtfs-data.jp/v2/organizations/samukawatown/feeds/mokusei-go_kuramiomuraroute/files/feed.zip?rid=prev_2,data/raw/gtfs/history/samukawatown__mokusei-go_kuramiomuraroute__prev_2.zip,dde9f9b80c38a63b5493bdcfbf6165ddb98cf1f06c3e694f990876b28474dd17,206,attachment; filename=feed_samukawatown_mokusei-go_kuramiomuraroute_20231201_20240106011652.zip,2026-09-29T01:44:16.633259+00:00,
daishinto,Radiant-City,prev_1,https://api.gtfs-data.jp/v2/organizations/daishinto/feeds/Radiant-City/files/feed.zip?rid=prev_1,data/raw/gtfs/history/daishinto__Radiant-City__prev_1.zip,197b18633d8d29d90528de5c5565c88988bfda7830fe425c76a6d950e1437ced,206,attachment; filename=feed_daishinto_Radiant-City_20250525_20250523164146.zip,2026-09-29T01:44:16.691732+00:00,
chigasakicity,eboshigou,prev_1,https://api.gtfs-data.jp/v2/organizations/chigasakicity/feeds/eboshigou/files/feed.zip?rid=prev_1,data/raw/gtfs/history/chigasakicity__eboshigou__prev_1.zip,c63f4d7e49ea9ace9474588822bee434c49261707bd2668330a525013a1ac1e5,206,attachment; filename=feed_chigasakicity_eboshigou_20241001_20260427120155.zip,2026-09-29T01:44:33.833280+00:00,
samukawatown,mokusei-go_southroute,prev_1,https://api.gtfs-data.jp/v2/organizations/samukawatown/feeds/mokusei-go_southroute/files/feed.zip?rid=prev_1,data/raw/gtfs/history/samukawatown__mokusei-go_southroute__prev_1.zip,c73c522b7e903a57d80bb43d073e4200143861bda428eac53e61384bbe603c4d,206,attachment; filename=feed_samukawatown_mokusei-go_southroute_20241201_20250106094603.zip,2026-09-29T01:44:33.633307+00:00,
samukawatown,mokusei-go_southroute,prev_2,https://api.gtfs-data.jp/v2/organizations/samukawatown/feeds/mokusei-go_southroute/files/feed.zip?rid=prev_2,data/raw/gtfs/history/samukawatown__mokusei-go_southroute__prev_2.zip,61514fc80457d1835ec67fecfe6157a6a628fc127cbba364f9a897dc88a35601,206,attachment; filename=feed_samukawatown_mokusei-go_southroute_20231201_20240106011437.zip,2026-09-29T01:44:33.810064+00:00,
samukawatown,mokusei-go_eastroute,prev_1,https://api.gtfs-data.jp/v2/organizations/samukawatown/feeds/mokusei-go_eastroute/files/feed.zip?rid=prev_1,data/raw/gtfs/history/samukawatown__mokusei-go_eastroute__prev_1.zip,c3f13d77ddf65568569d9c4659b2c7983d08f15156b05e1f4463cd8addcef090,206,attachment; filename=feed_samukawatown_mokusei-go_eastroute_20241201_20250106094506.zip,2026-09-29T01:44:33.652625+00:00,
samukawatown,mokusei-go_eastroute,prev_2,https://api.gtfs-data.jp/v2/organizations/samukawatown/feeds/mokusei-go_eastroute/files/feed.zip?rid=prev_2,data/raw/gtfs/history/samukawatown__mokusei-go_eastroute__prev_2.zip,cc5a4ec672935fe5284dadfb3889e2e16c031c245768d3d174632b71ef7c4ccc,206,attachment; filename=feed_samukawatown_mokusei-go_eastroute_20231201_20240106010709.zip,2026-09-29T01:44:33.830933+00:00,
itoigawabus,itoigawabus,prev_1,https://api.gtfs-data.jp/v2/organizations/itoigawabus/feeds/itoigawabus/files/feed.zip?rid=prev_1,data/raw/gtfs/history/itoigawabus__itoigawabus__prev_1.zip,26e0108390ff3562ba64990ffc71d78796344e78059b5ebf3f4065ad8a6a8067,206,attachment; filename=feed_itoigawabus_itoigawabus_20260401_20260608222131.zip,2026-09-29T01:44:33.853883+00:00,
joetsucity,joetsu,prev_1,https://api.gtfs-data.jp/v2/organizations/joetsucity/feeds/joetsu/files/feed.zip?rid=prev_1,data/raw/gtfs/history/joetsucity__joetsu__prev_1.zip,bc89c7f0471a3665f5fd0468ed11772d8e20d4f19a5fdf4248c3f5e2dbb7c2a0,206,attachment; filename=feed_joetsucity_joetsu_20250401_20250827163027.zip,2026-09-29T01:44:33.834504+00:00,
joetsucity,joetsu,prev_2,https://api.gtfs-data.jp/v2/organizations/joetsucity/feeds/joetsu/files/feed.zip?rid=prev_2,data/raw/gtfs/history/joetsucity__joetsu__prev_2.zip,3936c8b5a3460fb9d6e2ee89b61dd5ce298aa13fa983328a5319ddd55dbcc744,206,attachment; filename=feed_joetsucity_joetsu_20240401_20240311190004.zip,2026-09-29T01:44:33.554892+00:00,
joetsucity,joetsu,prev_3,https://api.gtfs-data.jp/v2/organizations/joetsucity/feeds/joetsu/files/feed.zip?rid=prev_3,data/raw/gtfs/history/joetsucity__joetsu__prev_3.zip,36c35e6248c1429e741612f57e7db676b99e60fac2031c85e86763a6fe86c106,206,attachment; filename=feed_joetsucity_joetsu_20230401_20230310163002.zip,2026-09-29T01:44:50.185797+00:00,
joetsucity,joetsu,prev_4,https://api.gtfs-data.jp/v2/organizations/joetsucity/feeds/joetsu/files/feed.zip?rid=prev_4,data/raw/gtfs/history/joetsucity__joetsu__prev_4.zip,8fe5be8f00a9634186b58ae7618294e22231ff8021f134e9e5b5ec3fd36eb35f,206,attachment; filename=feed_joetsucity_joetsu_20220401_20230306135112.zip,2026-09-29T01:44:50.147752+00:00,
tsubamecity,tsubame_bus,prev_1,https://api.gtfs-data.jp/v2/organizations/tsubamecity/feeds/tsubame_bus/files/feed.zip?rid=prev_1,data/raw/gtfs/history/tsubamecity__tsubame_bus__prev_1.zip,b6d4c0020f155a2ddce2138a5d8750cc506167b539254856e2cfc2d5a4ebb7d3,206,attachment; filename=feed_tsubamecity_tsubame_bus_20260401_20260317092747.zip,2026-09-29T01:44:50.081508+00:00,
tsubamecity,tsubame_bus,prev_2,https://api.gtfs-data.jp/v2/organizations/tsubamecity/feeds/tsubame_bus/files/feed.zip?rid=prev_2,data/raw/gtfs/history/tsubamecity__tsubame_bus__prev_2.zip,c54bb56c7794690810f9665931ae271572f254832f7f86a109ead093361aeea5,206,attachment; filename=feed_tsubamecity_tsubame_bus_20250401_20250321153801.zip,2026-09-29T01:44:50.283398+00:00,
murakamicity,murakamisicommunitybus,prev_1,https://api.gtfs-data.jp/v2/organizations/murakamicity/feeds/murakamisicommunitybus/files/feed.zip?rid=prev_1,data/raw/gtfs/history/murakamicity__murakamisicommunitybus__prev_1.zip,b775e042547ddbbdc96d07e50ad6622e6c8fc26b59ed3e498613b15ade30432c,206,attachment; filename=feed_murakamicity_murakamisicommunitybus_20250409_20250410114404.zip,2026-09-29T01:44:49.966650+00:00,
murakamicity,murakamisicommunitybus,prev_2,https://api.gtfs-data.jp/v2/organizations/murakamicity/feeds/murakamisicommunitybus/files/feed.zip?rid=prev_2,data/raw/gtfs/history/murakamicity__murakamisicommunitybus__prev_2.zip,822aaa75a1066cc86042f8452f078181d19d2b8566051d4cb3e7bd20b1dc9671,206,attachment; filename=feed_murakamicity_murakamisicommunitybus_20241205_20241219150808.zip,2026-09-29T01:44:50.315126+00:00,
kamocity,kamonbus,prev_1,https://api.gtfs-data.jp/v2/organizations/kamocity/feeds/kamonbus/files/feed.zip?rid=prev_1,data/raw/gtfs/history/kamocity__kamonbus__prev_1.zip,2960f41c2d1252075442700a0555a3b12112d2a70f47aa2d8296e16c05b90a7c,206,attachment; filename=feed_kamocity_kamonbus_20250709_20250715131456.zip,2026-09-29T01:44:50.233874+00:00,
kaetsunou,kaetsunousekaiisan,prev_1,https://api.gtfs-data.jp/v2/organizations/kaetsunou/feeds/kaetsunousekaiisan/files/feed.zip?rid=prev_1,data/raw/gtfs/history/kaetsunou__kaetsunousekaiisan__prev_1.zip,d78ba512f29b42060eabeb5d49553bd78891c69976c72b1c46bb4478f34975f5,206,attachment; filename=feed_kaetsunou_kaetsunousekaiisan_20251101_20251030130814.zip,2026-09-29T01:44:50.260793+00:00,
kaetsunou,kaetsunousekaiisan,prev_2,https://api.gtfs-data.jp/v2/organizations/kaetsunou/feeds/kaetsunousekaiisan/files/feed.zip?rid=prev_2,data/raw/gtfs/history/kaetsunou__kaetsunousekaiisan__prev_2.zip,5a962c1d6e162f56d109ab6212b1dbb2ef10529ffe8e6a4ae1c1b2d6804cb854,206,attachment; filename=feed_kaetsunou_kaetsunousekaiisan_20250401_20250314141229.zip,2026-09-29T01:45:10.803979+00:00,
kaetsunou,kaetsunousekaiisan,prev_3,https://api.gtfs-data.jp/v2/organizations/kaetsunou/feeds/kaetsunousekaiisan/files/feed.zip?rid=prev_3,data/raw/gtfs/history/kaetsunou__kaetsunousekaiisan__prev_3.zip,1ff50a714c6b46760a8af931e50e169c49c993400f199f3610f6d8bab8481587,206,attachment; filename=feed_kaetsunou_kaetsunousekaiisan_20240401_20240917172928.zip,2026-09-29T01:45:10.811038+00:00,
kaetsunou,kaetsunousekaiisan,prev_4,https://api.gtfs-data.jp/v2/organizations/kaetsunou/feeds/kaetsunousekaiisan/files/feed.zip?rid=prev_4,data/raw/gtfs/history/kaetsunou__kaetsunousekaiisan__prev_4.zip,8f074f337bc1d6f56c02968af8ea6779aa4b3da1df046dfffce465c166c15015,206,attachment; filename=feed_kaetsunou_kaetsunousekaiisan_20240401_20240318180106.zip,2026-09-29T01:45:10.814713+00:00,
kaetsunou,kaetsunousekaiisan,prev_5,https://api.gtfs-data.jp/v2/organizations/kaetsunou/feeds/kaetsunousekaiisan/files/feed.zip?rid=prev_5,data/raw/gtfs/history/kaetsunou__kaetsunousekaiisan__prev_5.zip,34a600be6b46ff533f5c5d4ed848d6571f6027bdd17d79a7ccb5f2d7b137ab67,206,attachment; filename=feed_kaetsunou_kaetsunousekaiisan_20240216_20240216162323.zip,2026-09-29T01:45:11.103116+00:00,
kaetsunou,kaetsunousekaiisan,prev_6,https://api.gtfs-data.jp/v2/organizations/kaetsunou/feeds/kaetsunousekaiisan/files/feed.zip?rid=prev_6,data/raw/gtfs/history/kaetsunou__kaetsunousekaiisan__prev_6.zip,1649c0154488f8fc3a6099fdbaa33581ce74726d7ef073c96388da35e78adba0,206,attachment; filename=feed_kaetsunou_kaetsunousekaiisan_20230318_20230320094853.zip,2026-09-29T01:45:10.965104+00:00,
kaetsunou,kaetsunousekaiisan,prev_7,https://api.gtfs-data.jp/v2/organizations/kaetsunou/feeds/kaetsunousekaiisan/files/feed.zip?rid=prev_7,data/raw/gtfs/history/kaetsunou__kaetsunousekaiisan__prev_7.zip,847ae9244ecabbffecf889d0b90b6dae309779e84d4ff8c2929caf7695cdc4bd,206,attachment; filename=feed_kaetsunou_kaetsunousekaiisan_20221001_20221204133643.zip,2026-09-29T01:45:11.059487+00:00,
kaetsunou,kaetsunousekaiisan,prev_8,https://api.gtfs-data.jp/v2/organizations/kaetsunou/feeds/kaetsunousekaiisan/files/feed.zip?rid=prev_8,data/raw/gtfs/history/kaetsunou__kaetsunousekaiisan__prev_8.zip,1766b0dbd391d4df2057adf3fbb2f1e90d736d74cd342c364baeeb7c0cad529a,206,attachment; filename=feed_kaetsunou_kaetsunousekaiisan_20220905_20221204133543.zip,2026-09-29T01:45:11.065272+00:00,
kaetsunou,kaetsunousekaiisan,prev_9,https://api.gtfs-data.jp/v2/organizations/kaetsunou/feeds/kaetsunousekaiisan/files/feed.zip?rid=prev_9,data/raw/gtfs/history/kaetsunou__kaetsunousekaiisan__prev_9.zip,104b750ffd0d99d2dbe47efaa3b1c3d67899a5c55eb325562479e10d4916b262,206,attachment; filename=feed_kaetsunou_kaetsunousekaiisan_20210701_20221204133453.zip,2026-09-29T01:45:11.120130+00:00,
chitetsu,chitetsushinaidensha,prev_1,https://api.gtfs-data.jp/v2/organizations/chitetsu/feeds/chitetsushinaidensha/files/feed.zip?rid=prev_1,data/raw/gtfs/history/chitetsu__chitetsushinaidensha__prev_1.zip,32dd52f7c283b7cfa1663822f945b89cef7874aabda212bb12b23272e0693db3,206,attachment; filename=feed_chitetsu_chitetsushinaidensha_20250901_20250909173730.zip,2026-09-29T01:45:30.335824+00:00,
chitetsu,chitetsushinaidensha,prev_2,https://api.gtfs-data.jp/v2/organizations/chitetsu/feeds/chitetsushinaidensha/files/feed.zip?rid=prev_2,data/raw/gtfs/history/chitetsu__chitetsushinaidensha__prev_2.zip,2678d9821a7a9d4cee53d9e16ffd310d2e795899206527ca3c1c01ed58eb8269,206,attachment; filename=feed_chitetsu_chitetsushinaidensha_20250719_20250710100642.zip,2026-09-29T01:45:30.611581+00:00,
chitetsu,chitetsushinaidensha,prev_3,https://api.gtfs-data.jp/v2/organizations/chitetsu/feeds/chitetsushinaidensha/files/feed.zip?rid=prev_3,data/raw/gtfs/history/chitetsu__chitetsushinaidensha__prev_3.zip,787259d9e0e694bc26e81b00b3514fe88f4c476e89ef47fbb5d5278e812d2818,206,attachment; filename=feed_chitetsu_chitetsushinaidensha_20250507_20250507130330.zip,2026-09-29T01:45:30.506830+00:00,
chitetsu,chitetsushinaidensha,prev_4,https://api.gtfs-data.jp/v2/organizations/chitetsu/feeds/chitetsushinaidensha/files/feed.zip?rid=prev_4,data/raw/gtfs/history/chitetsu__chitetsushinaidensha__prev_4.zip,540f69a8ef5c592f1eae033b749f72fd1743838c075d00b8d33668d511f43845,206,attachment; filename=feed_chitetsu_chitetsushinaidensha_20250426_20250424180656.zip,2026-09-29T01:45:30.626770+00:00,
chitetsu,chitetsushinaidensha,prev_5,https://api.gtfs-data.jp/v2/organizations/chitetsu/feeds/chitetsushinaidensha/files/feed.zip?rid=prev_5,data/raw/gtfs/history/chitetsu__chitetsushinaidensha__prev_5.zip,a7904fe814870d396de53080ba1a0ccbb0b4e5e29aeafd6dde5fe3b29fd19d32,206,attachment; filename=feed_chitetsu_chitetsushinaidensha_20250415_20250331163309.zip,2026-09-29T01:45:30.614919+00:00,
chitetsu,chitetsushinaidensha,prev_6,https://api.gtfs-data.jp/v2/organizations/chitetsu/feeds/chitetsushinaidensha/files/feed.zip?rid=prev_6,data/raw/gtfs/history/chitetsu__chitetsushinaidensha__prev_6.zip,8a8d2931b0b26b5885e26cf2122ba07d74c26ee228a649c844db513aa9023e6f,206,attachment; filename=feed_chitetsu_chitetsushinaidensha_20240415_20240409103758.zip,2026-09-29T01:45:30.362325+00:00,
chitetsu,chitetsushinaidensha,prev_7,https://api.gtfs-data.jp/v2/organizations/chitetsu/feeds/chitetsushinaidensha/files/feed.zip?rid=prev_7,data/raw/gtfs/history/chitetsu__chitetsushinaidensha__prev_7.zip,be8f8e648276ae4a000bdc365b7b1a0c64e6f241f71dfe84acf51dc6909b6b75,206,attachment; filename=feed_chitetsu_chitetsushinaidensha_20230417_20230518083437.zip,2026-09-29T01:45:30.670204+00:00,
chitetsu,chitetsushinaidensha,prev_8,https://api.gtfs-data.jp/v2/organizations/chitetsu/feeds/chitetsushinaidensha/files/feed.zip?rid=prev_8,data/raw/gtfs/history/chitetsu__chitetsushinaidensha__prev_8.zip,8fcb173bf48444218791a7f3917cf8e949bd58f69b930dad209bda84c4c514b7,206,attachment; filename=feed_chitetsu_chitetsushinaidensha_20230316_20230313091429.zip,2026-09-29T01:45:30.642121+00:00,
chitetsu,chitetsushinaidensha,prev_9,https://api.gtfs-data.jp/v2/organizations/chitetsu/feeds/chitetsushinaidensha/files/feed.zip?rid=prev_9,data/raw/gtfs/history/chitetsu__chitetsushinaidensha__prev_9.zip,65823d0e2aa8c474ddb746a73aef73bf65ed2be5ff3ae048e8b448302804e432,206,attachment; filename=feed_chitetsu_chitetsushinaidensha_20220601_20221204145549.zip,2026-09-29T01:45:47.392485+00:00,
chitetsu,chitetsushinaidensha,prev_10,https://api.gtfs-data.jp/v2/organizations/chitetsu/feeds/chitetsushinaidensha/files/feed.zip?rid=prev_10,data/raw/gtfs/history/chitetsu__chitetsushinaidensha__prev_10.zip,f11f03c01cbf37837474e633ba3831380b96ba2538019aa29832cf791861ebe9,206,attachment; filename=feed_chitetsu_chitetsushinaidensha_20220314_20221204145652.zip,2026-09-29T01:45:47.697744+00:00,
kaetsunou,kaetsunouhimi,prev_1,https://api.gtfs-data.jp/v2/organizations/kaetsunou/feeds/kaetsunouhimi/files/feed.zip?rid=prev_1,data/raw/gtfs/history/kaetsunou__kaetsunouhimi__prev_1.zip,ca0494f62145a935f0ee226ac4ac12176f97da4c7e7674e8dfac9151db8528ca,206,attachment; filename=feed_kaetsunou_kaetsunouhimi_20251101_20251021135925.zip,2026-09-29T01:45:47.659717+00:00,
kaetsunou,kaetsunouhimi,prev_2,https://api.gtfs-data.jp/v2/organizations/kaetsunou/feeds/kaetsunouhimi/files/feed.zip?rid=prev_2,data/raw/gtfs/history/kaetsunou__kaetsunouhimi__prev_2.zip,6be9914c6013a967ed253acafa90e7183b71535c27bde67d69f91dbb53b5829e,206,attachment; filename=feed_kaetsunou_kaetsunouhimi_20250220_20250613160439.zip,2026-09-29T01:45:47.644073+00:00,
kaetsunou,kaetsunouhimi,prev_3,https://api.gtfs-data.jp/v2/organizations/kaetsunou/feeds/kaetsunouhimi/files/feed.zip?rid=prev_3,data/raw/gtfs/history/kaetsunou__kaetsunouhimi__prev_3.zip,f8688700f4b14b5a7288123cf94c5bff0d2e56f4d7aac71c1592312ec1b76861,206,attachment; filename=feed_kaetsunou_kaetsunouhimi_20240401_20241007104705.zip,2026-09-29T01:45:47.512177+00:00,
kaetsunou,kaetsunouhimi,prev_4,https://api.gtfs-data.jp/v2/organizations/kaetsunou/feeds/kaetsunouhimi/files/feed.zip?rid=prev_4,data/raw/gtfs/history/kaetsunou__kaetsunouhimi__prev_4.zip,6a63bdc7d31b7cd263a4f8d7335a067f12d75325a678b937cb277b776edc8801,206,attachment; filename=feed_kaetsunou_kaetsunouhimi_20240216_20240216162431.zip,2026-09-29T01:45:47.619955+00:00,
kaetsunou,kaetsunouhimi,prev_5,https://api.gtfs-data.jp/v2/organizations/kaetsunou/feeds/kaetsunouhimi/files/feed.zip?rid=prev_5,data/raw/gtfs/history/kaetsunou__kaetsunouhimi__prev_5.zip,70ee4de856a0ec3d2fffc3dd5413c7139fccb8c1d46a16f7275a888fb712b998,206,attachment; filename=feed_kaetsunou_kaetsunouhimi_20230318_20230320094842.zip,2026-09-29T01:45:47.175590+00:00,
kaetsunou,kaetsunouhimi,prev_6,https://api.gtfs-data.jp/v2/organizations/kaetsunou/feeds/kaetsunouhimi/files/feed.zip?rid=prev_6,data/raw/gtfs/history/kaetsunou__kaetsunouhimi__prev_6.zip,d4a19bd049a810c587a103bccf8cb51f3860958608289a7315b0e314db80db09,206,attachment; filename=feed_kaetsunou_kaetsunouhimi_20220930_20221204141208.zip,2026-09-29T01:45:47.505956+00:00,
kaetsunou,kaetsunouhimi,prev_7,https://api.gtfs-data.jp/v2/organizations/kaetsunou/feeds/kaetsunouhimi/files/feed.zip?rid=prev_7,data/raw/gtfs/history/kaetsunou__kaetsunouhimi__prev_7.zip,512f7d6f25bfae6d09840fc88c7011f092d69eca60f26b8d3d4f4c9e988589ee,206,attachment; filename=feed_kaetsunou_kaetsunouhimi_20220913_20221204141140.zip,2026-09-29T01:46:04.788545+00:00,
kaetsunou,kaetsunouhimi,prev_8,https://api.gtfs-data.jp/v2/organizations/kaetsunou/feeds/kaetsunouhimi/files/feed.zip?rid=prev_8,data/raw/gtfs/history/kaetsunou__kaetsunouhimi__prev_8.zip,ec070205f81371cc686da5c6247e4eb9eb9f5e822e6b1fb01a038c94705ca4b0,206,attachment; filename=feed_kaetsunou_kaetsunouhimi_20220324_20221204141055.zip,2026-09-29T01:46:04.800941+00:00,
kaetsunou,kaetsunouhimi,prev_9,https://api.gtfs-data.jp/v2/organizations/kaetsunou/feeds/kaetsunouhimi/files/feed.zip?rid=prev_9,data/raw/gtfs/history/kaetsunou__kaetsunouhimi__prev_9.zip,2f94798f592ae614acad4970fbcace532982da417b0519996b65456884411c3f,206,attachment; filename=feed_kaetsunou_kaetsunouhimi_20210325_20221204141042.zip,2026-09-29T01:46:04.652080+00:00,
kaetsunou,kaetsunouhimi,prev_10,https://api.gtfs-data.jp/v2/organizations/kaetsunou/feeds/kaetsunouhimi/files/feed.zip?rid=prev_10,data/raw/gtfs/history/kaetsunou__kaetsunouhimi__prev_10.zip,38c416a7893dc7e76e65fbc3c198f6e75bbb13eb60706492b53c0a3e97e05a4a,206,attachment; filename=feed_kaetsunou_kaetsunouhimi_20191201_20241007104650.zip,2026-09-29T01:46:04.657516+00:00,
imizucity,imizushi,prev_1,https://api.gtfs-data.jp/v2/organizations/imizucity/feeds/imizushi/files/feed.zip?rid=prev_1,data/raw/gtfs/history/imizucity__imizushi__prev_1.zip,f64fa076c871a3b3c0842797641b63f01aa11cb10a707e2628c66df4bb7e95dd,206,attachment; filename=feed_imizucity_imizushi_20251201_20251121153438.zip,2026-09-29T01:46:04.829750+00:00,
imizucity,imizushi,prev_2,https://api.gtfs-data.jp/v2/organizations/imizucity/feeds/imizushi/files/feed.zip?rid=prev_2,data/raw/gtfs/history/imizucity__imizushi__prev_2.zip,3c4365072ae0e347d395b8c4beea95df07e19dd442ecafd2358eac73ce30f429,206,attachment; filename=feed_imizucity_imizushi_20250901_20250822161742.zip,2026-09-29T01:46:04.581430+00:00,
imizucity,imizushi,prev_3,https://api.gtfs-data.jp/v2/organizations/imizucity/feeds/imizushi/files/feed.zip?rid=prev_3,data/raw/gtfs/history/imizucity__imizushi__prev_3.zip,df99e5d0623baf42e856fb58cf319cff556e361ad356e8cda3dedaa988521c90,206,attachment; filename=feed_imizucity_imizushi_20250401_20250314141253.zip,2026-09-29T01:46:04.879146+00:00,
imizucity,imizushi,prev_4,https://api.gtfs-data.jp/v2/organizations/imizucity/feeds/imizushi/files/feed.zip?rid=prev_4,data/raw/gtfs/history/imizucity__imizushi__prev_4.zip,eebb7d3d4d1b34ee87cbb30763cca4d051a09aaf4320faf2950cc8eaa1f4630b,206,attachment; filename=feed_imizucity_imizushi_20240902_20240827114836.zip,2026-09-29T01:46:04.713607+00:00,
imizucity,imizushi,prev_5,https://api.gtfs-data.jp/v2/organizations/imizucity/feeds/imizushi/files/feed.zip?rid=prev_5,data/raw/gtfs/history/imizucity__imizushi__prev_5.zip,d7aa350c0a561202a2ea3d174cf6203f09fc8060addbe17867e5466ac964042a,206,attachment; filename=feed_imizucity_imizushi_20240325_20240311133644.zip,2026-09-29T01:46:21.981370+00:00,
imizucity,imizushi,prev_6,https://api.gtfs-data.jp/v2/organizations/imizucity/feeds/imizushi/files/feed.zip?rid=prev_6,data/raw/gtfs/history/imizucity__imizushi__prev_6.zip,4a0076040711e8839f2b2b133b01ca6dc9a6c55725f297afdb99f3f93d68fa0a,206,attachment; filename=feed_imizucity_imizushi_20240201_20240311133642.zip,2026-09-29T01:46:21.938092+00:00,
imizucity,imizushi,prev_7,https://api.gtfs-data.jp/v2/organizations/imizucity/feeds/imizushi/files/feed.zip?rid=prev_7,data/raw/gtfs/history/imizucity__imizushi__prev_7.zip,2be8031aba8f5ede41f6da1e3bafb035dc3510a10ccd3a9bab12aff3ef03a832,206,attachment; filename=feed_imizucity_imizushi_20230319_20240111170451.zip,2026-09-29T01:46:21.948619+00:00,
imizucity,imizushi,prev_8,https://api.gtfs-data.jp/v2/organizations/imizucity/feeds/imizushi/files/feed.zip?rid=prev_8,data/raw/gtfs/history/imizucity__imizushi__prev_8.zip,9615f44a3ec2955d1a8e7623487caf531a5761717f3a1cb78bd7d03b134f6d05,206,attachment; filename=feed_imizucity_imizushi_20230319_20240111165958.zip,2026-09-29T01:46:21.949370+00:00,
imizucity,imizushi,prev_10,https://api.gtfs-data.jp/v2/organizations/imizucity/feeds/imizushi/files/feed.zip?rid=prev_10,data/raw/gtfs/history/imizucity__imizushi__prev_10.zip,b8ff3c98ab19c63871e7eb7e5274c2eb492b7f9f73cec0875f494f9a019269c2,206,attachment; filename=feed_imizucity_imizushi_20221201_20221204212209.zip,2026-09-29T01:46:22.106220+00:00,
imizucity,imizushi,prev_11,https://api.gtfs-data.jp/v2/organizations/imizucity/feeds/imizushi/files/feed.zip?rid=prev_11,data/raw/gtfs/history/imizucity__imizushi__prev_11.zip,55b3bda1823e3f6200b95ece3f3340e058f42b0f551f6b59958ad858b7f94b35,206,attachment; filename=feed_imizucity_imizushi_20220501_20221204211953.zip,2026-09-29T01:46:22.066374+00:00,
imizucity,imizushi,prev_12,https://api.gtfs-data.jp/v2/organizations/imizucity/feeds/imizushi/files/feed.zip?rid=prev_12,data/raw/gtfs/history/imizucity__imizushi__prev_12.zip,19c9b9fd663db04766a49cfcf58d8d10af1d9aedf8fad097c317123facb44b46,206,attachment; filename=feed_imizucity_imizushi_20220401_20221204211930.zip,2026-09-29T01:46:22.112684+00:00,
kamiichitown,kamiichi,prev_1,https://api.gtfs-data.jp/v2/organizations/kamiichitown/feeds/kamiichi/files/feed.zip?rid=prev_1,data/raw/gtfs/history/kamiichitown__kamiichi__prev_1.zip,c2f04540bd57c9180384b208006b6c2f856939dd00f939d1cb4186fd061c288f,206,attachment; filename=feed_kamiichitown_kamiichi_20250401_20250326105634.zip,2026-09-29T01:46:21.922607+00:00,
kamiichitown,kamiichi,prev_2,https://api.gtfs-data.jp/v2/organizations/kamiichitown/feeds/kamiichi/files/feed.zip?rid=prev_2,data/raw/gtfs/history/kamiichitown__kamiichi__prev_2.zip,af7757c0610a1072088b17f3513aa8c9753ce035eb51a745e9497d25218c64b5,206,attachment; filename=feed_kamiichitown_kamiichi_20240401_20240329202934.zip,2026-09-29T01:46:41.150794+00:00,
kamiichitown,kamiichi,prev_3,https://api.gtfs-data.jp/v2/organizations/kamiichitown/feeds/kamiichi/files/feed.zip?rid=prev_3,data/raw/gtfs/history/kamiichitown__kamiichi__prev_3.zip,a363ed6b61353e89db1d70a14bf9179cfb05659ef04a0bfadb803cd9026645eb,206,attachment; filename=feed_kamiichitown_kamiichi_20230401_20230328094209.zip,2026-09-29T01:46:41.281899+00:00,
kamiichitown,kamiichi,prev_4,https://api.gtfs-data.jp/v2/organizations/kamiichitown/feeds/kamiichi/files/feed.zip?rid=prev_4,data/raw/gtfs/history/kamiichitown__kamiichi__prev_4.zip,193385b8f9d64ba70fad2863614dced977c6b3ca1996b6e51955b94c83e7c1ab,206,attachment; filename=feed_kamiichitown_kamiichi_20220901_20221204212737.zip,2026-09-29T01:46:40.961702+00:00,
kamiichitown,kamiichi,prev_5,https://api.gtfs-data.jp/v2/organizations/kamiichitown/feeds/kamiichi/files/feed.zip?rid=prev_5,data/raw/gtfs/history/kamiichitown__kamiichi__prev_5.zip,406c55dc579f21eea80f9c83836b05758fc62466be59070aef8d5138a31fc35b,206,attachment; filename=feed_kamiichitown_kamiichi_20220401_20221204212654.zip,2026-09-29T01:46:41.257810+00:00,
kamiichitown,kamiichi,prev_6,https://api.gtfs-data.jp/v2/organizations/kamiichitown/feeds/kamiichi/files/feed.zip?rid=prev_6,data/raw/gtfs/history/kamiichitown__kamiichi__prev_6.zip,403b9cddaacfc9035290773f813b92bd17ace227f2a7670e4db835906eaee9d9,206,attachment; filename=feed_kamiichitown_kamiichi_20210401_20221204212639.zip,2026-09-29T01:46:41.266987+00:00,
kamiichitown,kamiichi,prev_7,https://api.gtfs-data.jp/v2/organizations/kamiichitown/feeds/kamiichi/files/feed.zip?rid=prev_7,data/raw/gtfs/history/kamiichitown__kamiichi__prev_7.zip,1bbaa12f8cf42921535e6c4807642b0da0586d2cf57d204599b27d41b5d25cd2,206,attachment; filename=feed_kamiichitown_kamiichi_20200401_20221204212626.zip,2026-09-29T01:46:41.133671+00:00,
kaetsunou,kaetsunouippan,prev_1,https://api.gtfs-data.jp/v2/organizations/kaetsunou/feeds/kaetsunouippan/files/feed.zip?rid=prev_1,data/raw/gtfs/history/kaetsunou__kaetsunouippan__prev_1.zip,e46073bbc83971646594ac5b61975faee0886c86a7d6c68b40bda39b0a7ce2e3,206,attachment; filename=feed_kaetsunou_kaetsunouippan_20260714_20260714153832.zip,2026-09-29T01:46:41.298461+00:00,
kaetsunou,kaetsunouippan,prev_2,https://api.gtfs-data.jp/v2/organizations/kaetsunou/feeds/kaetsunouippan/files/feed.zip?rid=prev_2,data/raw/gtfs/history/kaetsunou__kaetsunouippan__prev_2.zip,caeb2f1aa8bc95636a4b4072e9eaa45132ad179ee6e31b10fd3b1c12ef21ed98,206,attachment; filename=feed_kaetsunou_kaetsunouippan_20260707_20260707162416.zip,2026-09-29T01:46:41.375145+00:00,
kaetsunou,kaetsunouippan,prev_3,https://api.gtfs-data.jp/v2/organizations/kaetsunou/feeds/kaetsunouippan/files/feed.zip?rid=prev_3,data/raw/gtfs/history/kaetsunou__kaetsunouippan__prev_3.zip,27fc651d6df197bc8f69eeb95bd5febd2e4a2134167a76c6f7af04fb8ea3878a,206,attachment; filename=feed_kaetsunou_kaetsunouippan_20260401_20260706163618.zip,2026-09-29T01:46:58.908514+00:00,
kaetsunou,kaetsunouippan,prev_4,https://api.gtfs-data.jp/v2/organizations/kaetsunou/feeds/kaetsunouippan/files/feed.zip?rid=prev_4,data/raw/gtfs/history/kaetsunou__kaetsunouippan__prev_4.zip,8bb2fb7d66a99fa580339524ad21c730aec86a6ab8ed64f07200b7c181e50946,206,attachment; filename=feed_kaetsunou_kaetsunouippan_20251201_20251121152449.zip,2026-09-29T01:46:59.233602+00:00,
kaetsunou,kaetsunouippan,prev_5,https://api.gtfs-data.jp/v2/organizations/kaetsunou/feeds/kaetsunouippan/files/feed.zip?rid=prev_5,data/raw/gtfs/history/kaetsunou__kaetsunouippan__prev_5.zip,783a880d3db1b1af2329f4cdc8782be93b6c7b053815986a396e545f3528bbd1,206,attachment; filename=feed_kaetsunou_kaetsunouippan_20251101_20251030131201.zip,2026-09-29T01:46:59.262142+00:00,
kaetsunou,kaetsunouippan,prev_6,https://api.gtfs-data.jp/v2/organizations/kaetsunou/feeds/kaetsunouippan/files/feed.zip?rid=prev_6,data/raw/gtfs/history/kaetsunou__kaetsunouippan__prev_6.zip,97d1c55daa713a3ac18da83eb9b6b2bb73f118ad109597d65020f542c4cfc76a,206,attachment; filename=feed_kaetsunou_kaetsunouippan_20250401_20250314141239.zip,2026-09-29T01:46:59.090858+00:00,
kaetsunou,kaetsunouippan,prev_7,https://api.gtfs-data.jp/v2/organizations/kaetsunou/feeds/kaetsunouippan/files/feed.zip?rid=prev_7,data/raw/gtfs/history/kaetsunou__kaetsunouippan__prev_7.zip,561ccdf91dc192376a6cebb65d08da261effa5077d037da060a7806a2081c3af,206,attachment; filename=feed_kaetsunou_kaetsunouippan_20250220_20250314120230.zip,2026-09-29T01:46:59.196219+00:00,
kaetsunou,kaetsunouippan,prev_8,https://api.gtfs-data.jp/v2/organizations/kaetsunou/feeds/kaetsunouippan/files/feed.zip?rid=prev_8,data/raw/gtfs/history/kaetsunou__kaetsunouippan__prev_8.zip,c92a38be33b87936635b35e46b77d21cdd4753704ebdaf70f2366294f04e7586,206,attachment; filename=feed_kaetsunou_kaetsunouippan_20241201_20241106101715.zip,2026-09-29T01:46:59.214147+00:00,
kaetsunou,kaetsunouippan,prev_9,https://api.gtfs-data.jp/v2/organizations/kaetsunou/feeds/kaetsunouippan/files/feed.zip?rid=prev_9,data/raw/gtfs/history/kaetsunou__kaetsunouippan__prev_9.zip,e2a10d8b03638cac6dcccad06d3a42d32b1101149ecd7fb7953b8a7f25d0939a,206,attachment; filename=feed_kaetsunou_kaetsunouippan_20241001_20241007095608.zip,2026-09-29T01:46:58.972140+00:00,
kaetsunou,kaetsunouippan,prev_10,https://api.gtfs-data.jp/v2/organizations/kaetsunou/feeds/kaetsunouippan/files/feed.zip?rid=prev_10,data/raw/gtfs/history/kaetsunou__kaetsunouippan__prev_10.zip,1ef7d6560818de89ff05944b7c1c15ba93df9c50b8c6b5faf9972a21854289aa,206,attachment; filename=feed_kaetsunou_kaetsunouippan_20240401_20240318174129.zip,2026-09-29T01:46:58.971568+00:00,
kaetsunou,kaetsunouippan,prev_11,https://api.gtfs-data.jp/v2/organizations/kaetsunou/feeds/kaetsunouippan/files/feed.zip?rid=prev_11,data/raw/gtfs/history/kaetsunou__kaetsunouippan__prev_11.zip,b948f6409d0436edbc8e005ba655aa928879de5e3cfebbf762936e5804f5f217,206,attachment; filename=feed_kaetsunou_kaetsunouippan_20231201_20231204131445.zip,2026-09-29T01:47:17.586710+00:00,
kaetsunou,kaetsunouippan,prev_12,https://api.gtfs-data.jp/v2/organizations/kaetsunou/feeds/kaetsunouippan/files/feed.zip?rid=prev_12,data/raw/gtfs/history/kaetsunou__kaetsunouippan__prev_12.zip,f6486c25e5e49015c3414d1132ff0c191a37a33cfafe2bcb4244909bdcfe7373,206,attachment; filename=feed_kaetsunou_kaetsunouippan_20230401_20230328092635.zip,2026-09-29T01:47:17.411825+00:00,
takaokacity,koueibus,prev_1,https://api.gtfs-data.jp/v2/organizations/takaokacity/feeds/koueibus/files/feed.zip?rid=prev_1,data/raw/gtfs/history/takaokacity__koueibus__prev_1.zip,9a12cfd2dce1800ce0f1ccc7d80a0f8994b578ba02b291ca36de31b6095c93a3,206,attachment; filename=feed_takaokacity_koueibus_20250401_20250321165509.zip,2026-09-29T01:47:17.642348+00:00,
takaokacity,koueibus,prev_2,https://api.gtfs-data.jp/v2/organizations/takaokacity/feeds/koueibus/files/feed.zip?rid=prev_2,data/raw/gtfs/history/takaokacity__koueibus__prev_2.zip,adb934512f974b0b1767cfb030483f16cf7af79967994721246f7fe8138d6745,206,attachment; filename=feed_takaokacity_koueibus_20240830_20240830164605.zip,2026-09-29T01:47:17.269079+00:00,
takaokacity,koueibus,prev_3,https://api.gtfs-data.jp/v2/organizations/takaokacity/feeds/koueibus/files/feed.zip?rid=prev_3,data/raw/gtfs/history/takaokacity__koueibus__prev_3.zip,eb62b404fd2dffd582d472bbd4ca6d111efde52f0c59d4d1922fc125cfd14826,206,attachment; filename=feed_takaokacity_koueibus_20240401_20240315170535.zip,2026-09-29T01:47:17.094977+00:00,
takaokacity,koueibus,prev_4,https://api.gtfs-data.jp/v2/organizations/takaokacity/feeds/koueibus/files/feed.zip?rid=prev_4,data/raw/gtfs/history/takaokacity__koueibus__prev_4.zip,26cbeedd2da123e38b40d9f3924b016a142baa0cc1887c344df0a11bf571e8c7,206,attachment; filename=feed_takaokacity_koueibus_20230401_20230308175623.zip,2026-09-29T01:47:17.548429+00:00,
takaokacity,koueibus,prev_5,https://api.gtfs-data.jp/v2/organizations/takaokacity/feeds/koueibus/files/feed.zip?rid=prev_5,data/raw/gtfs/history/takaokacity__koueibus__prev_5.zip,27569ca4d20be16ca205271f88704101d3f8c4bb41a72c48fdcb16df6821d3a1,206,attachment; filename=feed_takaokacity_koueibus_20220926_20221204184912.zip,2026-09-29T01:47:17.285671+00:00,
takaokacity,koueibus,prev_6,https://api.gtfs-data.jp/v2/organizations/takaokacity/feeds/koueibus/files/feed.zip?rid=prev_6,data/raw/gtfs/history/takaokacity__koueibus__prev_6.zip,77f283a2f9b0fb75039b7867417aaaa209cfc18597f20667183448caf91a216d,206,attachment; filename=feed_takaokacity_koueibus_20220912_20221204184839.zip,2026-09-29T01:47:17.249960+00:00,
takaokacity,koueibus,prev_7,https://api.gtfs-data.jp/v2/organizations/takaokacity/feeds/koueibus/files/feed.zip?rid=prev_7,data/raw/gtfs/history/takaokacity__koueibus__prev_7.zip,3c8413b3a63db3ed1fa2600c97a3864c53383c4d3135641a793ec406b5e3c5fe,206,attachment; filename=feed_takaokacity_koueibus_20220815_20221204184637.zip,2026-09-29T01:47:35.148223+00:00,
takaokacity,koueibus,prev_8,https://api.gtfs-data.jp/v2/organizations/takaokacity/feeds/koueibus/files/feed.zip?rid=prev_8,data/raw/gtfs/history/takaokacity__koueibus__prev_8.zip,ce96ab60f01787ae352aceafee8159930cc7db6238525ff0601af14b3ef1d2ed,206,attachment; filename=feed_takaokacity_koueibus_20220801_20221204184309.zip,2026-09-29T01:47:34.887029+00:00,
takaokacity,koueibus,prev_9,https://api.gtfs-data.jp/v2/organizations/takaokacity/feeds/koueibus/files/feed.zip?rid=prev_9,data/raw/gtfs/history/takaokacity__koueibus__prev_9.zip,182fd349772f5f84b2a650a14ab57380ae33d8376b0249a8787f96ab09f3d039,206,attachment; filename=feed_takaokacity_koueibus_20220524_20221204184208.zip,2026-09-29T01:47:34.859951+00:00,
nyuzentown,noranmaicar,prev_1,https://api.gtfs-data.jp/v2/organizations/nyuzentown/feeds/noranmaicar/files/feed.zip?rid=prev_1,data/raw/gtfs/history/nyuzentown__noranmaicar__prev_1.zip,27a9d341c75e9bad971f934d99f354f5931c4f1c97f2912dd6c9edf0f8299a9d,206,attachment; filename=feed_nyuzentown_noranmaicar_20250326_20250326111922.zip,2026-09-29T01:47:34.985311+00:00,
nyuzentown,noranmaicar,prev_2,https://api.gtfs-data.jp/v2/organizations/nyuzentown/feeds/noranmaicar/files/feed.zip?rid=prev_2,data/raw/gtfs/history/nyuzentown__noranmaicar__prev_2.zip,4e04392091225d6d81bf647398f4e278e832fd49320f198e8de1a3593ff6671f,206,attachment; filename=feed_nyuzentown_noranmaicar_20240527_20240521173517.zip,2026-09-29T01:47:35.123406+00:00,
nyuzentown,noranmaicar,prev_3,https://api.gtfs-data.jp/v2/organizations/nyuzentown/feeds/noranmaicar/files/feed.zip?rid=prev_3,data/raw/gtfs/history/nyuzentown__noranmaicar__prev_3.zip,04cf09663d555a0e1e4d06a40949433f19912c0d7f28f82e5ac9153dc82a49d7,206,attachment; filename=feed_nyuzentown_noranmaicar_20240207_20240216165630.zip,2026-09-29T01:47:34.972848+00:00,
nyuzentown,noranmaicar,prev_4,https://api.gtfs-data.jp/v2/organizations/nyuzentown/feeds/noranmaicar/files/feed.zip?rid=prev_4,data/raw/gtfs/history/nyuzentown__noranmaicar__prev_4.zip,e3fff722af25a5268e5cd860a7212f4703c574e0fc8e7fa45c3d8218f7c6cd05,206,attachment; filename=feed_nyuzentown_noranmaicar_20220401_20221204214503.zip,2026-09-29T01:47:34.984032+00:00,
nyuzentown,noranmaicar,prev_6,https://api.gtfs-data.jp/v2/organizations/nyuzentown/feeds/noranmaicar/files/feed.zip?rid=prev_6,data/raw/gtfs/history/nyuzentown__noranmaicar__prev_6.zip,742530dfdd4c2c781d8ca3dd073c42a9aa8a51faca0961ee11a20e1149623bb7,206,attachment; filename=feed_nyuzentown_noranmaicar_20180901_20221204214422.zip,2026-09-29T01:47:34.819711+00:00,
oyabecity,oyabecitybus,prev_1,https://api.gtfs-data.jp/v2/organizations/oyabecity/feeds/oyabecitybus/files/feed.zip?rid=prev_1,data/raw/gtfs/history/oyabecity__oyabecitybus__prev_1.zip,fbeb5542d8064305e8a966422159c05c29e26f90a414d2d8cec10896baaf7310,206,attachment; filename=feed_oyabecity_oyabecitybus_20250328_20250328130713.zip,2026-09-29T01:47:54.320400+00:00,
oyabecity,oyabecitybus,prev_2,https://api.gtfs-data.jp/v2/organizations/oyabecity/feeds/oyabecitybus/files/feed.zip?rid=prev_2,data/raw/gtfs/history/oyabecity__oyabecitybus__prev_2.zip,b6be7697ab8954f64b67be79d855ad0c418ebf02134d384511f2ba792fe80431,206,attachment; filename=feed_oyabecity_oyabecitybus_20240401_20240315125436.zip,2026-09-29T01:47:54.167352+00:00,
oyabecity,oyabecitybus,prev_3,https://api.gtfs-data.jp/v2/organizations/oyabecity/feeds/oyabecitybus/files/feed.zip?rid=prev_3,data/raw/gtfs/history/oyabecity__oyabecitybus__prev_3.zip,acca234a457ef9ff6ab92aaa112b74b6cacf832a67e86714789bb51d2aa86a7e,206,attachment; filename=feed_oyabecity_oyabecitybus_20231016_20231016142343.zip,2026-09-29T01:47:54.083283+00:00,
oyabecity,oyabecitybus,prev_4,https://api.gtfs-data.jp/v2/organizations/oyabecity/feeds/oyabecitybus/files/feed.zip?rid=prev_4,data/raw/gtfs/history/oyabecity__oyabecitybus__prev_4.zip,08a5a27adbc5cf57f945077139cc501ba16b2c3f542ad172bc9bb92f839dd608,206,attachment; filename=feed_oyabecity_oyabecitybus_20231001_20230915183425.zip,2026-09-29T01:47:54.395575+00:00,
oyabecity,oyabecitybus,prev_5,https://api.gtfs-data.jp/v2/organizations/oyabecity/feeds/oyabecitybus/files/feed.zip?rid=prev_5,data/raw/gtfs/history/oyabecity__oyabecitybus__prev_5.zip,01620217f3c30a8fc2693c9869569b9e57cc0cd1659bf4e29be0e8f16bae832c,206,attachment; filename=feed_oyabecity_oyabecitybus_20230701_20230616143751.zip,2026-09-29T01:47:54.039387+00:00,
oyabecity,oyabecitybus,prev_6,https://api.gtfs-data.jp/v2/organizations/oyabecity/feeds/oyabecitybus/files/feed.zip?rid=prev_6,data/raw/gtfs/history/oyabecity__oyabecitybus__prev_6.zip,702286c36c0a2de59ce668858647625e0f529e6b2fc5277c3a41c1e3da0a0c2a,206,attachment; filename=feed_oyabecity_oyabecitybus_20220421_20221204211302.zip,2026-09-29T01:47:54.325692+00:00,
oyabecity,oyabecitybus,prev_7,https://api.gtfs-data.jp/v2/organizations/oyabecity/feeds/oyabecitybus/files/feed.zip?rid=prev_7,data/raw/gtfs/history/oyabecity__oyabecitybus__prev_7.zip,c4796994f33d4ea1b4c31c35ae3716a02e8aba1795473a79fbc152c023e4c30f,206,attachment; filename=feed_oyabecity_oyabecitybus_20210721_20221204211245.zip,2026-09-29T01:47:54.079352+00:00,
nantocity,nanbus,prev_1,https://api.gtfs-data.jp/v2/organizations/nantocity/feeds/nanbus/files/feed.zip?rid=prev_1,data/raw/gtfs/history/nantocity__nanbus__prev_1.zip,1f7ba3ade84e72fcee90916d8d1219f061556f497b5ce516e62b62160908f6cd,206,attachment; filename=feed_nantocity_nanbus_20260402_20260513165404.zip,2026-09-29T01:47:54.069657+00:00,
nantocity,nanbus,prev_3,https://api.gtfs-data.jp/v2/organizations/nantocity/feeds/nanbus/files/feed.zip?rid=prev_3,data/raw/gtfs/history/nantocity__nanbus__prev_3.zip,8dd8283351a2127842e0b4e787f470c1e08f9206af9b984262d4ec574a98bc2e,206,attachment; filename=feed_nantocity_nanbus_20251024_20251117171453.zip,2026-09-29T01:48:12.467301+00:00,
nantocity,nanbus,prev_4,https://api.gtfs-data.jp/v2/organizations/nantocity/feeds/nanbus/files/feed.zip?rid=prev_4,data/raw/gtfs/history/nantocity__nanbus__prev_4.zip,80dfaabbfd0375923d70cec790baa5c891347b2c122ab0d8dcb8aac5eff5fe72,206,attachment; filename=feed_nantocity_nanbus_20250401_20250324120351.zip,2026-09-29T01:48:12.538593+00:00,
nantocity,nanbus,prev_5,https://api.gtfs-data.jp/v2/organizations/nantocity/feeds/nanbus/files/feed.zip?rid=prev_5,data/raw/gtfs/history/nantocity__nanbus__prev_5.zip,86bce9faec87afd30c4d5947eb50080b436445e3d26ce3b58748fb84a6b53362,206,attachment; filename=feed_nantocity_nanbus_20240401_20240509150127.zip,2026-09-29T01:48:12.305004+00:00,
nantocity,nanbus,prev_7,https://api.gtfs-data.jp/v2/organizations/nantocity/feeds/nanbus/files/feed.zip?rid=prev_7,data/raw/gtfs/history/nantocity__nanbus__prev_7.zip,53c8b809a1ea13995f835fec8af3d6fd01782ca27014a433a1e90a1538f72779,206,attachment; filename=feed_nantocity_nanbus_20230401_20230327131109.zip,2026-09-29T01:48:12.615165+00:00,
nantocity,nanbus,prev_8,https://api.gtfs-data.jp/v2/organizations/nantocity/feeds/nanbus/files/feed.zip?rid=prev_8,data/raw/gtfs/history/nantocity__nanbus__prev_8.zip,1412d987cc5e796811b989f7cd3559c04c41c8aec405b27a27d0eb914a6afade,206,attachment; filename=feed_nantocity_nanbus_20220401_20221204211539.zip,2026-09-29T01:48:12.030003+00:00,
nantocity,nanbus,prev_9,https://api.gtfs-data.jp/v2/organizations/nantocity/feeds/nanbus/files/feed.zip?rid=prev_9,data/raw/gtfs/history/nantocity__nanbus__prev_9.zip,c2545f12658ba7b669d7251bb5b0d99dbc350f5cf3040456293d9fb90d402f02,206,attachment; filename=feed_nantocity_nanbus_20210401_20221204211527.zip,2026-09-29T01:48:12.558040+00:00,
tonamicity,tonamishieibasu,prev_1,https://api.gtfs-data.jp/v2/organizations/tonamicity/feeds/tonamishieibasu/files/feed.zip?rid=prev_1,data/raw/gtfs/history/tonamicity__tonamishieibasu__prev_1.zip,65d7cec9f907a5be0066a9c003b504325843c7dfc3394760e0eab53c671f63f7,206,attachment; filename=feed_tonamicity_tonamishieibasu_20240401_20240329081522.zip,2026-09-29T01:48:12.198185+00:00,
tonamicity,tonamishieibasu,prev_2,https://api.gtfs-data.jp/v2/organizations/tonamicity/feeds/tonamishieibasu/files/feed.zip?rid=prev_2,data/raw/gtfs/history/tonamicity__tonamishieibasu__prev_2.zip,7e5c0da7351e16367043549de32ab284f254b934a4c5c3cd58557c29ae11b79f,206,attachment; filename=feed_tonamicity_tonamishieibasu_20231001_20230922133439.zip,2026-09-29T01:48:12.382339+00:00,
tonamicity,tonamishieibasu,prev_3,https://api.gtfs-data.jp/v2/organizations/tonamicity/feeds/tonamishieibasu/files/feed.zip?rid=prev_3,data/raw/gtfs/history/tonamicity__tonamishieibasu__prev_3.zip,bcc80f50ad92bfacb3e5a0998db74ae81d7be0dbc33d8841334e678fb666f770,206,attachment; filename=feed_tonamicity_tonamishieibasu_20220120_20221204210835.zip,2026-09-29T01:48:31.059286+00:00,
tonamicity,tonamishieibasu,prev_4,https://api.gtfs-data.jp/v2/organizations/tonamicity/feeds/tonamishieibasu/files/feed.zip?rid=prev_4,data/raw/gtfs/history/tonamicity__tonamishieibasu__prev_4.zip,d88316ddebc957814cecb0dfbe2daa775da69b71439576c9fbdde917d363ae1d,206,attachment; filename=feed_tonamicity_tonamishieibasu_20211215_20221204210819.zip,2026-09-29T01:48:30.723352+00:00,
tonamicity,tonamishieibasu,prev_5,https://api.gtfs-data.jp/v2/organizations/tonamicity/feeds/tonamishieibasu/files/feed.zip?rid=prev_5,data/raw/gtfs/history/tonamicity__tonamishieibasu__prev_5.zip,bbea1541d0fee47d418036486312fe41aed7c4648b62263cbe7be1e698a32f05,206,attachment; filename=feed_tonamicity_tonamishieibasu_20210420_20221204210748.zip,2026-09-29T01:48:30.882490+00:00,
toyamacity,fuchucommunitybus,prev_1,https://api.gtfs-data.jp/v2/organizations/toyamacity/feeds/fuchucommunitybus/files/feed.zip?rid=prev_1,data/raw/gtfs/history/toyamacity__fuchucommunitybus__prev_1.zip,ae74e30cb0ac768273fb2a17dc33d4a1050d9f14a18212b33c006db371aeb890,206,attachment; filename=feed_toyamacity_fuchucommunitybus_20251212_20251212172417.zip,2026-09-29T01:48:31.007174+00:00,
toyamacity,fuchucommunitybus,prev_2,https://api.gtfs-data.jp/v2/organizations/toyamacity/feeds/fuchucommunitybus/files/feed.zip?rid=prev_2,data/raw/gtfs/history/toyamacity__fuchucommunitybus__prev_2.zip,49e26ccf0247e3e12621e376c86cae65985b658e66f288e4cf340e6a531e5229,206,attachment; filename=feed_toyamacity_fuchucommunitybus_20250311_20250321171043.zip,2026-09-29T01:48:30.863381+00:00,
toyamacity,fuchucommunitybus,prev_3,https://api.gtfs-data.jp/v2/organizations/toyamacity/feeds/fuchucommunitybus/files/feed.zip?rid=prev_3,data/raw/gtfs/history/toyamacity__fuchucommunitybus__prev_3.zip,5b5f945054bf55ccc50350d24a1b1a13d611584a10242e3d0d0e914dc5ccded3,206,attachment; filename=feed_toyamacity_fuchucommunitybus_20240401_20240314190741.zip,2026-09-29T01:48:30.756407+00:00,
toyamacity,fuchucommunitybus,prev_4,https://api.gtfs-data.jp/v2/organizations/toyamacity/feeds/fuchucommunitybus/files/feed.zip?rid=prev_4,data/raw/gtfs/history/toyamacity__fuchucommunitybus__prev_4.zip,a9efa71ccb1b481aba1736118dec5b1c8623017a88168ef633e40a05f5e283f6,206,attachment; filename=feed_toyamacity_fuchucommunitybus_20230401_20230303093822.zip,2026-09-29T01:48:31.007640+00:00,
toyamacity,fuchucommunitybus,prev_5,https://api.gtfs-data.jp/v2/organizations/toyamacity/feeds/fuchucommunitybus/files/feed.zip?rid=prev_5,data/raw/gtfs/history/toyamacity__fuchucommunitybus__prev_5.zip,29587daeac31e3be1a34fd9839d4fcbf5c24aa3bd1cb986f3e9923372a54b8a1,206,attachment; filename=feed_toyamacity_fuchucommunitybus_20220401_20221204183240.zip,2026-09-29T01:48:30.834225+00:00,
toyamacity,yamadacommunitybus,prev_1,https://api.gtfs-data.jp/v2/organizations/toyamacity/feeds/yamadacommunitybus/files/feed.zip?rid=prev_1,data/raw/gtfs/history/toyamacity__yamadacommunitybus__prev_1.zip,2dc8f8670f823d1c87ec13dff6c5564365a8c68175016760df05382d42774de3,206,attachment; filename=feed_toyamacity_yamadacommunitybus_20251017_20251021145654.zip,2026-09-29T01:48:50.090773+00:00,
toyamacity,yamadacommunitybus,prev_2,https://api.gtfs-data.jp/v2/organizations/toyamacity/feeds/yamadacommunitybus/files/feed.zip?rid=prev_2,data/raw/gtfs/history/toyamacity__yamadacommunitybus__prev_2.zip,5aa6206108ed7b23f2ebdf00cf5d144912544ad056e40184e0c5b2f0427ef2de,206,attachment; filename=feed_toyamacity_yamadacommunitybus_20250319_20250321171058.zip,2026-09-29T01:48:50.081190+00:00,
toyamacity,yamadacommunitybus,prev_3,https://api.gtfs-data.jp/v2/organizations/toyamacity/feeds/yamadacommunitybus/files/feed.zip?rid=prev_3,data/raw/gtfs/history/toyamacity__yamadacommunitybus__prev_3.zip,ca1b323a87154819a111241b67b3faaf3d2165a1f3695e6a10ef50f7f2053ed0,206,attachment; filename=feed_toyamacity_yamadacommunitybus_20241203_20250120120319.zip,2026-09-29T01:48:50.187569+00:00,
toyamacity,yamadacommunitybus,prev_4,https://api.gtfs-data.jp/v2/organizations/toyamacity/feeds/yamadacommunitybus/files/feed.zip?rid=prev_4,data/raw/gtfs/history/toyamacity__yamadacommunitybus__prev_4.zip,8e31a6f6bb54c7af424907062629c7740a72835fa216a58b2cc7dce180788caf,206,attachment; filename=feed_toyamacity_yamadacommunitybus_20240401_20240314193649.zip,2026-09-29T01:48:50.215362+00:00,
toyamacity,yamadacommunitybus,prev_5,https://api.gtfs-data.jp/v2/organizations/toyamacity/feeds/yamadacommunitybus/files/feed.zip?rid=prev_5,data/raw/gtfs/history/toyamacity__yamadacommunitybus__prev_5.zip,d5455f2451d6d0654cdf875726ed2e9f24b8b427c0fc41d52114928ad28e25d9,206,attachment; filename=feed_toyamacity_yamadacommunitybus_20231223_20231221135422.zip,2026-09-29T01:48:50.201073+00:00,
toyamacity,yamadacommunitybus,prev_6,https://api.gtfs-data.jp/v2/organizations/toyamacity/feeds/yamadacommunitybus/files/feed.zip?rid=prev_6,data/raw/gtfs/history/toyamacity__yamadacommunitybus__prev_6.zip,c59fabede12040f9d9dd671b2919a695d4c154dd8b94d79477a5cd9619e73924,206,attachment; filename=feed_toyamacity_yamadacommunitybus_20230401_20230303095508.zip,2026-09-29T01:48:50.206910+00:00,
toyamacity,yamadacommunitybus,prev_7,https://api.gtfs-data.jp/v2/organizations/toyamacity/feeds/yamadacommunitybus/files/feed.zip?rid=prev_7,data/raw/gtfs/history/toyamacity__yamadacommunitybus__prev_7.zip,338a4c21c3372bf17e1b0c45c6c0442cf46108226ae1a62aae033052638c888e,206,attachment; filename=feed_toyamacity_yamadacommunitybus_20221217_20221212174739.zip,2026-09-29T01:48:50.259875+00:00,
toyamacity,yamadacommunitybus,prev_8,https://api.gtfs-data.jp/v2/organizations/toyamacity/feeds/yamadacommunitybus/files/feed.zip?rid=prev_8,data/raw/gtfs/history/toyamacity__yamadacommunitybus__prev_8.zip,d0cde5cf4d1c4cb7f391df433f94cdf5dbc49e60cc1f25326edbc380905fc490,206,attachment; filename=feed_toyamacity_yamadacommunitybus_20220401_20221204183517.zip,2026-09-29T01:48:50.046989+00:00,
toyamacity,yamadacommunitybus,prev_9,https://api.gtfs-data.jp/v2/organizations/toyamacity/feeds/yamadacommunitybus/files/feed.zip?rid=prev_9,data/raw/gtfs/history/toyamacity__yamadacommunitybus__prev_9.zip,281586d36b874f990fc44b7025e0f458cd5b7d02787698b8f5502ebeccf12161,206,attachment; filename=feed_toyamacity_yamadacommunitybus_20210401_20221204183501.zip,2026-09-29T01:49:07.333741+00:00,
toyama-asahitown,asahimachibus,prev_1,https://api.gtfs-data.jp/v2/organizations/toyama-asahitown/feeds/asahimachibus/files/feed.zip?rid=prev_1,data/raw/gtfs/history/toyama-asahitown__asahimachibus__prev_1.zip,b7727771201538d3b34f1473922d920fc877705c1a40073d8b37dfc29b2147d7,206,attachment; filename=feed_toyama-asahitown_asahimachibus_20250317_20250225153451.zip,2026-09-29T01:49:07.414804+00:00,
toyama-asahitown,asahimachibus,prev_2,https://api.gtfs-data.jp/v2/organizations/toyama-asahitown/feeds/asahimachibus/files/feed.zip?rid=prev_2,data/raw/gtfs/history/toyama-asahitown__asahimachibus__prev_2.zip,0eb689859fc93f69cd7f7e4fbd28b9f230ff2cf4533297d6530509b096122fd4,206,attachment; filename=feed_toyama-asahitown_asahimachibus_20240318_20240318163055.zip,2026-09-29T01:49:07.434051+00:00,
toyama-asahitown,asahimachibus,prev_3,https://api.gtfs-data.jp/v2/organizations/toyama-asahitown/feeds/asahimachibus/files/feed.zip?rid=prev_3,data/raw/gtfs/history/toyama-asahitown__asahimachibus__prev_3.zip,77a63970c9a6d2170020a797e0681dff8ca046bb3e698dbcfb29d4d42007ba11,206,attachment; filename=feed_toyama-asahitown_asahimachibus_20240316_20240226093058.zip,2026-09-29T01:49:07.399812+00:00,
toyama-asahitown,asahimachibus,prev_4,https://api.gtfs-data.jp/v2/organizations/toyama-asahitown/feeds/asahimachibus/files/feed.zip?rid=prev_4,data/raw/gtfs/history/toyama-asahitown__asahimachibus__prev_4.zip,d6b9ab8b4f5c6b7872556682f32df49407e3b67eea623c4bcd2e80373f7f05af,206,attachment; filename=feed_toyama-asahitown_asahimachibus_20230928_20240111152918.zip,2026-09-29T01:49:07.734952+00:00,
toyama-asahitown,asahimachibus,prev_5,https://api.gtfs-data.jp/v2/organizations/toyama-asahitown/feeds/asahimachibus/files/feed.zip?rid=prev_5,data/raw/gtfs/history/toyama-asahitown__asahimachibus__prev_5.zip,b8f4c514cd5af84202a31d87657a3e4e692774d263c82c5c64553adf7dcaafe1,206,attachment; filename=feed_toyama-asahitown_asahimachibus_20230318_20230301105103.zip,2026-09-29T01:49:07.402526+00:00,
toyama-asahitown,asahimachibus,prev_6,https://api.gtfs-data.jp/v2/organizations/toyama-asahitown/feeds/asahimachibus/files/feed.zip?rid=prev_6,data/raw/gtfs/history/toyama-asahitown__asahimachibus__prev_6.zip,ea3aae627d704e7f808a5b4cca48ecd6ed13433119414d1b036c593928f779a2,206,attachment; filename=feed_toyama-asahitown_asahimachibus_20230314_20230301154210.zip,2026-09-29T01:49:07.598501+00:00,
toyama-asahitown,asahimachibus,prev_7,https://api.gtfs-data.jp/v2/organizations/toyama-asahitown/feeds/asahimachibus/files/feed.zip?rid=prev_7,data/raw/gtfs/history/toyama-asahitown__asahimachibus__prev_7.zip,1df94996a703538ac27eceee41049a8ea7effeb87c646620ea37beb933aa1194,206,attachment; filename=feed_toyama-asahitown_asahimachibus_20220314_20221204214740.zip,2026-09-29T01:49:07.543035+00:00,
toyamacity,horikawaminamicommunitybus,prev_1,https://api.gtfs-data.jp/v2/organizations/toyamacity/feeds/horikawaminamicommunitybus/files/feed.zip?rid=prev_1,data/raw/gtfs/history/toyamacity__horikawaminamicommunitybus__prev_1.zip,7e7287dde93605a56dba5a338bf06e18585aabfe144b668ff34834d0eb2af085,206,attachment; filename=feed_toyamacity_horikawaminamicommunitybus_20251212_20251212173635.zip,2026-09-29T01:49:25.932815+00:00,
toyamacity,horikawaminamicommunitybus,prev_2,https://api.gtfs-data.jp/v2/organizations/toyamacity/feeds/horikawaminamicommunitybus/files/feed.zip?rid=prev_2,data/raw/gtfs/history/toyamacity__horikawaminamicommunitybus__prev_2.zip,500f2613312c338cd0818175194d6e361fd91f2f26a2278ffad796f324b04f2a,206,attachment; filename=feed_toyamacity_horikawaminamicommunitybus_20251107_20251029093114.zip,2026-09-29T01:49:25.897996+00:00,
toyamacity,horikawaminamicommunitybus,prev_3,https://api.gtfs-data.jp/v2/organizations/toyamacity/feeds/horikawaminamicommunitybus/files/feed.zip?rid=prev_3,data/raw/gtfs/history/toyamacity__horikawaminamicommunitybus__prev_3.zip,6dd669631339c2c88f2333db030b9fe1a5d08aaab5fd0a9825e0afa78bdbd8f4,206,attachment; filename=feed_toyamacity_horikawaminamicommunitybus_20251015_20251023173427.zip,2026-09-29T01:49:26.201233+00:00,
toyamacity,horikawaminamicommunitybus,prev_4,https://api.gtfs-data.jp/v2/organizations/toyamacity/feeds/horikawaminamicommunitybus/files/feed.zip?rid=prev_4,data/raw/gtfs/history/toyamacity__horikawaminamicommunitybus__prev_4.zip,cc5f9fae2c30a316366af278d20165fb45534416a31725fe723b0b2216bbe179,206,attachment; filename=feed_toyamacity_horikawaminamicommunitybus_20250901_20250901112710.zip,2026-09-29T01:49:26.036514+00:00,
toyamacity,horikawaminamicommunitybus,prev_5,https://api.gtfs-data.jp/v2/organizations/toyamacity/feeds/horikawaminamicommunitybus/files/feed.zip?rid=prev_5,data/raw/gtfs/history/toyamacity__horikawaminamicommunitybus__prev_5.zip,9894a036d17a908a52e6a7c459f852b7a572873541d8eb1db3017903fb521b56,206,attachment; filename=feed_toyamacity_horikawaminamicommunitybus_20250401_20250321171105.zip,2026-09-29T01:49:26.178227+00:00,
toyamacity,horikawaminamicommunitybus,prev_6,https://api.gtfs-data.jp/v2/organizations/toyamacity/feeds/horikawaminamicommunitybus/files/feed.zip?rid=prev_6,data/raw/gtfs/history/toyamacity__horikawaminamicommunitybus__prev_6.zip,083ee6637fd27272b75b8245d785e9635744b1905b3e4118995fa27eb58b1132,206,attachment; filename=feed_toyamacity_horikawaminamicommunitybus_20240401_20240314192155.zip,2026-09-29T01:49:25.933531+00:00,
toyamacity,horikawaminamicommunitybus,prev_7,https://api.gtfs-data.jp/v2/organizations/toyamacity/feeds/horikawaminamicommunitybus/files/feed.zip?rid=prev_7,data/raw/gtfs/history/toyamacity__horikawaminamicommunitybus__prev_7.zip,bee4c5b5ee60dbf1acc7e3b25b90a4e066a7dd2819ccbfacbadca1e1299cf882,206,attachment; filename=feed_toyamacity_horikawaminamicommunitybus_20230401_20230915135151.zip,2026-09-29T01:49:26.227730+00:00,
toyamacity,horikawaminamicommunitybus,prev_8,https://api.gtfs-data.jp/v2/organizations/toyamacity/feeds/horikawaminamicommunitybus/files/feed.zip?rid=prev_8,data/raw/gtfs/history/toyamacity__horikawaminamicommunitybus__prev_8.zip,18825ee51a00641e615065634929e11cc463c387e0e2cf45fc533d0e523dc2e4,206,attachment; filename=feed_toyamacity_horikawaminamicommunitybus_20230401_20230303095759.zip,2026-09-29T01:49:26.178833+00:00,
toyamacity,horikawaminamicommunitybus,prev_9,https://api.gtfs-data.jp/v2/organizations/toyamacity/feeds/horikawaminamicommunitybus/files/feed.zip?rid=prev_9,data/raw/gtfs/history/toyamacity__horikawaminamicommunitybus__prev_9.zip,b02592ffd3daf1b55af369e8646baaba8852a81a590e52ce2927433eeedee326,206,attachment; filename=feed_toyamacity_horikawaminamicommunitybus_20220401_20221204183543.zip,2026-09-29T01:49:43.911593+00:00,
toyamacity,maidohayabus,prev_2,https://api.gtfs-data.jp/v2/organizations/toyamacity/feeds/maidohayabus/files/feed.zip?rid=prev_2,data/raw/gtfs/history/toyamacity__maidohayabus__prev_2.zip,bea91d0aef76466db150967f9e47326a00e3c5fda8badc0efda8e8c951efb07a,206,attachment; filename=feed_toyamacity_maidohayabus_20250311_20250321171112.zip,2026-09-29T01:49:43.764697+00:00,
toyamacity,maidohayabus,prev_5,https://api.gtfs-data.jp/v2/organizations/toyamacity/feeds/maidohayabus/files/feed.zip?rid=prev_5,data/raw/gtfs/history/toyamacity__maidohayabus__prev_5.zip,9100a582685e683e78d134c62b2c644c1ab533151c60e0d1af234c37dac60820,206,attachment; filename=feed_toyamacity_maidohayabus_20230401_20230303093323.zip,2026-09-29T01:49:43.740842+00:00,
toyamacity,maidohayabus,prev_6,https://api.gtfs-data.jp/v2/organizations/toyamacity/feeds/maidohayabus/files/feed.zip?rid=prev_6,data/raw/gtfs/history/toyamacity__maidohayabus__prev_6.zip,5bdd1cffc987038615964389b6ca89670af8e3d1387270d09d838e36bf2a41ce,206,attachment; filename=feed_toyamacity_maidohayabus_20220401_20221204182646.zip,2026-09-29T01:49:43.585394+00:00,
toyamacity,maidohayabus,prev_7,https://api.gtfs-data.jp/v2/organizations/toyamacity/feeds/maidohayabus/files/feed.zip?rid=prev_7,data/raw/gtfs/history/toyamacity__maidohayabus__prev_7.zip,6256baf24f2559107372b0f2e63492d5916ebd182d1a3c439f19877a528f5485,206,attachment; filename=feed_toyamacity_maidohayabus_20210401_20221204182624.zip,2026-09-29T01:49:43.863408+00:00,
toyamacity,oyamacommunitybus,prev_1,https://api.gtfs-data.jp/v2/organizations/toyamacity/feeds/oyamacommunitybus/files/feed.zip?rid=prev_1,data/raw/gtfs/history/toyamacity__oyamacommunitybus__prev_1.zip,95dbec5077ec4dd4826d3a81e00fdc891eacb42d32ac301526ad1df77020e0de,206,attachment; filename=feed_toyamacity_oyamacommunitybus_20251212_20251223184942.zip,2026-09-29T01:49:43.782653+00:00,
toyamacity,oyamacommunitybus,prev_2,https://api.gtfs-data.jp/v2/organizations/toyamacity/feeds/oyamacommunitybus/files/feed.zip?rid=prev_2,data/raw/gtfs/history/toyamacity__oyamacommunitybus__prev_2.zip,cdc9858b7970946c4dc46dca76d8a901172b37bd63d3da29739ed9dfaaf58fc7,206,attachment; filename=feed_toyamacity_oyamacommunitybus_20250328_20250331163321.zip,2026-09-29T01:49:43.900941+00:00,
toyamacity,oyamacommunitybus,prev_3,https://api.gtfs-data.jp/v2/organizations/toyamacity/feeds/oyamacommunitybus/files/feed.zip?rid=prev_3,data/raw/gtfs/history/toyamacity__oyamacommunitybus__prev_3.zip,ab27c9587381f6b153ec6d20438b2c5b594e54d71a5bc2a179436ff45d8ee617,206,attachment; filename=feed_toyamacity_oyamacommunitybus_20250312_20250321171051.zip,2026-09-29T01:49:43.783306+00:00,
toyamacity,oyamacommunitybus,prev_4,https://api.gtfs-data.jp/v2/organizations/toyamacity/feeds/oyamacommunitybus/files/feed.zip?rid=prev_4,data/raw/gtfs/history/toyamacity__oyamacommunitybus__prev_4.zip,9d538bb8c8178da03bdca5b873f10594d30e9775490c5de9b07cfedf8dcd769b,206,attachment; filename=feed_toyamacity_oyamacommunitybus_20240401_20240322173103.zip,2026-09-29T01:50:01.904494+00:00,
toyamacity,oyamacommunitybus,prev_5,https://api.gtfs-data.jp/v2/organizations/toyamacity/feeds/oyamacommunitybus/files/feed.zip?rid=prev_5,data/raw/gtfs/history/toyamacity__oyamacommunitybus__prev_5.zip,111a9485d855449e08e3a4eb7ae98a5584beabfe050a971eeb51778a596b10ad,206,attachment; filename=feed_toyamacity_oyamacommunitybus_20230401_20230914192856.zip,2026-09-29T01:50:01.795423+00:00,
toyamacity,oyamacommunitybus,prev_7,https://api.gtfs-data.jp/v2/organizations/toyamacity/feeds/oyamacommunitybus/files/feed.zip?rid=prev_7,data/raw/gtfs/history/toyamacity__oyamacommunitybus__prev_7.zip,108e48609fd7f5695dcdc3a4440c1938fde10c2522cd987e362c5d15acabed2b,206,attachment; filename=feed_toyamacity_oyamacommunitybus_20221001_20221204183757.zip,2026-09-29T01:50:01.920069+00:00,
toyamacity,oyamacommunitybus,prev_8,https://api.gtfs-data.jp/v2/organizations/toyamacity/feeds/oyamacommunitybus/files/feed.zip?rid=prev_8,data/raw/gtfs/history/toyamacity__oyamacommunitybus__prev_8.zip,02e7cc0e50517bfbf2f75f8b5b0bbea6d3f86c9bb36b4f5ae2b5e24f6b76699a,206,attachment; filename=feed_toyamacity_oyamacommunitybus_20220401_20221204183432.zip,2026-09-29T01:50:01.969216+00:00,
toyamacity,yatsuocommunitybus,prev_1,https://api.gtfs-data.jp/v2/organizations/toyamacity/feeds/yatsuocommunitybus/files/feed.zip?rid=prev_1,data/raw/gtfs/history/toyamacity__yatsuocommunitybus__prev_1.zip,7f97b9232607b7f64c7977a70e58b8a06e7b3af19fea25fa0e41e45e4e3e1c55,206,attachment; filename=feed_toyamacity_yatsuocommunitybus_20260401_20260324094135.zip,2026-09-29T01:50:01.636732+00:00,
toyamacity,yatsuocommunitybus,prev_2,https://api.gtfs-data.jp/v2/organizations/toyamacity/feeds/yatsuocommunitybus/files/feed.zip?rid=prev_2,data/raw/gtfs/history/toyamacity__yatsuocommunitybus__prev_2.zip,c4cbde24a515a8381588661f82cbb007b626d5802cb19e02e64623b8b94139a8,206,attachment; filename=feed_toyamacity_yatsuocommunitybus_20251212_20251212172300.zip,2026-09-29T01:50:01.803011+00:00,
toyamacity,yatsuocommunitybus,prev_3,https://api.gtfs-data.jp/v2/organizations/toyamacity/feeds/yatsuocommunitybus/files/feed.zip?rid=prev_3,data/raw/gtfs/history/toyamacity__yatsuocommunitybus__prev_3.zip,4ee1a134f7b972adb31f9fdcca82dd2de3a7f89521c288caa5a51b0cfb177637,206,attachment; filename=feed_toyamacity_yatsuocommunitybus_20250401_20250321171017.zip,2026-09-29T01:50:01.794916+00:00,
toyamacity,yatsuocommunitybus,prev_4,https://api.gtfs-data.jp/v2/organizations/toyamacity/feeds/yatsuocommunitybus/files/feed.zip?rid=prev_4,data/raw/gtfs/history/toyamacity__yatsuocommunitybus__prev_4.zip,df54923e9d7f66268a66390194d8489ba81a16422a51f673563487427408b09e,206,attachment; filename=feed_toyamacity_yatsuocommunitybus_20241205_20250120120308.zip,2026-09-29T01:50:01.637225+00:00,
toyamacity,yatsuocommunitybus,prev_5,https://api.gtfs-data.jp/v2/organizations/toyamacity/feeds/yatsuocommunitybus/files/feed.zip?rid=prev_5,data/raw/gtfs/history/toyamacity__yatsuocommunitybus__prev_5.zip,65f71ac36b0867c43df3609bda1df18f7ca7c513af57588600ce9649bb24699e,206,attachment; filename=feed_toyamacity_yatsuocommunitybus_20240401_20240314181655.zip,2026-09-29T01:50:21.903604+00:00,
toyamacity,yatsuocommunitybus,prev_6,https://api.gtfs-data.jp/v2/organizations/toyamacity/feeds/yatsuocommunitybus/files/feed.zip?rid=prev_6,data/raw/gtfs/history/toyamacity__yatsuocommunitybus__prev_6.zip,7c80699793804b0f63760fbd30993d45dff4222d7c444c0009743cb4661b61c3,206,attachment; filename=feed_toyamacity_yatsuocommunitybus_20231221_20231221162335.zip,2026-09-29T01:50:21.935048+00:00,
toyamacity,yatsuocommunitybus,prev_7,https://api.gtfs-data.jp/v2/organizations/toyamacity/feeds/yatsuocommunitybus/files/feed.zip?rid=prev_7,data/raw/gtfs/history/toyamacity__yatsuocommunitybus__prev_7.zip,7ea7dbb2d633c0bd87010bd689bb33d065117a0cb21a004157107215f9439095,206,attachment; filename=feed_toyamacity_yatsuocommunitybus_20230401_20230915135058.zip,2026-09-29T01:50:21.871070+00:00,
toyamacity,yatsuocommunitybus,prev_8,https://api.gtfs-data.jp/v2/organizations/toyamacity/feeds/yatsuocommunitybus/files/feed.zip?rid=prev_8,data/raw/gtfs/history/toyamacity__yatsuocommunitybus__prev_8.zip,94c59de0dd78b95e78a7054d9b9393a1646125d1022894d812b86c71caac11b9,206,attachment; filename=feed_toyamacity_yatsuocommunitybus_20230401_20230303095045.zip,2026-09-29T01:50:21.916448+00:00,
toyamacity,yatsuocommunitybus,prev_9,https://api.gtfs-data.jp/v2/organizations/toyamacity/feeds/yatsuocommunitybus/files/feed.zip?rid=prev_9,data/raw/gtfs/history/toyamacity__yatsuocommunitybus__prev_9.zip,9c974a9bbb15ed825d2f1df08e36664c4380a07f8886d8a0e5d044959e58316f,206,attachment; filename=feed_toyamacity_yatsuocommunitybus_20221212_20221209213748.zip,2026-09-29T01:50:21.741972+00:00,
toyamacity,yatsuocommunitybus,prev_10,https://api.gtfs-data.jp/v2/organizations/toyamacity/feeds/yatsuocommunitybus/files/feed.zip?rid=prev_10,data/raw/gtfs/history/toyamacity__yatsuocommunitybus__prev_10.zip,2d67b0d9ee2360ad9db5f6e9d94d5e9358c725f97bf11769d3d893eef7e33b04,206,attachment; filename=feed_toyamacity_yatsuocommunitybus_20220801_20221204183351.zip,2026-09-29T01:50:21.895185+00:00,
toyamacity,yatsuocommunitybus,prev_11,https://api.gtfs-data.jp/v2/organizations/toyamacity/feeds/yatsuocommunitybus/files/feed.zip?rid=prev_11,data/raw/gtfs/history/toyamacity__yatsuocommunitybus__prev_11.zip,f6fe4ae1bfcae52d63553ed0fe53417c4b91c033e2301cd9d0bfa2b8b3bfd5db,206,attachment; filename=feed_toyamacity_yatsuocommunitybus_20220401_20221204183339.zip,2026-09-29T01:50:21.890890+00:00,
toyamacity,kurehaikiikibus,prev_1,https://api.gtfs-data.jp/v2/organizations/toyamacity/feeds/kurehaikiikibus/files/feed.zip?rid=prev_1,data/raw/gtfs/history/toyamacity__kurehaikiikibus__prev_1.zip,47443fe50f343a607b134f3804fe4538b3d5aaaaf084a4860974e0a2fb53c56e,206,attachment; filename=feed_toyamacity_kurehaikiikibus_20251023_20251029093123.zip,2026-09-29T01:50:21.606822+00:00,
toyamacity,kurehaikiikibus,prev_2,https://api.gtfs-data.jp/v2/organizations/toyamacity/feeds/kurehaikiikibus/files/feed.zip?rid=prev_2,data/raw/gtfs/history/toyamacity__kurehaikiikibus__prev_2.zip,a26c0fe9a894ee0da975a9a92bc80cd3f01db10bf6016f951ad2da132b95bf17,206,attachment; filename=feed_toyamacity_kurehaikiikibus_20250312_20250321171036.zip,2026-09-29T01:50:39.766924+00:00,
toyamacity,kurehaikiikibus,prev_3,https://api.gtfs-data.jp/v2/organizations/toyamacity/feeds/kurehaikiikibus/files/feed.zip?rid=prev_3,data/raw/gtfs/history/toyamacity__kurehaikiikibus__prev_3.zip,37327a16673ecef8a50cca9516103478a9d10274c0e1c4f7477d45eb447a1147,206,attachment; filename=feed_toyamacity_kurehaikiikibus_20240401_20240313154539.zip,2026-09-29T01:50:40.063385+00:00,
toyamacity,kurehaikiikibus,prev_4,https://api.gtfs-data.jp/v2/organizations/toyamacity/feeds/kurehaikiikibus/files/feed.zip?rid=prev_4,data/raw/gtfs/history/toyamacity__kurehaikiikibus__prev_4.zip,03883dd80969c7564329171161bf50bff1c40d19d9fd0b2babad87334d8f2e1d,206,attachment; filename=feed_toyamacity_kurehaikiikibus_20230801_20230818151848.zip,2026-09-29T01:50:40.087887+00:00,
toyamacity,kurehaikiikibus,prev_6,https://api.gtfs-data.jp/v2/organizations/toyamacity/feeds/kurehaikiikibus/files/feed.zip?rid=prev_6,data/raw/gtfs/history/toyamacity__kurehaikiikibus__prev_6.zip,1a5bda408a79fd76b17aa5c287fc3bae631fcc946bbc058ad4efdb31d1573dc4,206,attachment; filename=feed_toyamacity_kurehaikiikibus_20230401_20230303093401.zip,2026-09-29T01:50:40.269512+00:00,
toyamacity,kurehaikiikibus,prev_7,https://api.gtfs-data.jp/v2/organizations/toyamacity/feeds/kurehaikiikibus/files/feed.zip?rid=prev_7,data/raw/gtfs/history/toyamacity__kurehaikiikibus__prev_7.zip,8d44a09128c890062cc84ee6794036ff6cbb273a2be80f1a5633bba2aa26bee8,206,attachment; filename=feed_toyamacity_kurehaikiikibus_20220401_20221204182736.zip,2026-09-29T01:50:40.185252+00:00,
komatsucity,blue,prev_1,https://api.gtfs-data.jp/v2/organizations/komatsucity/feeds/blue/files/feed.zip?rid=prev_1,data/raw/gtfs/history/komatsucity__blue__prev_1.zip,30b1726c9e844f88c6808aca4c36c242d3672728a89845f82296471af488d624,206,attachment; filename=feed_komatsucity_blue_20250401_20250325160832.zip,2026-09-29T01:50:40.209306+00:00,
komatsucity,blue,prev_2,https://api.gtfs-data.jp/v2/organizations/komatsucity/feeds/blue/files/feed.zip?rid=prev_2,data/raw/gtfs/history/komatsucity__blue__prev_2.zip,9a416b4ced9eaed003e6f1c9c79104bd70d841f2acdc465bf65e2c10fada84f3,206,attachment; filename=feed_komatsucity_blue_20241001_20241120150354.zip,2026-09-29T01:50:40.201341+00:00,
komatsucity,blue,prev_3,https://api.gtfs-data.jp/v2/organizations/komatsucity/feeds/blue/files/feed.zip?rid=prev_3,data/raw/gtfs/history/komatsucity__blue__prev_3.zip,1e87061f4434968f9c174764fa6273776550d837382c366889f69b3a7fcd0b17,206,attachment; filename=feed_komatsucity_blue_20231001_20231023093851.zip,2026-09-29T01:50:40.152441+00:00,
uozucity,junkai,prev_1,https://api.gtfs-data.jp/v2/organizations/uozucity/feeds/junkai/files/feed.zip?rid=prev_1,data/raw/gtfs/history/uozucity__junkai__prev_1.zip,61194a8ce3fd13f15e05e4f1cd0d79203af164fda8372069ca39aea3725cc377,206,attachment; filename=feed_uozucity_junkai_20260401_20260331103526.zip,2026-09-29T01:50:59.648532+00:00,
uozucity,junkai,prev_2,https://api.gtfs-data.jp/v2/organizations/uozucity/feeds/junkai/files/feed.zip?rid=prev_2,data/raw/gtfs/history/uozucity__junkai__prev_2.zip,c0349be211b0140f722aa834e14f29cedf8f0e6e18d4eb61e2626afe260b155b,206,attachment; filename=feed_uozucity_junkai_20251202_20260219103727.zip,2026-09-29T01:50:59.624375+00:00,
uozucity,junkai,prev_3,https://api.gtfs-data.jp/v2/organizations/uozucity/feeds/junkai/files/feed.zip?rid=prev_3,data/raw/gtfs/history/uozucity__junkai__prev_3.zip,96eeb6acb7b95b511e4aaf21da90879b658ced8f85e565b28fcdb4e246b2900f,206,attachment; filename=feed_uozucity_junkai_20251201_20251128105756.zip,2026-09-29T01:50:59.494497+00:00,
uozucity,junkai,prev_4,https://api.gtfs-data.jp/v2/organizations/uozucity/feeds/junkai/files/feed.zip?rid=prev_4,data/raw/gtfs/history/uozucity__junkai__prev_4.zip,5393ecebf00df4780b6e5dd28f5158885d8918a635885d4b77609f51caa14504,206,attachment; filename=feed_uozucity_junkai_20250401_20250328130729.zip,2026-09-29T01:50:59.640489+00:00,
uozucity,junkai,prev_5,https://api.gtfs-data.jp/v2/organizations/uozucity/feeds/junkai/files/feed.zip?rid=prev_5,data/raw/gtfs/history/uozucity__junkai__prev_5.zip,e3e0de25469de21f5ea8b3e40bc855f6f327124ada20c5e8ff5f6ac19a642bb5,206,attachment; filename=feed_uozucity_junkai_20240821_20241020112201.zip,2026-09-29T01:50:59.497569+00:00,
uozucity,junkai,prev_6,https://api.gtfs-data.jp/v2/organizations/uozucity/feeds/junkai/files/feed.zip?rid=prev_6,data/raw/gtfs/history/uozucity__junkai__prev_6.zip,8e452826e5605c9dfd3217ad8c1d87826bd5fe804a459eb727f633bb4676c829,206,attachment; filename=feed_uozucity_junkai_20240620_20240625133955.zip,2026-09-29T01:50:59.631423+00:00,
uozucity,junkai,prev_7,https://api.gtfs-data.jp/v2/organizations/uozucity/feeds/junkai/files/feed.zip?rid=prev_7,data/raw/gtfs/history/uozucity__junkai__prev_7.zip,682622773f1526478482f323affdb9dbc3b1ecdbbe36ae19c676a22decbdb0e3,206,attachment; filename=feed_uozucity_junkai_20240401_20240328181839.zip,2026-09-29T01:50:59.538331+00:00,
uozucity,junkai,prev_8,https://api.gtfs-data.jp/v2/organizations/uozucity/feeds/junkai/files/feed.zip?rid=prev_8,data/raw/gtfs/history/uozucity__junkai__prev_8.zip,914db2664069c1740e3be9c6783c75d6c5cbca6bf096a23936345f2c362885a0,206,attachment; filename=feed_uozucity_junkai_20230401_20241020112314.zip,2026-09-29T01:50:59.704264+00:00,
uozucity,junkai,prev_9,https://api.gtfs-data.jp/v2/organizations/uozucity/feeds/junkai/files/feed.zip?rid=prev_9,data/raw/gtfs/history/uozucity__junkai__prev_9.zip,28ef7ffecd4e6122f9a381e7bab0b0d2ab7da9aed5bc74e528da7c49de129280,206,attachment; filename=feed_uozucity_junkai_20220401_20221204204858.zip,2026-09-29T01:51:17.853300+00:00,
uozucity,junkai,prev_10,https://api.gtfs-data.jp/v2/organizations/uozucity/feeds/junkai/files/feed.zip?rid=prev_10,data/raw/gtfs/history/uozucity__junkai__prev_10.zip,a472dae813574b4b4b58358054a90ec51dcf04a6be5eeb5f167de5a9f3c2ee00,206,attachment; filename=feed_uozucity_junkai_20210401_20221204204839.zip,2026-09-29T01:51:17.990279+00:00,
hakusancity,hakusan_bus_meguru,prev_1,https://api.gtfs-data.jp/v2/organizations/hakusancity/feeds/hakusan_bus_meguru/files/feed.zip?rid=prev_1,data/raw/gtfs/history/hakusancity__hakusan_bus_meguru__prev_1.zip,5e0afdf9fa18326b674ba003cad6d61b031c4ba7c38f62fb865d2e821f9c60e0,206,attachment; filename=feed_hakusancity_hakusan_bus_meguru_20250905_20250930164542.zip,2026-09-29T01:51:18.023506+00:00,
hakusancity,hakusan_bus_meguru,prev_2,https://api.gtfs-data.jp/v2/organizations/hakusancity/feeds/hakusan_bus_meguru/files/feed.zip?rid=prev_2,data/raw/gtfs/history/hakusancity__hakusan_bus_meguru__prev_2.zip,71e8331121faa0246a7f8e73e35c3b63cfa80fe8bbb7224a69ba11eb340246c1,206,attachment; filename=feed_hakusancity_hakusan_bus_meguru_20250827_20250828221404.zip,2026-09-29T01:51:17.929016+00:00,
hakusancity,hakusan_bus_meguru,prev_3,https://api.gtfs-data.jp/v2/organizations/hakusancity/feeds/hakusan_bus_meguru/files/feed.zip?rid=prev_3,data/raw/gtfs/history/hakusancity__hakusan_bus_meguru__prev_3.zip,5d041741849cfa62a759cee35ddfac229ae187a0e8814ed7ec300ae105b037f4,206,attachment; filename=feed_hakusancity_hakusan_bus_meguru_20250315_20250220145512.zip,2026-09-29T01:51:18.075507+00:00,
hakusancity,hakusan_bus_meguru,prev_4,https://api.gtfs-data.jp/v2/organizations/hakusancity/feeds/hakusan_bus_meguru/files/feed.zip?rid=prev_4,data/raw/gtfs/history/hakusancity__hakusan_bus_meguru__prev_4.zip,dd7f672420df4ed94ef4bc7996c1174dbcbb264f8dd401c8dd18ea4a181b7354,206,attachment; filename=feed_hakusancity_hakusan_bus_meguru_20241101_20241017121243.zip,2026-09-29T01:51:17.882296+00:00,
hakusancity,hakusan_bus_meguru,prev_5,https://api.gtfs-data.jp/v2/organizations/hakusancity/feeds/hakusan_bus_meguru/files/feed.zip?rid=prev_5,data/raw/gtfs/history/hakusancity__hakusan_bus_meguru__prev_5.zip,3f2e3c1ee6d76308bee02d040e45ea7f8aae218fd845434a605fd8c39374f0f5,206,attachment; filename=feed_hakusancity_hakusan_bus_meguru_20240316_20240304090049.zip,2026-09-29T01:51:17.907820+00:00,
hakusancity,hakusan_bus_meguru,prev_6,https://api.gtfs-data.jp/v2/organizations/hakusancity/feeds/hakusan_bus_meguru/files/feed.zip?rid=prev_6,data/raw/gtfs/history/hakusancity__hakusan_bus_meguru__prev_6.zip,28a143fb21617768efc49a855e3a07e0e698f08ce8ccfbf6457fb105ca8cf5fc,206,attachment; filename=feed_hakusancity_hakusan_bus_meguru_20230401_20230315165427.zip,2026-09-29T01:51:18.009789+00:00,
hakusancity,hakusan_bus_meguru,prev_7,https://api.gtfs-data.jp/v2/organizations/hakusancity/feeds/hakusan_bus_meguru/files/feed.zip?rid=prev_7,data/raw/gtfs/history/hakusancity__hakusan_bus_meguru__prev_7.zip,d42e6242d1d8c55ee6dd34fa13208116b3b34915bb55794f4537060e24060565,206,attachment; filename=feed_hakusancity_hakusan_bus_meguru_20220401_20230315165343.zip,2026-09-29T01:51:36.232904+00:00,
nonoichicity,communitybus,prev_1,https://api.gtfs-data.jp/v2/organizations/nonoichicity/feeds/communitybus/files/feed.zip?rid=prev_1,data/raw/gtfs/history/nonoichicity__communitybus__prev_1.zip,27a1701786824db33680e6f2f61a7fc967937855b4e4c5d67be860c78c28c186,206,attachment; filename=feed_nonoichicity_communitybus_20250909_20251103143944.zip,2026-09-29T01:51:35.999788+00:00,
nonoichicity,communitybus,prev_2,https://api.gtfs-data.jp/v2/organizations/nonoichicity/feeds/communitybus/files/feed.zip?rid=prev_2,data/raw/gtfs/history/nonoichicity__communitybus__prev_2.zip,640f64fa14bcdc2f730426cc4c9a9b61762424e8e7817bef52ee09673ab09916,206,attachment; filename=feed_nonoichicity_communitybus_20250808_20250819155204.zip,2026-09-29T01:51:36.310686+00:00,
komatsucity,orange,prev_1,https://api.gtfs-data.jp/v2/organizations/komatsucity/feeds/orange/files/feed.zip?rid=prev_1,data/raw/gtfs/history/komatsucity__orange__prev_1.zip,4dba7ab1a4d679cca31becd43c752532c698d06c9d85065e71ae7ecc11b02181,206,attachment; filename=feed_komatsucity_orange_20250401_20250325161134.zip,2026-09-29T01:51:35.829108+00:00,
komatsucity,orange,prev_2,https://api.gtfs-data.jp/v2/organizations/komatsucity/feeds/orange/files/feed.zip?rid=prev_2,data/raw/gtfs/history/komatsucity__orange__prev_2.zip,e15f9f504cd5426882308a8601f02b12b02fe5f44733c7da8caf835fec91d851,206,attachment; filename=feed_komatsucity_orange_20241001_20241120150457.zip,2026-09-29T01:51:35.805228+00:00,
komatsucity,orange,prev_3,https://api.gtfs-data.jp/v2/organizations/komatsucity/feeds/orange/files/feed.zip?rid=prev_3,data/raw/gtfs/history/komatsucity__orange__prev_3.zip,5e09edba0c0bfd84b481d0aba1a6a87a49942831ad654da8b28708c8c00bd32d,206,attachment; filename=feed_komatsucity_orange_20231001_20231023094134.zip,2026-09-29T01:51:36.151760+00:00,
yamanashi-nanbutown,nanbucyoueibasu,prev_1,https://api.gtfs-data.jp/v2/organizations/yamanashi-nanbutown/feeds/nanbucyoueibasu/files/feed.zip?rid=prev_1,data/raw/gtfs/history/yamanashi-nanbutown__nanbucyoueibasu__prev_1.zip,1d04e09a12bdcf8dd9e5851c60278333730f1008a5d0cc587b9cef1235adf212,206,attachment; filename=feed_yamanashi-nanbutown_nanbucyoueibasu_20250401_20250508105019.zip,2026-09-29T01:51:35.996233+00:00,
yamanashi-hokutocity,hokuto-bus,prev_1,https://api.gtfs-data.jp/v2/organizations/yamanashi-hokutocity/feeds/hokuto-bus/files/feed.zip?rid=prev_1,data/raw/gtfs/history/yamanashi-hokutocity__hokuto-bus__prev_1.zip,417cbed47c7c9e6a3f3130e755f6c7238142c2474396e34211a0bbabd7fef241,206,attachment; filename=feed_yamanashi-hokutocity_hokuto-bus_20250401_20250912094557.zip,2026-09-29T01:51:35.644395+00:00,
chikumacity,chikumajunkanbus,prev_1,https://api.gtfs-data.jp/v2/organizations/chikumacity/feeds/chikumajunkanbus/files/feed.zip?rid=prev_1,data/raw/gtfs/history/chikumacity__chikumajunkanbus__prev_1.zip,326fff2e20b3ed78a33fe3c8264ae3f68283422439e83c771e67b8c4914fc751,206,attachment; filename=feed_chikumacity_chikumajunkanbus_20260625_20260625234731.zip,2026-09-29T01:51:53.174471+00:00,
chikumacity,chikumajunkanbus,prev_2,https://api.gtfs-data.jp/v2/organizations/chikumacity/feeds/chikumajunkanbus/files/feed.zip?rid=prev_2,data/raw/gtfs/history/chikumacity__chikumajunkanbus__prev_2.zip,2ad508d4d6b40ea9617788fa40a2bb73f179cee0cfd7de7df23c222a9b56941f,206,attachment; filename=feed_chikumacity_chikumajunkanbus_20260420_20260416102509.zip,2026-09-29T01:51:53.170432+00:00,
chikumacity,chikumajunkanbus,prev_3,https://api.gtfs-data.jp/v2/organizations/chikumacity/feeds/chikumajunkanbus/files/feed.zip?rid=prev_3,data/raw/gtfs/history/chikumacity__chikumajunkanbus__prev_3.zip,5f751278422bbf866bd3e10f3e3c85ec87b28e62b4a982944e8553b8849f5854,206,attachment; filename=feed_chikumacity_chikumajunkanbus_20250415_20250415170018.zip,2026-09-29T01:51:53.283133+00:00,
chikumacity,chikumajunkanbus,prev_4,https://api.gtfs-data.jp/v2/organizations/chikumacity/feeds/chikumajunkanbus/files/feed.zip?rid=prev_4,data/raw/gtfs/history/chikumacity__chikumajunkanbus__prev_4.zip,59e0c87ad467f21e505d1fbd2caff51161d6ae46ca8ffa09afaee43f32cbd08e,206,attachment; filename=feed_chikumacity_chikumajunkanbus_20250414_20250327081555.zip,2026-09-29T01:51:53.487323+00:00,
chikumacity,chikumajunkanbus,prev_5,https://api.gtfs-data.jp/v2/organizations/chikumacity/feeds/chikumajunkanbus/files/feed.zip?rid=prev_5,data/raw/gtfs/history/chikumacity__chikumajunkanbus__prev_5.zip,6b780a09641a89dafc901271e31601e2c801b3e22caf4651cae648ff0c85f800,206,attachment; filename=feed_chikumacity_chikumajunkanbus_20240401_20240226105120.zip,2026-09-29T01:51:53.427974+00:00,
chikumacity,chikumajunkanbus,prev_6,https://api.gtfs-data.jp/v2/organizations/chikumacity/feeds/chikumajunkanbus/files/feed.zip?rid=prev_6,data/raw/gtfs/history/chikumacity__chikumajunkanbus__prev_6.zip,748de6dac2b7abc2d0b46b304fcc5ce7de27f1ba1061b2bc26b58f141d70493b,206,attachment; filename=feed_chikumacity_chikumajunkanbus_20230925_20230816103257.zip,2026-09-29T01:51:53.302771+00:00,
chikumacity,chikumajunkanbus,prev_7,https://api.gtfs-data.jp/v2/organizations/chikumacity/feeds/chikumajunkanbus/files/feed.zip?rid=prev_7,data/raw/gtfs/history/chikumacity__chikumajunkanbus__prev_7.zip,37e06813b77095c94976316f08cec08ee20f8f01e7cc6133bc34449327550eb1,206,attachment; filename=feed_chikumacity_chikumajunkanbus_20230509_20230602105139.zip,2026-09-29T01:51:53.140929+00:00,
iiyamacity,nanohanabus,prev_1,https://api.gtfs-data.jp/v2/organizations/iiyamacity/feeds/nanohanabus/files/feed.zip?rid=prev_1,data/raw/gtfs/history/iiyamacity__nanohanabus__prev_1.zip,65b4f23741203bb1bc3a727b37f5a7dcab78230ec7a41aca40387ddd9117aae5,206,attachment; filename=feed_iiyamacity_nanohanabus_20250331_20250331131134.zip,2026-09-29T01:51:53.274316+00:00,
iiyamacity,nanohanabus,prev_2,https://api.gtfs-data.jp/v2/organizations/iiyamacity/feeds/nanohanabus/files/feed.zip?rid=prev_2,data/raw/gtfs/history/iiyamacity__nanohanabus__prev_2.zip,3e30b991b82dc7ed94d492eac29cef1519f77c957f75c88c958db59a3c7f1988,206,attachment; filename=feed_iiyamacity_nanohanabus_20240404_20250331131354.zip,2026-09-29T01:52:12.844060+00:00,
kisovillage,kisovill,prev_1,https://api.gtfs-data.jp/v2/organizations/kisovillage/feeds/kisovill/files/feed.zip?rid=prev_1,data/raw/gtfs/history/kisovillage__kisovill__prev_1.zip,032c02b82d48e9e3996a2119c9481a4348eff2c5c18f22e74bf7634240739c8a,206,attachment; filename=feed_kisovillage_kisovill_20251008_20251008161331.zip,2026-09-29T01:52:13.012839+00:00,
kisovillage,kisovill,prev_2,https://api.gtfs-data.jp/v2/organizations/kisovillage/feeds/kisovill/files/feed.zip?rid=prev_2,data/raw/gtfs/history/kisovillage__kisovill__prev_2.zip,142604e27c17d9caa9a8f6523335ec947dc9d670cdc239fb2bfb0e5bc06a8732,206,attachment; filename=feed_kisovillage_kisovill_20251001_20250912155905.zip,2026-09-29T01:52:12.956287+00:00,
karuizawatown,junkan-bus,prev_1,https://api.gtfs-data.jp/v2/organizations/karuizawatown/feeds/junkan-bus/files/feed.zip?rid=prev_1,data/raw/gtfs/history/karuizawatown__junkan-bus__prev_1.zip,f581fa276976a0d4dd964fd6c2eb0f07d804e5706cf6c37b9e2344aad2d43558,206,attachment; filename=feed_karuizawatown_junkan-bus_20260401_20260331161611.zip,2026-09-29T01:52:12.866934+00:00,
karuizawatown,junkan-bus,prev_2,https://api.gtfs-data.jp/v2/organizations/karuizawatown/feeds/junkan-bus/files/feed.zip?rid=prev_2,data/raw/gtfs/history/karuizawatown__junkan-bus__prev_2.zip,66315925c6605f8fff747313529475dcadbdca66e202ce121afe230eb800e8f0,206,attachment; filename=feed_karuizawatown_junkan-bus_20251007_20251028105146.zip,2026-09-29T01:52:12.705245+00:00,
karuizawatown,junkan-bus,prev_3,https://api.gtfs-data.jp/v2/organizations/karuizawatown/feeds/junkan-bus/files/feed.zip?rid=prev_3,data/raw/gtfs/history/karuizawatown__junkan-bus__prev_3.zip,a1c79c7e2d3df2bd2edb4eee9a53ffe98d5527a92df26bc34d11ae4844bb475c,206,attachment; filename=feed_karuizawatown_junkan-bus_20250618_20250618093755.zip,2026-09-29T01:52:12.695586+00:00,
karuizawatown,junkan-bus,prev_4,https://api.gtfs-data.jp/v2/organizations/karuizawatown/feeds/junkan-bus/files/feed.zip?rid=prev_4,data/raw/gtfs/history/karuizawatown__junkan-bus__prev_4.zip,4228dbc98c67b983486ab2acffe214799755501e1e0cec58eb760f2236a81787,206,attachment; filename=feed_karuizawatown_junkan-bus_20250602_20250603084255.zip,2026-09-29T01:52:12.832925+00:00,
kusakarukotsu,kusakarubus,prev_1,https://api.gtfs-data.jp/v2/organizations/kusakarukotsu/feeds/kusakarubus/files/feed.zip?rid=prev_1,data/raw/gtfs/history/kusakarukotsu__kusakarubus__prev_1.zip,8e0e8382fd0866fe92097eda6d3583365e9f5193235b4d17d5773d911b08dfb4,206,attachment; filename=feed_kusakarukotsu_kusakarubus_20260422_20260726132404.zip,2026-09-29T01:52:12.882673+00:00,
kusakarukotsu,kusakarubus,prev_2,https://api.gtfs-data.jp/v2/organizations/kusakarukotsu/feeds/kusakarubus/files/feed.zip?rid=prev_2,data/raw/gtfs/history/kusakarukotsu__kusakarubus__prev_2.zip,b2606e1cae9ae4f132d5ce11f7459ab4dd890407c494d7a27a3ff7b5775723dd,206,attachment; filename=feed_kusakarukotsu_kusakarubus_20260420_20260413145349.zip,2026-09-29T01:52:31.580741+00:00,
kusakarukotsu,kusakarubus,prev_3,https://api.gtfs-data.jp/v2/organizations/kusakarukotsu/feeds/kusakarubus/files/feed.zip?rid=prev_3,data/raw/gtfs/history/kusakarukotsu__kusakarubus__prev_3.zip,993daf9cafccf94b0b728c4b1a98507c3ece6c6e898842fc50bd4a12763eff57,206,attachment; filename=feed_kusakarukotsu_kusakarubus_20260221_20260225084619.zip,2026-09-29T01:52:31.885615+00:00,
kusakarukotsu,kusakarubus,prev_4,https://api.gtfs-data.jp/v2/organizations/kusakarukotsu/feeds/kusakarubus/files/feed.zip?rid=prev_4,data/raw/gtfs/history/kusakarukotsu__kusakarubus__prev_4.zip,59eb23230e7b6d043a76fd67452985f44926550e175be3ee09b918c8a414531c,206,attachment; filename=feed_kusakarukotsu_kusakarubus_20260211_20260212140948.zip,2026-09-29T01:52:31.440295+00:00,
kusakarukotsu,kusakarubus,prev_5,https://api.gtfs-data.jp/v2/organizations/kusakarukotsu/feeds/kusakarubus/files/feed.zip?rid=prev_5,data/raw/gtfs/history/kusakarukotsu__kusakarubus__prev_5.zip,ee8eaf8afbce813ca02510266cbbcbf912a98947b37db623eceb28700241c4a5,206,attachment; filename=feed_kusakarukotsu_kusakarubus_20251101_20251013093204.zip,2026-09-29T01:52:31.599703+00:00,
kusakarukotsu,kusakarubus,prev_6,https://api.gtfs-data.jp/v2/organizations/kusakarukotsu/feeds/kusakarubus/files/feed.zip?rid=prev_6,data/raw/gtfs/history/kusakarukotsu__kusakarubus__prev_6.zip,209d0132ea370ef9ba0bfc8aca261f6573f5b1a4a0c1944088e0738b6bd1bded,206,attachment; filename=feed_kusakarukotsu_kusakarubus_20250420_20250313102556.zip,2026-09-29T01:52:31.931498+00:00,
kusakarukotsu,kusakarubus,prev_7,https://api.gtfs-data.jp/v2/organizations/kusakarukotsu/feeds/kusakarubus/files/feed.zip?rid=prev_7,data/raw/gtfs/history/kusakarukotsu__kusakarubus__prev_7.zip,79df0e5a15efe71c65c5b44e53e06e12a58251cae2f89e968943a04832820ff3,206,attachment; filename=feed_kusakarukotsu_kusakarubus_20241101_20240921145719.zip,2026-09-29T01:52:31.627547+00:00,
matsumotocity,guruttomatsumotobus2,prev_1,https://api.gtfs-data.jp/v2/organizations/matsumotocity/feeds/guruttomatsumotobus2/files/feed.zip?rid=prev_1,data/raw/gtfs/history/matsumotocity__guruttomatsumotobus2__prev_1.zip,6dac8a67fe91924f8229b41eff380905830f564f52eaab0a523089b0095b170a,206,attachment; filename=feed_matsumotocity_guruttomatsumotobus2_20260715_20260715110353.zip,2026-09-29T01:52:31.765956+00:00,
matsumotocity,guruttomatsumotobus2,prev_2,https://api.gtfs-data.jp/v2/organizations/matsumotocity/feeds/guruttomatsumotobus2/files/feed.zip?rid=prev_2,data/raw/gtfs/history/matsumotocity__guruttomatsumotobus2__prev_2.zip,a6d1e00a5a4005d2978bb5553ed4eb7b1d66f76211d0da0f81be2004d7051bf9,206,attachment; filename=feed_matsumotocity_guruttomatsumotobus2_20260608_20260608165802.zip,2026-09-29T01:52:31.752945+00:00,
matsumotocity,guruttomatsumotobus2,prev_3,https://api.gtfs-data.jp/v2/organizations/matsumotocity/feeds/guruttomatsumotobus2/files/feed.zip?rid=prev_3,data/raw/gtfs/history/matsumotocity__guruttomatsumotobus2__prev_3.zip,edd32d1c3112fe9de4ee6a8d2489c0f4bb181da615d122fcafdebee9b3664a3b,206,attachment; filename=feed_matsumotocity_guruttomatsumotobus2_20260401_20260323135827.zip,2026-09-29T01:52:51.748105+00:00,
matsumotocity,guruttomatsumotobus2,prev_4,https://api.gtfs-data.jp/v2/organizations/matsumotocity/feeds/guruttomatsumotobus2/files/feed.zip?rid=prev_4,data/raw/gtfs/history/matsumotocity__guruttomatsumotobus2__prev_4.zip,85167ffa381248f1e12c42776a7d243fd0a3e21b8d995ecd6dd9455ad86bb206,206,attachment; filename=feed_matsumotocity_guruttomatsumotobus2_20260314_20260304101057.zip,2026-09-29T01:52:51.459713+00:00,
matsumotocity,guruttomatsumotobus2,prev_5,https://api.gtfs-data.jp/v2/organizations/matsumotocity/feeds/guruttomatsumotobus2/files/feed.zip?rid=prev_5,data/raw/gtfs/history/matsumotocity__guruttomatsumotobus2__prev_5.zip,559d705a511cef875874f8b0a14301c67c10f4ad2ece6a6b6d8732197e39f8ca,206,attachment; filename=feed_matsumotocity_guruttomatsumotobus2_20251215_20251203084421.zip,2026-09-29T01:52:51.795574+00:00,
matsumotocity,guruttomatsumotobus2,prev_6,https://api.gtfs-data.jp/v2/organizations/matsumotocity/feeds/guruttomatsumotobus2/files/feed.zip?rid=prev_6,data/raw/gtfs/history/matsumotocity__guruttomatsumotobus2__prev_6.zip,46d2515cdbc42f13df8acecd1cf54196c506c5efe77796080b7b4cf3bf2dc5ff,206,attachment; filename=feed_matsumotocity_guruttomatsumotobus2_20250801_20250627131317.zip,2026-09-29T01:52:51.754955+00:00,
matsumotocity,guruttomatsumotobus2,prev_7,https://api.gtfs-data.jp/v2/organizations/matsumotocity/feeds/guruttomatsumotobus2/files/feed.zip?rid=prev_7,data/raw/gtfs/history/matsumotocity__guruttomatsumotobus2__prev_7.zip,9c7782d3e9201c0bf39b5fcd9eb2567ec894614b2dd8271db77fe12553b080db,206,attachment; filename=feed_matsumotocity_guruttomatsumotobus2_20250601_20250529134033.zip,2026-09-29T01:52:51.751620+00:00,
minamishinshu,Minamishinshu-Iidacity-1,prev_1,https://api.gtfs-data.jp/v2/organizations/minamishinshu/feeds/Minamishinshu-Iidacity-1/files/feed.zip?rid=prev_1,data/raw/gtfs/history/minamishinshu__Minamishinshu-Iidacity-1__prev_1.zip,d6bc01504e584a6370e670a9fe8a9fc8f67caeaf2a3a2c0f1840f777f7c2e61f,206,attachment; filename=feed_minamishinshu_Minamishinshu-Iidacity-1_20260401_20260818151640.zip,2026-09-29T01:52:51.714662+00:00,
minamishinshu,Minamishinshu-Iidacity-1,prev_2,https://api.gtfs-data.jp/v2/organizations/minamishinshu/feeds/Minamishinshu-Iidacity-1/files/feed.zip?rid=prev_2,data/raw/gtfs/history/minamishinshu__Minamishinshu-Iidacity-1__prev_2.zip,f0124ff92685ac4e117c8ef8f270fc6aced2af36aa4baf351607ae634b939710,206,attachment; filename=feed_minamishinshu_Minamishinshu-Iidacity-1_20250401_20250326141124.zip,2026-09-29T01:52:51.744335+00:00,
minamishinshu,Minamishinshu-Iidacity-1,prev_3,https://api.gtfs-data.jp/v2/organizations/minamishinshu/feeds/Minamishinshu-Iidacity-1/files/feed.zip?rid=prev_3,data/raw/gtfs/history/minamishinshu__Minamishinshu-Iidacity-1__prev_3.zip,40c3405d79c0c3d36c6af2665bee7acf555197846ea36c57912a7155684cd0c6,206,attachment; filename=feed_minamishinshu_Minamishinshu-Iidacity-1_20240729_20240731141346.zip,2026-09-29T01:52:51.587997+00:00,
matsumotocity,guruttomatsumotobus1,prev_1,https://api.gtfs-data.jp/v2/organizations/matsumotocity/feeds/guruttomatsumotobus1/files/feed.zip?rid=prev_1,data/raw/gtfs/history/matsumotocity__guruttomatsumotobus1__prev_1.zip,2198c5d0516336da32e1f993b4b9c01e9cf947c8e3d44603d4c94e65b5d9f29b,206,attachment; filename=feed_matsumotocity_guruttomatsumotobus1_20260608_20260608165742.zip,2026-09-29T01:53:10.894198+00:00,
matsumotocity,guruttomatsumotobus1,prev_2,https://api.gtfs-data.jp/v2/organizations/matsumotocity/feeds/guruttomatsumotobus1/files/feed.zip?rid=prev_2,data/raw/gtfs/history/matsumotocity__guruttomatsumotobus1__prev_2.zip,ebfd1acb6c6609faba0d7fcc331217b4af65470dd4e8b3629d8c652ebd98959f,206,attachment; filename=feed_matsumotocity_guruttomatsumotobus1_20260401_20260323135927.zip,2026-09-29T01:53:10.752431+00:00,
matsumotocity,guruttomatsumotobus1,prev_3,https://api.gtfs-data.jp/v2/organizations/matsumotocity/feeds/guruttomatsumotobus1/files/feed.zip?rid=prev_3,data/raw/gtfs/history/matsumotocity__guruttomatsumotobus1__prev_3.zip,a7e5a91ec01a0f5d986f9e866a265f12b9ed971d2dc8f93a7c723ab263b83e2a,206,attachment; filename=feed_matsumotocity_guruttomatsumotobus1_20260314_20260225090339.zip,2026-09-29T01:53:10.766700+00:00,
matsumotocity,guruttomatsumotobus1,prev_4,https://api.gtfs-data.jp/v2/organizations/matsumotocity/feeds/guruttomatsumotobus1/files/feed.zip?rid=prev_4,data/raw/gtfs/history/matsumotocity__guruttomatsumotobus1__prev_4.zip,5b57e2b0bea3719c8b8380fc4dc60c9840268bb6846b27bc14002ac26e01df73,206,attachment; filename=feed_matsumotocity_guruttomatsumotobus1_20251215_20251208125231.zip,2026-09-29T01:53:11.072786+00:00,
matsumotocity,guruttomatsumotobus1,prev_5,https://api.gtfs-data.jp/v2/organizations/matsumotocity/feeds/guruttomatsumotobus1/files/feed.zip?rid=prev_5,data/raw/gtfs/history/matsumotocity__guruttomatsumotobus1__prev_5.zip,051a0a5f504463702b7ce8d56fb66bfde1e7fc41b0de2efb17a94c0396893b49,206,attachment; filename=feed_matsumotocity_guruttomatsumotobus1_20250801_20250627131155.zip,2026-09-29T01:53:10.803367+00:00,
matsumotocity,guruttomatsumotobus1,prev_6,https://api.gtfs-data.jp/v2/organizations/matsumotocity/feeds/guruttomatsumotobus1/files/feed.zip?rid=prev_6,data/raw/gtfs/history/matsumotocity__guruttomatsumotobus1__prev_6.zip,5de976eec6d15f7c4a04cc90332ec1870a4cec2b72b87e907b7bf31b1168455c,206,attachment; filename=feed_matsumotocity_guruttomatsumotobus1_20250315_20250310113209.zip,2026-09-29T01:53:10.775769+00:00,
towadakankodentetsu,toutetsu_airport_line,prev_2,https://api.gtfs-data.jp/v2/organizations/towadakankodentetsu/feeds/toutetsu_airport_line/files/feed.zip?rid=prev_2,data/raw/gtfs/history/towadakankodentetsu__toutetsu_airport_line__prev_2.zip,720d8eae259142ab3b6141929254c11e8b6535ba0458d1951a3b087085958e2a,206,attachment; filename=feed_towadakankodentetsu_toutetsu_airport_line_20260717_20260625115729.zip,2026-09-29T01:53:11.014089+00:00,
towadakankodentetsu,toutetsu_airport_line,prev_3,https://api.gtfs-data.jp/v2/organizations/towadakankodentetsu/feeds/toutetsu_airport_line/files/feed.zip?rid=prev_3,data/raw/gtfs/history/towadakankodentetsu__toutetsu_airport_line__prev_3.zip,faa665eb04afe326e845e6331d2e2438b67e3456394f5c211f3d21aee01d3e36,206,attachment; filename=feed_towadakankodentetsu_toutetsu_airport_line_20260701_20260625115726.zip,2026-09-29T01:53:10.714822+00:00,
towadakankodentetsu,toutetsu_airport_line,prev_4,https://api.gtfs-data.jp/v2/organizations/towadakankodentetsu/feeds/toutetsu_airport_line/files/feed.zip?rid=prev_4,data/raw/gtfs/history/towadakankodentetsu__toutetsu_airport_line__prev_4.zip,0b1de9ecd2e58290ee303ced7d3d0bd5bae50ad450cc51603c6c47bf8affece8,206,attachment; filename=feed_towadakankodentetsu_toutetsu_airport_line_20260601_20260625115721.zip,2026-09-29T01:53:29.637865+00:00,
hanamakicity,hanamaki,prev_3,https://api.gtfs-data.jp/v2/organizations/hanamakicity/feeds/hanamaki/files/feed.zip?rid=prev_3,data/raw/gtfs/history/hanamakicity__hanamaki__prev_3.zip,ea62d376d8330716c85801b2c51bd14b049d01b47589e76111c6b8de8333f6f5,206,attachment; filename=feed_hanamakicity_hanamaki_20250401_20250324105856.zip,2026-09-29T01:53:29.524686+00:00,
hanamakicity,hanamaki,prev_4,https://api.gtfs-data.jp/v2/organizations/hanamakicity/feeds/hanamaki/files/feed.zip?rid=prev_4,data/raw/gtfs/history/hanamakicity__hanamaki__prev_4.zip,ab7ad4cc6bcda7da7db44394a7e447567a3eb2936f930874bc15cb238afd4c45,206,attachment; filename=feed_hanamakicity_hanamaki_20241223_20251224215242.zip,2026-09-29T01:53:29.809575+00:00,
hanamakicity,hanamaki,prev_5,https://api.gtfs-data.jp/v2/organizations/hanamakicity/feeds/hanamaki/files/feed.zip?rid=prev_5,data/raw/gtfs/history/hanamakicity__hanamaki__prev_5.zip,916c2f0f5e4246687b586e3953f35e35496feaf693b2d73d490e42fd74c57370,206,attachment; filename=feed_hanamakicity_hanamaki_20241009_20251224215244.zip,2026-09-29T01:53:29.816109+00:00,
shimoko,shimokitakotsu,prev_2,https://api.gtfs-data.jp/v2/organizations/shimoko/feeds/shimokitakotsu/files/feed.zip?rid=prev_2,data/raw/gtfs/history/shimoko__shimokitakotsu__prev_2.zip,4f82818b29dee8c4597bf2f0a0cda5f6dbdaaa62b85139eddc732003eea5a9e5,206,attachment; filename=feed_shimoko_shimokitakotsu_20260207_20260318111451.zip,2026-09-29T01:53:29.311890+00:00,
oshucity,bus-oshucity-iwate-jp,prev_2,https://api.gtfs-data.jp/v2/organizations/oshucity/feeds/bus-oshucity-iwate-jp/files/feed.zip?rid=prev_2,data/raw/gtfs/history/oshucity__bus-oshucity-iwate-jp__prev_2.zip,113084a25d72302c434ec14e920d7236ddacdfe55800e980f29faa04523fa155,206,attachment; filename=feed_oshucity_bus-oshucity-iwate-jp_20251222_20251223214355.zip,2026-09-29T01:53:29.882842+00:00,
oshucity,bus-oshucity-iwate-jp,prev_3,https://api.gtfs-data.jp/v2/organizations/oshucity/feeds/bus-oshucity-iwate-jp/files/feed.zip?rid=prev_3,data/raw/gtfs/history/oshucity__bus-oshucity-iwate-jp__prev_3.zip,053ffab51e5111be1e77cf96a9c7b6c844147a96c912732ba0dcb733ab863f81,206,attachment; filename=feed_oshucity_bus-oshucity-iwate-jp_20250801_20250801182515.zip,2026-09-29T01:53:29.713778+00:00,
oshucity,bus-oshucity-iwate-jp,prev_4,https://api.gtfs-data.jp/v2/organizations/oshucity/feeds/bus-oshucity-iwate-jp/files/feed.zip?rid=prev_4,data/raw/gtfs/history/oshucity__bus-oshucity-iwate-jp__prev_4.zip,8cf000b4cf895f6a7b0453ad405361c63961c90d1db79d8c1ce4fdab4fe202f5,206,attachment; filename=feed_oshucity_bus-oshucity-iwate-jp_20250519_20250519150031.zip,2026-09-29T01:53:29.831564+00:00,
oshucity,bus-oshucity-iwate-jp,prev_5,https://api.gtfs-data.jp/v2/organizations/oshucity/feeds/bus-oshucity-iwate-jp/files/feed.zip?rid=prev_5,data/raw/gtfs/history/oshucity__bus-oshucity-iwate-jp__prev_5.zip,7782d6c853bb8307901d3ad0875ee3a354c9d95f97c7e89f2b49abd18546fff2,206,attachment; filename=feed_oshucity_bus-oshucity-iwate-jp_20250401_20250313150754.zip,2026-09-29T01:53:47.860401+00:00,
oshucity,bus-oshucity-iwate-jp,prev_6,https://api.gtfs-data.jp/v2/organizations/oshucity/feeds/bus-oshucity-iwate-jp/files/feed.zip?rid=prev_6,data/raw/gtfs/history/oshucity__bus-oshucity-iwate-jp__prev_6.zip,80b31d69e9ed55bcec003e2cab9cf5e7d1cf4b46c08cae81da21ea05b16a7bfe,206,attachment; filename=feed_oshucity_bus-oshucity-iwate-jp_20241121_20241121215838.zip,2026-09-29T01:53:47.991465+00:00,
oshucity,bus-oshucity-iwate-jp,prev_7,https://api.gtfs-data.jp/v2/organizations/oshucity/feeds/bus-oshucity-iwate-jp/files/feed.zip?rid=prev_7,data/raw/gtfs/history/oshucity__bus-oshucity-iwate-jp__prev_7.zip,5329ba5329170b0646502423eef833e0e8f3ac718490ab5bcdc1a7d8eb537989,206,attachment; filename=feed_oshucity_bus-oshucity-iwate-jp_20241031_20241031221114.zip,2026-09-29T01:53:47.731826+00:00,
oshucity,bus-oshucity-iwate-jp,prev_8,https://api.gtfs-data.jp/v2/organizations/oshucity/feeds/bus-oshucity-iwate-jp/files/feed.zip?rid=prev_8,data/raw/gtfs/history/oshucity__bus-oshucity-iwate-jp__prev_8.zip,b5d6da4fcfeaa3757c115cdef51dc1f3e95c424e03b715eea60f93e49efc02a9,206,attachment; filename=feed_oshucity_bus-oshucity-iwate-jp_20240810_20240810215228.zip,2026-09-29T01:53:47.861671+00:00,
oshucity,bus-oshucity-iwate-jp,prev_9,https://api.gtfs-data.jp/v2/organizations/oshucity/feeds/bus-oshucity-iwate-jp/files/feed.zip?rid=prev_9,data/raw/gtfs/history/oshucity__bus-oshucity-iwate-jp__prev_9.zip,ca8c9fc01215296dfd5295b6edb3974d43ff16eccaf4a94c5c3c0b84738bd71a,206,attachment; filename=feed_oshucity_bus-oshucity-iwate-jp_20240712_20240716214752.zip,2026-09-29T01:53:47.866118+00:00,
oshucity,bus-oshucity-iwate-jp,prev_10,https://api.gtfs-data.jp/v2/organizations/oshucity/feeds/bus-oshucity-iwate-jp/files/feed.zip?rid=prev_10,data/raw/gtfs/history/oshucity__bus-oshucity-iwate-jp__prev_10.zip,009da491f23a0edbbf76ff20a948f10a7f41f2cb0d16cd1fb581b972fa763a4d,206,attachment; filename=feed_oshucity_bus-oshucity-iwate-jp_20240401_20240319175024.zip,2026-09-29T01:53:47.872870+00:00,
ugokotsu,ugokotsu_tazawako,prev_2,https://api.gtfs-data.jp/v2/organizations/ugokotsu/feeds/ugokotsu_tazawako/files/feed.zip?rid=prev_2,data/raw/gtfs/history/ugokotsu__ugokotsu_tazawako__prev_2.zip,8218dbcd5eb58f89b7d507ccec958b180b78882626c857fa6ddd0e72102fb7e1,206,attachment; filename=feed_ugokotsu_ugokotsu_tazawako_20260601_20260326102901.zip,2026-09-29T01:53:47.869535+00:00,
ugokotsu,ugokotsu_tazawako,prev_3,https://api.gtfs-data.jp/v2/organizations/ugokotsu/feeds/ugokotsu_tazawako/files/feed.zip?rid=prev_3,data/raw/gtfs/history/ugokotsu__ugokotsu_tazawako__prev_3.zip,62f39838f29f667d6e1b28dc05f4f8208781f4a94d1ff43c7d4b3284dbfb470c,206,attachment; filename=feed_ugokotsu_ugokotsu_tazawako_20260416_20260326102853.zip,2026-09-29T01:53:48.004108+00:00,
ugokotsu,ugokotsu_tazawako,prev_4,https://api.gtfs-data.jp/v2/organizations/ugokotsu/feeds/ugokotsu_tazawako/files/feed.zip?rid=prev_4,data/raw/gtfs/history/ugokotsu__ugokotsu_tazawako__prev_4.zip,07aa60acd892f1664db29b5a79991f3fe8cbb744e52d0980263c9658d0702a1b,206,attachment; filename=feed_ugokotsu_ugokotsu_tazawako_20260401_20260326102841.zip,2026-09-29T01:54:05.599526+00:00,
ugokotsu,ugokotsu_tazawako,prev_5,https://api.gtfs-data.jp/v2/organizations/ugokotsu/feeds/ugokotsu_tazawako/files/feed.zip?rid=prev_5,data/raw/gtfs/history/ugokotsu__ugokotsu_tazawako__prev_5.zip,ff9e23ac3ad67634b96b8de55328051ea58d111dc0c69b9867dc97dee5197cd0,206,attachment; filename=feed_ugokotsu_ugokotsu_tazawako_20251213_20251114135516.zip,2026-09-29T01:54:05.753234+00:00,
ugokotsu,ugokotsu_tazawako,prev_6,https://api.gtfs-data.jp/v2/organizations/ugokotsu/feeds/ugokotsu_tazawako/files/feed.zip?rid=prev_6,data/raw/gtfs/history/ugokotsu__ugokotsu_tazawako__prev_6.zip,925fe0c6ffc3d9ed830928ce6db104ee4abd8ec212c07b2f948640b73c834846,206,attachment; filename=feed_ugokotsu_ugokotsu_tazawako_20251201_20251114135158.zip,2026-09-29T01:54:05.647102+00:00,
ugokotsu,ugokotsu_tazawako,prev_7,https://api.gtfs-data.jp/v2/organizations/ugokotsu/feeds/ugokotsu_tazawako/files/feed.zip?rid=prev_7,data/raw/gtfs/history/ugokotsu__ugokotsu_tazawako__prev_7.zip,9baeaabe60ea9d5b0e7b85dda9dad3a7848465de568ad5f2dd5a40e6ed75f1a9,206,attachment; filename=feed_ugokotsu_ugokotsu_tazawako_20251020_20250812161855.zip,2026-09-29T01:54:05.882658+00:00,
ugokotsu,ugokotsu_tazawako,prev_8,https://api.gtfs-data.jp/v2/organizations/ugokotsu/feeds/ugokotsu_tazawako/files/feed.zip?rid=prev_8,data/raw/gtfs/history/ugokotsu__ugokotsu_tazawako__prev_8.zip,00ecd22cacc838f9e951653ce5e6aef71e044b8200ed14092d51ba30a6cf0418,206,attachment; filename=feed_ugokotsu_ugokotsu_tazawako_20251001_20250815141407.zip,2026-09-29T01:54:05.903591+00:00,
ugokotsu,ugokotsu_tazawako,prev_9,https://api.gtfs-data.jp/v2/organizations/ugokotsu/feeds/ugokotsu_tazawako/files/feed.zip?rid=prev_9,data/raw/gtfs/history/ugokotsu__ugokotsu_tazawako__prev_9.zip,3573487373478712b0cd8352059a8a98157ceefa1134f5894a42346a0b7ff532,206,attachment; filename=feed_ugokotsu_ugokotsu_tazawako_20250816_20250815141355.zip,2026-09-29T01:54:05.662504+00:00,
ugokotsu,ugokotsu_tazawako,prev_10,https://api.gtfs-data.jp/v2/organizations/ugokotsu/feeds/ugokotsu_tazawako/files/feed.zip?rid=prev_10,data/raw/gtfs/history/ugokotsu__ugokotsu_tazawako__prev_10.zip,78f8b12b2ab2f21271523e0be87d844a008674e407124016a473d37b3fb8c5cd,206,attachment; filename=feed_ugokotsu_ugokotsu_tazawako_20250621_20250815141353.zip,2026-09-29T01:54:05.963304+00:00,
ugokotsu,ugokotsu_tazawako,prev_11,https://api.gtfs-data.jp/v2/organizations/ugokotsu/feeds/ugokotsu_tazawako/files/feed.zip?rid=prev_11,data/raw/gtfs/history/ugokotsu__ugokotsu_tazawako__prev_11.zip,a83809ec914116b03c8129db308c1a35e8cfab9f994b4ac7b66eb19653060a1b,206,attachment; filename=feed_ugokotsu_ugokotsu_tazawako_20250601_20250815141351.zip,2026-09-29T01:54:05.911676+00:00,
ugokotsu,ugokotsu_tazawako,prev_12,https://api.gtfs-data.jp/v2/organizations/ugokotsu/feeds/ugokotsu_tazawako/files/feed.zip?rid=prev_12,data/raw/gtfs/history/ugokotsu__ugokotsu_tazawako__prev_12.zip,739e4c9ab8950bb0d011103ca1554f0530a49bf8e51984c766f6e248cd0ca9da,206,attachment; filename=feed_ugokotsu_ugokotsu_tazawako_20250416_20250812161846.zip,2026-09-29T01:54:23.812507+00:00,
kaminoyamacity,KaminoyamaCity,prev_3,https://api.gtfs-data.jp/v2/organizations/kaminoyamacity/feeds/KaminoyamaCity/files/feed.zip?rid=prev_3,data/raw/gtfs/history/kaminoyamacity__KaminoyamaCity__prev_3.zip,3611595f6cce21bd843c70678da5d0c19eaf30ce13892d9fb11e98dbdb64e4a1,206,attachment; filename=feed_kaminoyamacity_KaminoyamaCity_20231002_20230904140804.zip,2026-09-29T01:54:23.768912+00:00,
kaminoyamacity,KaminoyamaCity,prev_4,https://api.gtfs-data.jp/v2/organizations/kaminoyamacity/feeds/KaminoyamaCity/files/feed.zip?rid=prev_4,data/raw/gtfs/history/kaminoyamacity__KaminoyamaCity__prev_4.zip,d54bd6e8f83a056923fc15831dfec4b68cc5fac041ef91993ac6e2efd8cb98cb,206,attachment; filename=feed_kaminoyamacity_KaminoyamaCity_20230724_20230725102822.zip,2026-09-29T01:54:23.633193+00:00,
kaminoyamacity,KaminoyamaCity,prev_5,https://api.gtfs-data.jp/v2/organizations/kaminoyamacity/feeds/KaminoyamaCity/files/feed.zip?rid=prev_5,data/raw/gtfs/history/kaminoyamacity__KaminoyamaCity__prev_5.zip,1a90cedbf1d38f2cce9cf70b0289b8e67495fe74fdd28490280cadee08a95ca9,206,attachment; filename=feed_kaminoyamacity_KaminoyamaCity_20220816_20221205180026.zip,2026-09-29T01:54:24.009831+00:00,
ugokotsu,ugokotsu_honjo,prev_2,https://api.gtfs-data.jp/v2/organizations/ugokotsu/feeds/ugokotsu_honjo/files/feed.zip?rid=prev_2,data/raw/gtfs/history/ugokotsu__ugokotsu_honjo__prev_2.zip,0ca488ed0a05fc113c2fdc7f9b9c5e0e62365fc5a5d54bcb1d7c166ec2861326,206,attachment; filename=feed_ugokotsu_ugokotsu_honjo_20260321_20260316134313.zip,2026-09-29T01:54:23.518011+00:00,
ugokotsu,ugokotsu_honjo,prev_3,https://api.gtfs-data.jp/v2/organizations/ugokotsu/feeds/ugokotsu_honjo/files/feed.zip?rid=prev_3,data/raw/gtfs/history/ugokotsu__ugokotsu_honjo__prev_3.zip,58283be2e22799388529c6ef7dad1b42871850aec789412fa022f33e3aab3e7e,206,attachment; filename=feed_ugokotsu_ugokotsu_honjo_20260201_20260126164000.zip,2026-09-29T01:54:23.827022+00:00,
ugokotsu,ugokotsu_honjo,prev_4,https://api.gtfs-data.jp/v2/organizations/ugokotsu/feeds/ugokotsu_honjo/files/feed.zip?rid=prev_4,data/raw/gtfs/history/ugokotsu__ugokotsu_honjo__prev_4.zip,6e460b229f1cd0c9b11b14825c0bf1fbce8eba83d4b559ccbcb801ff83d4b1fb,206,attachment; filename=feed_ugokotsu_ugokotsu_honjo_20251201_20251119100856.zip,2026-09-29T01:54:23.643388+00:00,
ugokotsu,ugokotsu_honjo,prev_5,https://api.gtfs-data.jp/v2/organizations/ugokotsu/feeds/ugokotsu_honjo/files/feed.zip?rid=prev_5,data/raw/gtfs/history/ugokotsu__ugokotsu_honjo__prev_5.zip,0724c9969a3bfddfa7cc244c72ba645030eece3306cb35f32028299d2e4b1049,206,attachment; filename=feed_ugokotsu_ugokotsu_honjo_20251001_20250926102303.zip,2026-09-29T01:54:23.865889+00:00,
ugokotsu,ugokotsu_honjo,prev_6,https://api.gtfs-data.jp/v2/organizations/ugokotsu/feeds/ugokotsu_honjo/files/feed.zip?rid=prev_6,data/raw/gtfs/history/ugokotsu__ugokotsu_honjo__prev_6.zip,67034dcdfea8a72e29d2f8e4b7b241b65087200838a9efbcfcf1a4313c1218ec,206,attachment; filename=feed_ugokotsu_ugokotsu_honjo_20250701_20250926102257.zip,2026-09-29T01:54:42.981458+00:00,
ugokotsu,ugokotsu_honjo,prev_7,https://api.gtfs-data.jp/v2/organizations/ugokotsu/feeds/ugokotsu_honjo/files/feed.zip?rid=prev_7,data/raw/gtfs/history/ugokotsu__ugokotsu_honjo__prev_7.zip,2ea5c773c5a25e8d92376bcdad4efb3b5ace712605a41239842e8bc04555d9f5,206,attachment; filename=feed_ugokotsu_ugokotsu_honjo_20250401_20250630145430.zip,2026-09-29T01:54:43.151119+00:00,
ugokotsu,ugokotsu_honjo,prev_8,https://api.gtfs-data.jp/v2/organizations/ugokotsu/feeds/ugokotsu_honjo/files/feed.zip?rid=prev_8,data/raw/gtfs/history/ugokotsu__ugokotsu_honjo__prev_8.zip,9eada35fddf3782dff9b4f9c32ac5607b60ed667543927926880c1f7d918c6e6,206,attachment; filename=feed_ugokotsu_ugokotsu_honjo_20250321_20241125111701.zip,2026-09-29T01:54:43.181007+00:00,
ugokotsu,ugokotsu_honjo,prev_9,https://api.gtfs-data.jp/v2/organizations/ugokotsu/feeds/ugokotsu_honjo/files/feed.zip?rid=prev_9,data/raw/gtfs/history/ugokotsu__ugokotsu_honjo__prev_9.zip,76ed08564d614ebf464833474b150bbaa61a96d9b2bdc8d579e67522664d3641,206,attachment; filename=feed_ugokotsu_ugokotsu_honjo_20241201_20241125111658.zip,2026-09-29T01:54:43.155854+00:00,
ugokotsu,ugokotsu_honjo,prev_10,https://api.gtfs-data.jp/v2/organizations/ugokotsu/feeds/ugokotsu_honjo/files/feed.zip?rid=prev_10,data/raw/gtfs/history/ugokotsu__ugokotsu_honjo__prev_10.zip,fabed1c1a7fa4793bbab93d7f413845882fe8a9fa31def5b0ae7c4c63cabf0b8,206,attachment; filename=feed_ugokotsu_ugokotsu_honjo_20241001_20241017141651.zip,2026-09-29T01:54:43.139329+00:00,
ugokotsu,ugokotsu_honjo,prev_11,https://api.gtfs-data.jp/v2/organizations/ugokotsu/feeds/ugokotsu_honjo/files/feed.zip?rid=prev_11,data/raw/gtfs/history/ugokotsu__ugokotsu_honjo__prev_11.zip,16e1bf0880d5c124609389b22b28062e23b75446ced86bf37df224266c87e72c,206,attachment; filename=feed_ugokotsu_ugokotsu_honjo_20240401_20240710144222.zip,2026-09-29T01:54:43.138769+00:00,
obanazawacity,ObanazawaCity,prev_2,https://api.gtfs-data.jp/v2/organizations/obanazawacity/feeds/ObanazawaCity/files/feed.zip?rid=prev_2,data/raw/gtfs/history/obanazawacity__ObanazawaCity__prev_2.zip,c9e64a44bec11b033f9d8796c2ea1afec474bbe9a0fd849a5e0bf1d98de311db,206,attachment; filename=feed_obanazawacity_ObanazawaCity_20231102_20240126140540.zip,2026-09-29T01:54:43.094452+00:00,
obanazawacity,ObanazawaCity,prev_4,https://api.gtfs-data.jp/v2/organizations/obanazawacity/feeds/ObanazawaCity/files/feed.zip?rid=prev_4,data/raw/gtfs/history/obanazawacity__ObanazawaCity__prev_4.zip,43e2618491805c4b35b360731d4d027609616b3730b2a7419786c97fd15278a0,206,attachment; filename=feed_obanazawacity_ObanazawaCity_20221111_20230609093847.zip,2026-09-29T01:54:43.007735+00:00,
obanazawacity,ObanazawaCity,prev_5,https://api.gtfs-data.jp/v2/organizations/obanazawacity/feeds/ObanazawaCity/files/feed.zip?rid=prev_5,data/raw/gtfs/history/obanazawacity__ObanazawaCity__prev_5.zip,5abcd4922ec22f86ca5468be2e3639bf8fd01da9832b234ff1cdd8d502a21cdd,206,attachment; filename=feed_obanazawacity_ObanazawaCity_20221109_20221205185811.zip,2026-09-29T01:55:04.099770+00:00,
obanazawacity,ObanazawaCity,prev_6,https://api.gtfs-data.jp/v2/organizations/obanazawacity/feeds/ObanazawaCity/files/feed.zip?rid=prev_6,data/raw/gtfs/history/obanazawacity__ObanazawaCity__prev_6.zip,105da2a3970de61d4fe3f9c135ff0121722be5157caca442b77e949de4147099,206,attachment; filename=feed_obanazawacity_ObanazawaCity_20211116_20221205185743.zip,2026-09-29T01:55:04.198184+00:00,
ohkuravillage,OhkuraVillage,prev_2,https://api.gtfs-data.jp/v2/organizations/ohkuravillage/feeds/OhkuraVillage/files/feed.zip?rid=prev_2,data/raw/gtfs/history/ohkuravillage__OhkuraVillage__prev_2.zip,92185d227aad0898aa3bcbc8b318b9afff2c48c73a6b17db75a85573b886c4ec,206,attachment; filename=feed_ohkuravillage_OhkuraVillage_20240902_20240924093017.zip,2026-09-29T01:55:04.384234+00:00,
ohkuravillage,OhkuraVillage,prev_3,https://api.gtfs-data.jp/v2/organizations/ohkuravillage/feeds/OhkuraVillage/files/feed.zip?rid=prev_3,data/raw/gtfs/history/ohkuravillage__OhkuraVillage__prev_3.zip,0ea3fb341f9498478b67b15351c3cc6b73883f793d971fa5e702edcf6fcf5ddc,206,attachment; filename=feed_ohkuravillage_OhkuraVillage_20231001_20230911122915.zip,2026-09-29T01:55:04.358646+00:00,
ohkuravillage,OhkuraVillage,prev_4,https://api.gtfs-data.jp/v2/organizations/ohkuravillage/feeds/OhkuraVillage/files/feed.zip?rid=prev_4,data/raw/gtfs/history/ohkuravillage__OhkuraVillage__prev_4.zip,b576aa93eb4305d4a575de65c37570c035bb12c5c0a48b56e7f5db46450ae382,206,attachment; filename=feed_ohkuravillage_OhkuraVillage_20230101_20221226143444.zip,2026-09-29T01:55:04.067872+00:00,
ohkuravillage,OhkuraVillage,prev_5,https://api.gtfs-data.jp/v2/organizations/ohkuravillage/feeds/OhkuraVillage/files/feed.zip?rid=prev_5,data/raw/gtfs/history/ohkuravillage__OhkuraVillage__prev_5.zip,f3e6be445182b5d7aa73ddb18c6b827dd48a594eb1c7fa6d4dd90ae3e43bfe4b,206,attachment; filename=feed_ohkuravillage_OhkuraVillage_20220101_20221205193053.zip,2026-09-29T01:55:04.192058+00:00,
nanyocity,NanyoCity,prev_2,https://api.gtfs-data.jp/v2/organizations/nanyocity/feeds/NanyoCity/files/feed.zip?rid=prev_2,data/raw/gtfs/history/nanyocity__NanyoCity__prev_2.zip,137b1a5b7cd91bb3a975dd5782831654759f3655a688e3694d2d2b66067d3342,206,attachment; filename=feed_nanyocity_NanyoCity_20250401_20250328124045.zip,2026-09-29T01:55:04.058029+00:00,
nanyocity,NanyoCity,prev_3,https://api.gtfs-data.jp/v2/organizations/nanyocity/feeds/NanyoCity/files/feed.zip?rid=prev_3,data/raw/gtfs/history/nanyocity__NanyoCity__prev_3.zip,750ae9bda83a0f2674a15150338d203e329bfd954f8b10f43e2e31bc61621835,206,attachment; filename=feed_nanyocity_NanyoCity_20240401_20240318161228.zip,2026-09-29T01:55:04.353500+00:00,
nanyocity,NanyoCity,prev_4,https://api.gtfs-data.jp/v2/organizations/nanyocity/feeds/NanyoCity/files/feed.zip?rid=prev_4,data/raw/gtfs/history/nanyocity__NanyoCity__prev_4.zip,2f58646c09dc4d5f00d17031ca6c9af0c2e2df06e38124e7bbd98fb14115c5cc,206,attachment; filename=feed_nanyocity_NanyoCity_20230711_20230711142423.zip,2026-09-29T01:55:25.001875+00:00,
nanyocity,NanyoCity,prev_5,https://api.gtfs-data.jp/v2/organizations/nanyocity/feeds/NanyoCity/files/feed.zip?rid=prev_5,data/raw/gtfs/history/nanyocity__NanyoCity__prev_5.zip,016b97401e2dfe03560305793bfadfd7f0dbf3decc1719ec3f4593ebd84080af,206,attachment; filename=feed_nanyocity_NanyoCity_20220801_20221205205906.zip,2026-09-29T01:55:25.109181+00:00,
nagaicity,NagaiCity,prev_2,https://api.gtfs-data.jp/v2/organizations/nagaicity/feeds/NagaiCity/files/feed.zip?rid=prev_2,data/raw/gtfs/history/nagaicity__NagaiCity__prev_2.zip,512c2021a62f6947be05512aa2db0bb37628bf95d2e73e525eb6357a00003ee2,206,attachment; filename=feed_nagaicity_NagaiCity_20231002_20230919105137.zip,2026-09-29T01:55:25.195606+00:00,
nagaicity,NagaiCity,prev_3,https://api.gtfs-data.jp/v2/organizations/nagaicity/feeds/NagaiCity/files/feed.zip?rid=prev_3,data/raw/gtfs/history/nagaicity__NagaiCity__prev_3.zip,c35e558ba34f35f1bfbc70f55ff350e2bdac8a1289b6b70f6a45edfcc24a5aa8,206,attachment; filename=feed_nagaicity_NagaiCity_20221001_20221205205654.zip,2026-09-29T01:55:24.813049+00:00,
nagaicity,NagaiCity,prev_4,https://api.gtfs-data.jp/v2/organizations/nagaicity/feeds/NagaiCity/files/feed.zip?rid=prev_4,data/raw/gtfs/history/nagaicity__NagaiCity__prev_4.zip,443330b9e5be4bd0aedb2a8e750ef24012b8485240e5bb90d0619e0d323718fe,206,attachment; filename=feed_nagaicity_NagaiCity_20220323_20221205205627.zip,2026-09-29T01:55:24.985614+00:00,
tozawavillage,tozawavillagebus,prev_2,https://api.gtfs-data.jp/v2/organizations/tozawavillage/feeds/tozawavillagebus/files/feed.zip?rid=prev_2,data/raw/gtfs/history/tozawavillage__tozawavillagebus__prev_2.zip,9246deea3186707f2472cf799774098add44a06f94408bf5e3cee8cb4894b8c1,206,attachment; filename=feed_tozawavillage_tozawavillagebus_20240401_20240305091000.zip,2026-09-29T01:55:24.827221+00:00,
tozawavillage,tozawavillagebus,prev_3,https://api.gtfs-data.jp/v2/organizations/tozawavillage/feeds/tozawavillagebus/files/feed.zip?rid=prev_3,data/raw/gtfs/history/tozawavillage__tozawavillagebus__prev_3.zip,7b3f653a71ffe87fb1a611873a7559afcf97d11f72b43586a748004825e2ae9d,206,attachment; filename=feed_tozawavillage_tozawavillagebus_20230401_20230821115443.zip,2026-09-29T01:55:24.672715+00:00,
tsukubacity,TSUKUBANEGO,prev_2,https://api.gtfs-data.jp/v2/organizations/tsukubacity/feeds/TSUKUBANEGO/files/feed.zip?rid=prev_2,data/raw/gtfs/history/tsukubacity__TSUKUBANEGO__prev_2.zip,a3e16f04cbdf5a3e2e2131b8f2aaf29fa5c81e31a6f5a88ae4f733b9b640393e,206,attachment; filename=feed_tsukubacity_TSUKUBANEGO_20240401_20240418104145.zip,2026-09-29T01:55:25.141439+00:00,
tsukubacity,TSUKUBANEGO,prev_3,https://api.gtfs-data.jp/v2/organizations/tsukubacity/feeds/TSUKUBANEGO/files/feed.zip?rid=prev_3,data/raw/gtfs/history/tsukubacity__TSUKUBANEGO__prev_3.zip,ab376169032c2e39b8b679fbce2741e56fa3c997f0976d1c458c1630f86f546c,206,attachment; filename=feed_tsukubacity_TSUKUBANEGO_20230401_20240409083838.zip,2026-09-29T01:55:43.673568+00:00,
yanaizutown,yanaizutown-bus,prev_2,https://api.gtfs-data.jp/v2/organizations/yanaizutown/feeds/yanaizutown-bus/files/feed.zip?rid=prev_2,data/raw/gtfs/history/yanaizutown__yanaizutown-bus__prev_2.zip,ad10f6cc0533ae33a74ae39a014c55094f8ffc560ad5db984d69f4f4f6ece8a8,206,attachment; filename=feed_yanaizutown_yanaizutown-bus_20260428_20260428125602.zip,2026-09-29T01:55:43.990800+00:00,
tsuruokacity,TsuruokaCity,prev_2,https://api.gtfs-data.jp/v2/organizations/tsuruokacity/feeds/TsuruokaCity/files/feed.zip?rid=prev_2,data/raw/gtfs/history/tsuruokacity__TsuruokaCity__prev_2.zip,9131453adfe97e3dc072842f51f6a633060f33049e528c5e84be83e8224b3f8d,206,attachment; filename=feed_tsuruokacity_TsuruokaCity_20250501_20250403094658.zip,2026-09-29T01:55:43.836901+00:00,
tsuruokacity,TsuruokaCity,prev_3,https://api.gtfs-data.jp/v2/organizations/tsuruokacity/feeds/TsuruokaCity/files/feed.zip?rid=prev_3,data/raw/gtfs/history/tsuruokacity__TsuruokaCity__prev_3.zip,33598cc134bb1de18a470ffffd61f5b8add015edd7bf8e753503bf6047b770bd,206,attachment; filename=feed_tsuruokacity_TsuruokaCity_20250401_20250401160904.zip,2026-09-29T01:55:43.959484+00:00,
tsuruokacity,TsuruokaCity,prev_4,https://api.gtfs-data.jp/v2/organizations/tsuruokacity/feeds/TsuruokaCity/files/feed.zip?rid=prev_4,data/raw/gtfs/history/tsuruokacity__TsuruokaCity__prev_4.zip,2aec72540f943414f7388d7edb335d7b1384c91fc449ac012c6a398935fc8e31,206,attachment; filename=feed_tsuruokacity_TsuruokaCity_20241001_20240906104452.zip,2026-09-29T01:55:43.834833+00:00,
tsuruokacity,TsuruokaCity,prev_5,https://api.gtfs-data.jp/v2/organizations/tsuruokacity/feeds/TsuruokaCity/files/feed.zip?rid=prev_5,data/raw/gtfs/history/tsuruokacity__TsuruokaCity__prev_5.zip,f031fdadda2e6d0ca1e504ed53259b5bfe64504ac6e4c763ba581a347e10e520,206,attachment; filename=feed_tsuruokacity_TsuruokaCity_20240430_20240312152425.zip,2026-09-29T01:55:43.969515+00:00,
tsuruokacity,TsuruokaCity,prev_6,https://api.gtfs-data.jp/v2/organizations/tsuruokacity/feeds/TsuruokaCity/files/feed.zip?rid=prev_6,data/raw/gtfs/history/tsuruokacity__TsuruokaCity__prev_6.zip,298cd6d4a9a745b11774d04609b42ae2b1a8876516d83a0a425ee843588533c2,206,attachment; filename=feed_tsuruokacity_TsuruokaCity_20231111_20231004102034.zip,2026-09-29T01:55:44.014099+00:00,
tsuruokacity,TsuruokaCity,prev_7,https://api.gtfs-data.jp/v2/organizations/tsuruokacity/feeds/TsuruokaCity/files/feed.zip?rid=prev_7,data/raw/gtfs/history/tsuruokacity__TsuruokaCity__prev_7.zip,6031a5ce02bfa2276d600ff9ca920d0f732cf2aad4f4e568261d5edd40ee82b5,206,attachment; filename=feed_tsuruokacity_TsuruokaCity_20230821_20230817111757.zip,2026-09-29T01:55:43.986228+00:00,
tsuruokacity,TsuruokaCity,prev_8,https://api.gtfs-data.jp/v2/organizations/tsuruokacity/feeds/TsuruokaCity/files/feed.zip?rid=prev_8,data/raw/gtfs/history/tsuruokacity__TsuruokaCity__prev_8.zip,a19e4a78014ba71e177e4ae2a89a7fa6d28d98329069c86e250bcc633305c506,206,attachment; filename=feed_tsuruokacity_TsuruokaCity_20230812_20230808110156.zip,2026-09-29T01:56:03.133399+00:00,
tsuruokacity,TsuruokaCity,prev_9,https://api.gtfs-data.jp/v2/organizations/tsuruokacity/feeds/TsuruokaCity/files/feed.zip?rid=prev_9,data/raw/gtfs/history/tsuruokacity__TsuruokaCity__prev_9.zip,15acd003fa43ade191466b4014520e2617e16525f64da7b6b4ba182c96e3c1ef,206,attachment; filename=feed_tsuruokacity_TsuruokaCity_20230601_20230512152451.zip,2026-09-29T01:56:03.283271+00:00,
tsuruokacity,TsuruokaCity,prev_10,https://api.gtfs-data.jp/v2/organizations/tsuruokacity/feeds/TsuruokaCity/files/feed.zip?rid=prev_10,data/raw/gtfs/history/tsuruokacity__TsuruokaCity__prev_10.zip,c307f80115ce170ce0dd0347cd651442dadedce7c798c798fc4e0620eac925bd,206,attachment; filename=feed_tsuruokacity_TsuruokaCity_20230401_20230306133721.zip,2026-09-29T01:56:03.134395+00:00,
tsuruokacity,TsuruokaCity,prev_11,https://api.gtfs-data.jp/v2/organizations/tsuruokacity/feeds/TsuruokaCity/files/feed.zip?rid=prev_11,data/raw/gtfs/history/tsuruokacity__TsuruokaCity__prev_11.zip,063c02d69661dc5bb1e7103910fce94525e61137af5cdaae68e04779c065e42b,206,attachment; filename=feed_tsuruokacity_TsuruokaCity_20220708_20221205210532.zip,2026-09-29T01:56:03.300488+00:00,
tateyamatown,tateyama,prev_2,https://api.gtfs-data.jp/v2/organizations/tateyamatown/feeds/tateyama/files/feed.zip?rid=prev_2,data/raw/gtfs/history/tateyamatown__tateyama__prev_2.zip,f1436fe4b9b3e69a2517958885694d19a7fcbd4522d8df932eb26c2a06dbe670,206,attachment; filename=feed_tateyamatown_tateyama_20260314_20260310165630.zip,2026-09-29T01:56:03.174708+00:00,
tateyamatown,tateyama,prev_3,https://api.gtfs-data.jp/v2/organizations/tateyamatown/feeds/tateyama/files/feed.zip?rid=prev_3,data/raw/gtfs/history/tateyamatown__tateyama__prev_3.zip,865e02b2b677dfcd9e840a3c5150ff7fde16d315c3887712a00cb3f5b3529a71,206,attachment; filename=feed_tateyamatown_tateyama_20251201_20251117170620.zip,2026-09-29T01:56:03.322398+00:00,
tateyamatown,tateyama,prev_4,https://api.gtfs-data.jp/v2/organizations/tateyamatown/feeds/tateyama/files/feed.zip?rid=prev_4,data/raw/gtfs/history/tateyamatown__tateyama__prev_4.zip,d0063a085dbf6a2bb51572018ea3bbcb4f4d2c12b32b1fa7f62d12c00fc5de64,206,attachment; filename=feed_tateyamatown_tateyama_20250415_20250411142623.zip,2026-09-29T01:56:03.343174+00:00,
tateyamatown,tateyama,prev_5,https://api.gtfs-data.jp/v2/organizations/tateyamatown/feeds/tateyama/files/feed.zip?rid=prev_5,data/raw/gtfs/history/tateyamatown__tateyama__prev_5.zip,b4a7437a3a7af78fcfaf7ddc297a290d3d454c95f4c8beab35c2786154b7af58,206,attachment; filename=feed_tateyamatown_tateyama_20250401_20250314141304.zip,2026-09-29T01:56:03.303556+00:00,
tateyamatown,tateyama,prev_6,https://api.gtfs-data.jp/v2/organizations/tateyamatown/feeds/tateyama/files/feed.zip?rid=prev_6,data/raw/gtfs/history/tateyamatown__tateyama__prev_6.zip,b25b6fbf400747593f905bebc0e32659dfd7983096f1224ad0e502ddbbbe7675,206,attachment; filename=feed_tateyamatown_tateyama_20241218_20241218185733.zip,2026-09-29T01:56:23.118808+00:00,
tateyamatown,tateyama,prev_7,https://api.gtfs-data.jp/v2/organizations/tateyamatown/feeds/tateyama/files/feed.zip?rid=prev_7,data/raw/gtfs/history/tateyamatown__tateyama__prev_7.zip,40405528c609ffb01e61ba62fb7d023ab3b91cd707a9a5a7516945a4cebada5b,206,attachment; filename=feed_tateyamatown_tateyama_20241217_20241217101522.zip,2026-09-29T01:56:23.124514+00:00,
tateyamatown,tateyama,prev_8,https://api.gtfs-data.jp/v2/organizations/tateyamatown/feeds/tateyama/files/feed.zip?rid=prev_8,data/raw/gtfs/history/tateyamatown__tateyama__prev_8.zip,77cecbb5677bd4b89c9d7153073fea118d338f1443b573a158e7449285fdcf82,206,attachment; filename=feed_tateyamatown_tateyama_20240719_20240723172239.zip,2026-09-29T01:56:23.381596+00:00,
tateyamatown,tateyama,prev_9,https://api.gtfs-data.jp/v2/organizations/tateyamatown/feeds/tateyama/files/feed.zip?rid=prev_9,data/raw/gtfs/history/tateyamatown__tateyama__prev_9.zip,154f8985b1e4876cb0af6ea8654ba985657a2919a171ee85676d5d43246cf6f6,206,attachment; filename=feed_tateyamatown_tateyama_20240425_20240426144841.zip,2026-09-29T01:56:23.463615+00:00,
tateyamatown,tateyama,prev_10,https://api.gtfs-data.jp/v2/organizations/tateyamatown/feeds/tateyama/files/feed.zip?rid=prev_10,data/raw/gtfs/history/tateyamatown__tateyama__prev_10.zip,344fecb51c42034e115e203e108cc019f387d25b9e8b7c1f3882f5a194c3d80a,206,attachment; filename=feed_tateyamatown_tateyama_20230901_20240412131555.zip,2026-09-29T01:56:23.292840+00:00,
tateyamatown,tateyama,prev_12,https://api.gtfs-data.jp/v2/organizations/tateyamatown/feeds/tateyama/files/feed.zip?rid=prev_12,data/raw/gtfs/history/tateyamatown__tateyama__prev_12.zip,0a3a36d5320c1aa44728726df74a63dba7c9cd3b93c9fcd1d7c63e0580306d6d,206,attachment; filename=feed_tateyamatown_tateyama_20230415_20230407190122.zip,2026-09-29T01:56:23.269202+00:00,
namerikawacity,norumycar,prev_2,https://api.gtfs-data.jp/v2/organizations/namerikawacity/feeds/norumycar/files/feed.zip?rid=prev_2,data/raw/gtfs/history/namerikawacity__norumycar__prev_2.zip,7de00c2da10e4fe5f2b42a914a4d187f680ebb9dd5a6757fbb8a6364b8593501,206,attachment; filename=feed_namerikawacity_norumycar_20240801_20240730103239.zip,2026-09-29T01:56:23.258741+00:00,
namerikawacity,norumycar,prev_3,https://api.gtfs-data.jp/v2/organizations/namerikawacity/feeds/norumycar/files/feed.zip?rid=prev_3,data/raw/gtfs/history/namerikawacity__norumycar__prev_3.zip,126374a6f44d604fef7e8b80ba3318a942ee0cac84692b88923ab9801826d2bf,206,attachment; filename=feed_namerikawacity_norumycar_20240801_20240708105723.zip,2026-09-29T01:56:23.134682+00:00,
namerikawacity,norumycar,prev_4,https://api.gtfs-data.jp/v2/organizations/namerikawacity/feeds/norumycar/files/feed.zip?rid=prev_4,data/raw/gtfs/history/namerikawacity__norumycar__prev_4.zip,43790114421433e91517c86b191f1174faaf5f1f2f84e3bee307d1bb6d1bdca9,206,attachment; filename=feed_namerikawacity_norumycar_20230602_20231031181624.zip,2026-09-29T01:56:44.655959+00:00,
namerikawacity,norumycar,prev_8,https://api.gtfs-data.jp/v2/organizations/namerikawacity/feeds/norumycar/files/feed.zip?rid=prev_8,data/raw/gtfs/history/namerikawacity__norumycar__prev_8.zip,0c8319c91c869c9e5423b2f844a7abe1d4a82b7b41911fbffce552f760fef3d4,206,attachment; filename=feed_namerikawacity_norumycar_20220518_20221204210056.zip,2026-09-29T01:56:44.667976+00:00,
namerikawacity,norumycar,prev_9,https://api.gtfs-data.jp/v2/organizations/namerikawacity/feeds/norumycar/files/feed.zip?rid=prev_9,data/raw/gtfs/history/namerikawacity__norumycar__prev_9.zip,b881e151dab135e3498cd954cafe771663c5d8b39a1df75fd62f3ec48c3cfdc9,206,attachment; filename=feed_namerikawacity_norumycar_20210424_20221204210027.zip,2026-09-29T01:56:44.516536+00:00,
namerikawacity,norumycar,prev_10,https://api.gtfs-data.jp/v2/organizations/namerikawacity/feeds/norumycar/files/feed.zip?rid=prev_10,data/raw/gtfs/history/namerikawacity__norumycar__prev_10.zip,f0d32069263e353f9088dda27dc7bc3c4c0893156bc715604492b191f8013815,206,attachment; filename=feed_namerikawacity_norumycar_20200601_20221204205936.zip,2026-09-29T01:56:44.667673+00:00,
nagai-unyu,Nagaibus,prev_2,https://api.gtfs-data.jp/v2/organizations/nagai-unyu/feeds/Nagaibus/files/feed.zip?rid=prev_2,data/raw/gtfs/history/nagai-unyu__Nagaibus__prev_2.zip,657dfa815bd9c5be2437cb43e5f8764345f7c5ef28f38f2f2272f90b831f6916,206,attachment; filename=feed_nagai-unyu_Nagaibus_20250401_20250919193527.zip,2026-09-29T01:56:44.693522+00:00,
nagai-unyu,Nagaibus,prev_3,https://api.gtfs-data.jp/v2/organizations/nagai-unyu/feeds/Nagaibus/files/feed.zip?rid=prev_3,data/raw/gtfs/history/nagai-unyu__Nagaibus__prev_3.zip,027153c5baf64560a73419e93f56435019ece6b5ab0083ce4c96e326b269d13a,206,attachment; filename=feed_nagai-unyu_Nagaibus_20250219_20250219104406.zip,2026-09-29T01:56:44.710877+00:00,
nagai-unyu,Nagaibus,prev_4,https://api.gtfs-data.jp/v2/organizations/nagai-unyu/feeds/Nagaibus/files/feed.zip?rid=prev_4,data/raw/gtfs/history/nagai-unyu__Nagaibus__prev_4.zip,d6b8556a8cde623974403ab2c3e5dd4de988b6c456f93b9d3662cad9ffbfd18b,206,attachment; filename=feed_nagai-unyu_Nagaibus_20250123_20250123145300.zip,2026-09-29T01:56:44.680912+00:00,
nagai-unyu,Nagaibus,prev_5,https://api.gtfs-data.jp/v2/organizations/nagai-unyu/feeds/Nagaibus/files/feed.zip?rid=prev_5,data/raw/gtfs/history/nagai-unyu__Nagaibus__prev_5.zip,0d6d234faac5349076bf508dbd81ecf8eaf3f446ce09073983ccaf50c11bc12d,206,attachment; filename=feed_nagai-unyu_Nagaibus_20241120_20241120161648.zip,2026-09-29T01:56:44.746059+00:00,
nagai-unyu,Nagaibus,prev_6,https://api.gtfs-data.jp/v2/organizations/nagai-unyu/feeds/Nagaibus/files/feed.zip?rid=prev_6,data/raw/gtfs/history/nagai-unyu__Nagaibus__prev_6.zip,dbbc3feb24e32985c640b822aca4817477467a761dd8cd396f439ac5d146fc4f,206,attachment; filename=feed_nagai-unyu_Nagaibus_20241001_20241004130550.zip,2026-09-29T01:57:06.902717+00:00,
nagai-unyu,Nagaibus,prev_7,https://api.gtfs-data.jp/v2/organizations/nagai-unyu/feeds/Nagaibus/files/feed.zip?rid=prev_7,data/raw/gtfs/history/nagai-unyu__Nagaibus__prev_7.zip,d48e6afb27917718b02a92428369f453709da09464d52237bcc8777674b4fc70,206,attachment; filename=feed_nagai-unyu_Nagaibus_20240912_20241004130750.zip,2026-09-29T01:57:07.065508+00:00,
nagai-unyu,Nagaibus,prev_8,https://api.gtfs-data.jp/v2/organizations/nagai-unyu/feeds/Nagaibus/files/feed.zip?rid=prev_8,data/raw/gtfs/history/nagai-unyu__Nagaibus__prev_8.zip,32e07ddb2cc4816574ea66eaa8b57e8bb803168f38c74dc8e93a0025ca6f0e92,206,attachment; filename=feed_nagai-unyu_Nagaibus_20240802_20240802110746.zip,2026-09-29T01:57:07.201668+00:00,
nagai-unyu,Nagaibus,prev_9,https://api.gtfs-data.jp/v2/organizations/nagai-unyu/feeds/Nagaibus/files/feed.zip?rid=prev_9,data/raw/gtfs/history/nagai-unyu__Nagaibus__prev_9.zip,82de2d17e0078c3a11a1c5a74a80aa35f6a1249efca357ce9d34ed548482a6a5,206,attachment; filename=feed_nagai-unyu_Nagaibus_20240719_20240719083708.zip,2026-09-29T01:57:07.428411+00:00,
nagai-unyu,Nagaibus,prev_10,https://api.gtfs-data.jp/v2/organizations/nagai-unyu/feeds/Nagaibus/files/feed.zip?rid=prev_10,data/raw/gtfs/history/nagai-unyu__Nagaibus__prev_10.zip,16314b201badc1aa2d11587808aaa1812435c914d98f144c25aa7cac50005ad9,206,attachment; filename=feed_nagai-unyu_Nagaibus_20240704_20240704162401.zip,2026-09-29T01:57:07.346883+00:00,
nagai-unyu,Nagaibus,prev_11,https://api.gtfs-data.jp/v2/organizations/nagai-unyu/feeds/Nagaibus/files/feed.zip?rid=prev_11,data/raw/gtfs/history/nagai-unyu__Nagaibus__prev_11.zip,7e521d3be0319bbd24f000ecde2b5eebb0d8b77f55dd2b724a0d185265d99e75,206,attachment; filename=feed_nagai-unyu_Nagaibus_20240401_20240330140541.zip,2026-09-29T01:57:07.090889+00:00,
nagai-unyu,Nagaibus,prev_12,https://api.gtfs-data.jp/v2/organizations/nagai-unyu/feeds/Nagaibus/files/feed.zip?rid=prev_12,data/raw/gtfs/history/nagai-unyu__Nagaibus__prev_12.zip,95e7a44f46deed509622388aa8751e5ada51806cf47ac80bba0fbf07acfb6249,206,attachment; filename=feed_nagai-unyu_Nagaibus_20240212_20240213092413.zip,2026-09-29T01:57:07.074348+00:00,
chitetsu,chitetsubus,prev_2,https://api.gtfs-data.jp/v2/organizations/chitetsu/feeds/chitetsubus/files/feed.zip?rid=prev_2,data/raw/gtfs/history/chitetsu__chitetsubus__prev_2.zip,83b4f28d67c6e90fb9260706a44b528c1d9dc1e412a7b7bfed8a72c903cb485b,206,attachment; filename=feed_chitetsu_chitetsubus_20251016_20251021114738.zip,2026-09-29T01:57:07.218873+00:00,
chitetsu,chitetsubus,prev_3,https://api.gtfs-data.jp/v2/organizations/chitetsu/feeds/chitetsubus/files/feed.zip?rid=prev_3,data/raw/gtfs/history/chitetsu__chitetsubus__prev_3.zip,0ddae3d80c6f02c0b805cd43198c9532aabcaf924895a8fe741ef46aad2ca1d1,206,attachment; filename=feed_chitetsu_chitetsubus_20251007_20251009184738.zip,2026-09-29T01:57:25.814083+00:00,
chitetsu,chitetsubus,prev_4,https://api.gtfs-data.jp/v2/organizations/chitetsu/feeds/chitetsubus/files/feed.zip?rid=prev_4,data/raw/gtfs/history/chitetsu__chitetsubus__prev_4.zip,1e4651d7af969b7d7e2075bbd2b3e5223ff5a722958240a1179831af3174fb6c,206,attachment; filename=feed_chitetsu_chitetsubus_20251001_20250926164620.zip,2026-09-29T01:57:25.802201+00:00,
chitetsu,chitetsubus,prev_5,https://api.gtfs-data.jp/v2/organizations/chitetsu/feeds/chitetsubus/files/feed.zip?rid=prev_5,data/raw/gtfs/history/chitetsu__chitetsubus__prev_5.zip,0b2edcd59d8267fe045c4964553fd0d19730663c0d4dcd9750281584d8d161df,206,attachment; filename=feed_chitetsu_chitetsubus_20250702_20250704131846.zip,2026-09-29T01:57:26.000068+00:00,
chitetsu,chitetsubus,prev_6,https://api.gtfs-data.jp/v2/organizations/chitetsu/feeds/chitetsubus/files/feed.zip?rid=prev_6,data/raw/gtfs/history/chitetsu__chitetsubus__prev_6.zip,ff50d4ced3f5490eaeff24b257802be41b3ee132f63de7202952289c9f07c126,206,attachment; filename=feed_chitetsu_chitetsubus_20250516_20250605150045.zip,2026-09-29T01:57:25.680016+00:00,
chitetsu,chitetsubus,prev_7,https://api.gtfs-data.jp/v2/organizations/chitetsu/feeds/chitetsubus/files/feed.zip?rid=prev_7,data/raw/gtfs/history/chitetsu__chitetsubus__prev_7.zip,9ca6de48a53619aafb65375f605efb13040beeb450d62c2256d9d4dff7a8b5a3,206,attachment; filename=feed_chitetsu_chitetsubus_20250402_20250408155403.zip,2026-09-29T01:57:25.796113+00:00,
chitetsu,chitetsubus,prev_8,https://api.gtfs-data.jp/v2/organizations/chitetsu/feeds/chitetsubus/files/feed.zip?rid=prev_8,data/raw/gtfs/history/chitetsu__chitetsubus__prev_8.zip,996df95f28e5a28fb3affdeeb9ed1cc61173c5b6b51c2f3455955748bdfb621f,206,attachment; filename=feed_chitetsu_chitetsubus_20250401_20250321101900.zip,2026-09-29T01:57:25.971696+00:00,
chitetsu,chitetsubus,prev_9,https://api.gtfs-data.jp/v2/organizations/chitetsu/feeds/chitetsubus/files/feed.zip?rid=prev_9,data/raw/gtfs/history/chitetsu__chitetsubus__prev_9.zip,e9fac885503ed853394a2fbedd8779a0c8bceaa2a94731ef42f40c655cfceede,206,attachment; filename=feed_chitetsu_chitetsubus_20250314_20250321100909.zip,2026-09-29T01:57:25.820152+00:00,
chitetsu,chitetsubus,prev_10,https://api.gtfs-data.jp/v2/organizations/chitetsu/feeds/chitetsubus/files/feed.zip?rid=prev_10,data/raw/gtfs/history/chitetsu__chitetsubus__prev_10.zip,deac5d27eb53e3ad33b8dda95f4cef4ebf5bf30ef9e2c5998dc0b968856f2cfe,206,attachment; filename=feed_chitetsu_chitetsubus_20241027_20241011172735.zip,2026-09-29T01:57:25.665423+00:00,
chitetsu,chitetsubus,prev_11,https://api.gtfs-data.jp/v2/organizations/chitetsu/feeds/chitetsubus/files/feed.zip?rid=prev_11,data/raw/gtfs/history/chitetsu__chitetsubus__prev_11.zip,b6e5ca53837d93a249f2c14a03263d8439e8944d9cdeb3f4e4fa669f2463ff61,206,attachment; filename=feed_chitetsu_chitetsubus_20241001_20241007095415.zip,2026-09-29T01:57:44.748095+00:00,
chitetsu,chitetsubus,prev_12,https://api.gtfs-data.jp/v2/organizations/chitetsu/feeds/chitetsubus/files/feed.zip?rid=prev_12,data/raw/gtfs/history/chitetsu__chitetsubus__prev_12.zip,7a621923c4968f98c6ec8be3027cab67f718b6ad51af501582c1134c54844711,206,attachment; filename=feed_chitetsu_chitetsubus_20240716_20240708112426.zip,2026-09-29T01:57:44.779485+00:00,
agematsutown,agematu,prev_2,https://api.gtfs-data.jp/v2/organizations/agematsutown/feeds/agematu/files/feed.zip?rid=prev_2,data/raw/gtfs/history/agematsutown__agematu__prev_2.zip,af5ac7fec0368a93e4c20a2406996af0d658ee3c6ea3e8e2f591c02ffe5b72ad,206,attachment; filename=feed_agematsutown_agematu_20250321_20250922131834.zip,2026-09-29T01:57:44.694848+00:00,
agematsutown,agematu,prev_3,https://api.gtfs-data.jp/v2/organizations/agematsutown/feeds/agematu/files/feed.zip?rid=prev_3,data/raw/gtfs/history/agematsutown__agematu__prev_3.zip,70270323b658d67fe304c656597c8aeab73e06411ad2767ab95b99d7d4758810,206,attachment; filename=feed_agematsutown_agematu_20241011_20241114112007.zip,2026-09-29T01:57:44.747466+00:00,
aokivillage,aokisoneibus,prev_2,https://api.gtfs-data.jp/v2/organizations/aokivillage/feeds/aokisoneibus/files/feed.zip?rid=prev_2,data/raw/gtfs/history/aokivillage__aokisoneibus__prev_2.zip,6c4e37f152004019b1f79c6a1e9d52bc3de0ef59af4dd4348725df0ea7d3cb77,206,attachment; filename=feed_aokivillage_aokisoneibus_20250425_20250428162441.zip,2026-09-29T01:57:44.700951+00:00,
aokivillage,aokisoneibus,prev_3,https://api.gtfs-data.jp/v2/organizations/aokivillage/feeds/aokisoneibus/files/feed.zip?rid=prev_3,data/raw/gtfs/history/aokivillage__aokisoneibus__prev_3.zip,4751fcd253018dded4f7ff380c7656edcae64c2b67513a48881933e803f6d4e5,206,attachment; filename=feed_aokivillage_aokisoneibus_20230724_20230809131925.zip,2026-09-29T01:57:44.449849+00:00,
aokivillage,aokisoneibus,prev_4,https://api.gtfs-data.jp/v2/organizations/aokivillage/feeds/aokisoneibus/files/feed.zip?rid=prev_4,data/raw/gtfs/history/aokivillage__aokisoneibus__prev_4.zip,e5e713abfcc8f06f426a32b7e8991d726c7865c4683aa7929918e2b4f9fc0e29,206,attachment; filename=feed_aokivillage_aokisoneibus_20230602_20230608085011.zip,2026-09-29T01:57:44.591953+00:00,
komatsucity,kibagatasen,prev_2,https://api.gtfs-data.jp/v2/organizations/komatsucity/feeds/kibagatasen/files/feed.zip?rid=prev_2,data/raw/gtfs/history/komatsucity__kibagatasen__prev_2.zip,bd8fb66800833d83362a96e6cb394f241be9ca1c0b762505ca97130aa9c35fe0,206,attachment; filename=feed_komatsucity_kibagatasen_20231001_20231023094314.zip,2026-09-29T01:57:44.573122+00:00,
kisokoikirengo,kiso-bus,prev_3,https://api.gtfs-data.jp/v2/organizations/kisokoikirengo/feeds/kiso-bus/files/feed.zip?rid=prev_3,data/raw/gtfs/history/kisokoikirengo__kiso-bus__prev_3.zip,b6a2be5ced2592eff363131a081a9683737273ce15795ea7bff5b0365acff300,206,attachment; filename=feed_kisokoikirengo_kiso-bus_20251007_20251008100724.zip,2026-09-29T01:58:07.306601+00:00,
kisokoikirengo,kiso-bus,prev_4,https://api.gtfs-data.jp/v2/organizations/kisokoikirengo/feeds/kiso-bus/files/feed.zip?rid=prev_4,data/raw/gtfs/history/kisokoikirengo__kiso-bus__prev_4.zip,f9be6d133e059d63d0b3238bb4d1a50ff8b6f7ac6090a10118fecbc70fb54bda,206,attachment; filename=feed_kisokoikirengo_kiso-bus_20251001_20250918144208.zip,2026-09-29T01:58:07.303407+00:00,
kisotown,kisotown,prev_2,https://api.gtfs-data.jp/v2/organizations/kisotown/feeds/kisotown/files/feed.zip?rid=prev_2,data/raw/gtfs/history/kisotown__kisotown__prev_2.zip,a15a4b3ae13556536896c45dbbaeb3e58550df09f83f9222775593696ea2afd8,206,attachment; filename=feed_kisotown_kisotown_20251008_20251008163154.zip,2026-09-29T01:58:07.284842+00:00,
kisotown,kisotown,prev_3,https://api.gtfs-data.jp/v2/organizations/kisotown/feeds/kisotown/files/feed.zip?rid=prev_3,data/raw/gtfs/history/kisotown__kisotown__prev_3.zip,0e0d74f8b5298bf79fab3dba40d595c7350f2a380297f33e29257384e5e6dc7a,206,attachment; filename=feed_kisotown_kisotown_20251001_20250922132930.zip,2026-09-29T01:58:07.254716+00:00,
kisotown,kisotown,prev_4,https://api.gtfs-data.jp/v2/organizations/kisotown/feeds/kisotown/files/feed.zip?rid=prev_4,data/raw/gtfs/history/kisotown__kisotown__prev_4.zip,ff5de800103324f4cd316817604223befefd2bd7add901af38353b8745c349e9,206,attachment; filename=feed_kisotown_kisotown_20250428_20250922131307.zip,2026-09-29T01:58:07.163807+00:00,
kisotown,kisotown,prev_5,https://api.gtfs-data.jp/v2/organizations/kisotown/feeds/kisotown/files/feed.zip?rid=prev_5,data/raw/gtfs/history/kisotown__kisotown__prev_5.zip,df80d060126eb0ec5b2c3d46dd40a35311b875e09c6729e1d78b26b9c03ee591,206,attachment; filename=feed_kisotown_kisotown_20241030_20241114110842.zip,2026-09-29T01:58:07.305529+00:00,
chikuma-bus,rosenbus,prev_2,https://api.gtfs-data.jp/v2/organizations/chikuma-bus/feeds/rosenbus/files/feed.zip?rid=prev_2,data/raw/gtfs/history/chikuma-bus__rosenbus__prev_2.zip,8aeef92cd3af2c6b9cbcbeabbfc5d80b066cd463f45ade52816fd9df24663a6f,206,attachment; filename=feed_chikuma-bus_rosenbus_20251001_20250728162837.zip,2026-09-29T01:58:07.318104+00:00,
chikuma-bus,rosenbus,prev_3,https://api.gtfs-data.jp/v2/organizations/chikuma-bus/feeds/rosenbus/files/feed.zip?rid=prev_3,data/raw/gtfs/history/chikuma-bus__rosenbus__prev_3.zip,81a9c6a05c2f99295e146d314059cdd4b986b360e2d9e08a66120665cba77707,206,attachment; filename=feed_chikuma-bus_rosenbus_20250726_20250717155948.zip,2026-09-29T01:58:07.341481+00:00,
chikuma-bus,rosenbus,prev_4,https://api.gtfs-data.jp/v2/organizations/chikuma-bus/feeds/rosenbus/files/feed.zip?rid=prev_4,data/raw/gtfs/history/chikuma-bus__rosenbus__prev_4.zip,19a59abb7158e69d15941f2d1f7a88c7947ceeb333e8f56505bb3fa777a6b977,206,attachment; filename=feed_chikuma-bus_rosenbus_20250401_20250213165527.zip,2026-09-29T01:58:27.531673+00:00,
chikuma-bus,rosenbus,prev_5,https://api.gtfs-data.jp/v2/organizations/chikuma-bus/feeds/rosenbus/files/feed.zip?rid=prev_5,data/raw/gtfs/history/chikuma-bus__rosenbus__prev_5.zip,a1f0ab2e090f6d40e4ccb7350499aecd6ebca8d7626fa241c37375fbc0488f58,206,attachment; filename=feed_chikuma-bus_rosenbus_20240928_20250213155859.zip,2026-09-29T01:58:27.847909+00:00,
chikuma-bus,rosenbus,prev_6,https://api.gtfs-data.jp/v2/organizations/chikuma-bus/feeds/rosenbus/files/feed.zip?rid=prev_6,data/raw/gtfs/history/chikuma-bus__rosenbus__prev_6.zip,2d7c7314f6ce3864b0bc3c7a532220bf36c1ed272fc4e6e5f5b6a8f00e5ff46c,206,attachment; filename=feed_chikuma-bus_rosenbus_20240401_20240402100239.zip,2026-09-29T01:58:27.826058+00:00,
chikuma-bus,rosenbus,prev_7,https://api.gtfs-data.jp/v2/organizations/chikuma-bus/feeds/rosenbus/files/feed.zip?rid=prev_7,data/raw/gtfs/history/chikuma-bus__rosenbus__prev_7.zip,b2696277e3a322c269b0e228623b62364d8a25b1b9529616d637f6dc52264177,206,attachment; filename=feed_chikuma-bus_rosenbus_20230529_20230529151004.zip,2026-09-29T01:58:27.772387+00:00,
